token	thai	junction	n_hyphens	hits	solid_hits	spaced_hits	n_volumes	volumes
Ka-Sī	ก-สี	V-C	1	152	151	1	29	04Vin04,05Vin05,06Di01,07Di02,08Di03,09Ma01,10Ma02,11Ma03,12Sam01,13Sam02,14Sam03,15An01,16An02,17An03,18Khu01,19Khu02,20Khu03,21Khu04,22Khu05,23Khu06,24Khu07,25Khu08,26Khu09,27khu10,28Khu11,29Abhi01,30Abhi02,31Abhi03,32Abhi04
sammā-ājīvo	สมฺมา-อาชีโว	V-V	1	141	138	3	19	03Vin03,06Di01,07Di02,08Di03,09Ma01,11Ma03,12Sam01,13Sam02,14Sam03,15An01,16An02,17An03,24Khu07,25Khu08,26Khu09,27khu10,29Abhi01,30Abhi02,32Abhi04
sa-uddesaṃ	ส-อุทฺเทสํ	V-V	1	96	93	3	19	01Vin01,05Vin05,06Di01,08Di03,09Ma01,10Ma02,11Ma03,12Sam01,14Sam03,15An01,16An02,17An03,18Khu01,25Khu08,26Khu09,27khu10,28Khu11,30Abhi02,31Abhi03
sa-uttaraṃ	ส-อุตฺตรํ	V-V	1	64	62	2	16	06Di01,07Di02,09Ma01,10Ma02,11Ma03,12Sam01,14Sam03,15An01,16An02,17An03,26Khu09,30Abhi02,32Abhi04,34Abhi06,39Abhi11,40Abhi12
Sī-Ṭṭha	สี-ฏฺฐ	V-C	1	80	80	0	14	08Di03,10Ma02,11Ma03,12Sam01,13Sam02,15An01,16An02,17An03,18Khu01,19Khu02,20Khu03,22Khu05,25Khu08,26Khu09
sammā-ājīvena	สมฺมา-อาชีเวน	V-V	1	16	16	0	12	07Di02,08Di03,09Ma01,10Ma02,11Ma03,14Sam03,15An01,17An03,24Khu07,27khu10,30Abhi02,32Abhi04
avitakka-avicāro	อวิตกฺก-อวิจาโร	V-V	1	354	353	1	10	08Di03,13Sam02,14Sam03,26Khu09,27khu10,28Khu11,30Abhi02,37Abhi09,39Abhi11,40Abhi12
micchā-ājīvo	มิจฺฉา-อาชีโว	V-V	1	43	43	0	10	08Di03,11Ma03,14Sam03,15An01,16An02,17An03,24Khu07,26Khu09,27khu10,30Abhi02
vayo-anuppatto	วโย-อนุปฺปตฺโต	V-V	1	36	34	2	10	04Vin04,06Di01,07Di02,08Di03,09Ma01,10Ma02,13Sam02,14Sam03,24Khu07,25Khu08
Syā-Ṭṭha	สฺยา-ฏฺฐ	V-C	1	20	20	0	10	09Ma01,12Sam01,13Sam02,16An02,17An03,18Khu01,19Khu02,20Khu03,21Khu04,23Khu06
micchā-ājīvaṃ	มิจฺฉา-อาชีวํ	V-V	1	15	14	1	10	07Di02,09Ma01,11Ma03,14Sam03,17An03,24Khu07,26Khu09,28Khu11,30Abhi02,32Abhi04
yathā-akusalaṃ	ยถา-อกุสลํ	V-V	1	28	25	3	9	02Vin02,04Vin04,06Di01,08Di03,10Ma02,11Ma03,12Sam01,15An01,17An03
sammā-ājīvassa	สมฺมา-อาชีวสฺส	V-V	1	27	27	0	9	07Di02,08Di03,09Ma01,11Ma03,14Sam03,17An03,25Khu08,26Khu09,27khu10
sammā-ājīvaṃ	สมฺมา-อาชีวํ	V-V	1	18	17	1	9	10Ma02,11Ma03,12Sam01,13Sam02,14Sam03,15An01,26Khu09,27khu10,32Abhi04
micchā-ājīvā	มิจฺฉา-อาชีวา	V-V	1	16	16	0	8	07Di02,09Ma01,11Ma03,12Sam01,17An03,26Khu09,29Abhi01,30Abhi02
avitakka-avicāraṃ	อวิตกฺก-อวิจารํ	V-V	1	182	177	5	7	27khu10,29Abhi01,30Abhi02,34Abhi06,37Abhi09,39Abhi11,40Abhi12
paññā-obhāso	ปญฺญา-โอภาโส	V-V	1	30	29	1	7	24Khu07,25Khu08,26Khu09,27khu10,29Abhi01,30Abhi02,31Abhi03
Anidassana-appaṭighaṃ	อนิทสฺสน-อปฺปฏิฆํ	V-V	1	297	296	1	6	08Di03,29Abhi01,30Abhi02,37Abhi09,39Abhi11,40Abhi12
sa-upādiseso	ส-อุปาทิเสโส	V-V	1	29	28	1	6	11Ma03,16An02,17An03,18Khu01,19Khu02,27khu10
paññā-āloko	ปญฺญา-อาโลโก	V-V	1	28	28	0	6	24Khu07,25Khu08,26Khu09,29Abhi01,30Abhi02,31Abhi03
mahā-isi	มหา-อิสิ	V-V	1	19	19	0	6	18Khu01,19Khu02,20Khu03,21Khu04,23Khu06,25Khu08
sa-upāyāsaṃ	ส-อุปายาสํ	V-V	1	16	15	1	6	10Ma02,12Sam01,15An01,16An02,18Khu01,24Khu07
Chedanavadhabandhanaviparāmosa-ālopasahasākārā	เฉทนวธพนฺธนวิปราโมส-อาโลปสหสาการา	V-V	1	10	10	0	6	06Di01,10Ma02,11Ma03,14Sam03,15An01,31Abhi03
na-ehibhaddantiko	น-เอหิภทฺทนฺติโก	V-V	1	8	6	2	6	06Di01,08Di03,09Ma01,10Ma02,15An01,31Abhi03
na-ārammaṇe	น-อารมฺมเณ	V-V	1	1048	1048	0	5	36Abhi08,37Abhi09,38Abhi10,39Abhi11,40Abhi12
na-adhipatiyā	น-อธิปติยา	V-V	1	952	952	0	5	36Abhi08,37Abhi09,38Abhi10,39Abhi11,40Abhi12
na-upanissaye	น-อุปนิสฺสเย	V-V	1	576	576	0	5	36Abhi08,37Abhi09,38Abhi10,39Abhi11,40Abhi12
na-anantare	น-อนนฺตเร	V-V	1	556	556	0	5	36Abhi08,37Abhi09,38Abhi10,39Abhi11,40Abhi12
na-adhipatipaccayā	น-อธิปติปจฺจยา	V-V	1	396	396	0	5	36Abhi08,37Abhi09,38Abhi10,39Abhi11,40Abhi12
na-ārammaṇapaccayā	น-อารมฺมณปจฺจยา	V-V	1	393	393	0	5	36Abhi08,37Abhi09,38Abhi10,39Abhi11,40Abhi12
no-avigate	โน-อวิคเต	V-V	1	163	163	0	5	36Abhi08,37Abhi09,38Abhi10,39Abhi11,40Abhi12
avitakka-avicārā	อวิตกฺก-อวิจารา	V-V	1	92	91	1	5	14Sam03,29Abhi01,30Abhi02,31Abhi03,37Abhi09
Na-ārammaṇa	น-อารมฺมณ	V-V	1	52	52	0	5	36Abhi08,37Abhi09,38Abhi10,39Abhi11,40Abhi12
sa-indā	ส-อินฺทา	V-V	1	11	11	0	5	07Di02,09Ma01,13Sam02,17An03,23Khu06
sa-upaniso	ส-อุปนิโส	V-V	1	10	10	0	5	07Di02,11Ma03,14Sam03,15An01,16An02
sammā-ājīvā	สมฺมา-อาชีวา	V-V	1	7	7	0	5	07Di02,09Ma01,11Ma03,12Sam01,17An03
Sī-I-potthakesu	สี-อิ-โปตฺถเกสุ	V-V	2	7	7	0	5	11Ma03,16An02,18Khu01,23Khu06,28Khu11
na-āsevane	น-อาเสวเน	V-V	1	781	781	0	4	36Abhi08,37Abhi09,38Abhi10,39Abhi11
na-aññamaññe	น-อญฺญมญฺเญ	V-V	1	480	480	0	4	36Abhi08,37Abhi09,38Abhi10,39Abhi11
na-āhāre	น-อาหาเร	V-V	1	444	444	0	4	36Abhi08,37Abhi09,38Abhi10,39Abhi11
na-indriye	น-อินฺทฺริเย	V-V	1	409	409	0	4	36Abhi08,37Abhi09,38Abhi10,39Abhi11
anidassana-appaṭigho	อนิทสฺสน-อปฺปฏิโฆ	V-V	1	262	262	0	4	30Abhi02,37Abhi09,39Abhi11,40Abhi12
anupādinna-anupādāniyo	อนุปาทินฺน-อนุปาทานิโย	V-V	1	155	153	2	4	30Abhi02,36Abhi08,39Abhi11,40Abhi12
na-āsevanapaccayā	น-อาเสวนปจฺจยา	V-V	1	145	145	0	4	36Abhi08,37Abhi09,38Abhi10,39Abhi11
no-atthiyā	โน-อตฺถิยา	V-V	1	107	107	0	4	36Abhi08,37Abhi09,38Abhi10,39Abhi11
na-anantarapaccayā	น-อนนฺตรปจฺจยา	V-V	1	97	97	0	4	36Abhi08,37Abhi09,38Abhi10,39Abhi11
na-aññamaññapaccayā	น-อญฺญมญฺญปจฺจยา	V-V	1	79	79	0	4	36Abhi08,37Abhi09,38Abhi10,39Abhi11
asaṃkiliṭṭha-asaṃkilesiko	อสํกิลิฏฺฐ-อสํกิเลสิโก	V-V	1	76	73	3	4	30Abhi02,36Abhi08,39Abhi11,40Abhi12
Na-adhipati	น-อธิปติ	V-V	1	68	68	0	4	36Abhi08,37Abhi09,38Abhi10,39Abhi11
Na-upanissayapaccayā	น-อุปนิสฺสยปจฺจยา	V-V	1	68	68	0	4	36Abhi08,37Abhi09,38Abhi10,39Abhi11
na-āhārapaccayā	น-อาหารปจฺจยา	V-V	1	67	67	0	4	36Abhi08,37Abhi09,38Abhi10,39Abhi11
na-indriyapaccayā	น-อินฺทฺริยปจฺจยา	V-V	1	62	62	0	4	36Abhi08,37Abhi09,38Abhi10,39Abhi11
anidassana-appaṭighā	อนิทสฺสน-อปฺปฏิฆา	V-V	1	53	52	1	4	29Abhi01,30Abhi02,31Abhi03,37Abhi09
asaṃkiliṭṭha-asaṃkilesikā	อสํกิลิฏฺฐ-อสํกิเลสิกา	V-V	1	40	31	9	4	29Abhi01,30Abhi02,31Abhi03,36Abhi08
akaṇha-asukkavipākaṃ	อกณฺห-อสุกฺกวิปากํ	V-V	1	28	27	1	4	08Di03,10Ma02,15An01,27khu10
Na-adhipatyādi	น-อธิปตฺยาทิ	V-V	1	23	23	0	4	36Abhi08,37Abhi09,38Abhi10,39Abhi11
mahā-aggikkhandho	มหา-อคฺคิกฺขนฺโธ	V-V	1	21	19	2	4	03Vin03,10Ma02,12Sam01,28Khu11
velā-anatikkamo	เวลา-อนติกฺกโม	V-V	1	21	20	1	4	05Vin05,25Khu08,29Abhi01,30Abhi02
Atthi-ādi	อตฺถิ-อาทิ	V-V	1	20	20	0	4	36Abhi08,37Abhi09,38Abhi10,39Abhi11
Ka-Ṭṭha	ก-ฏฺฐ	V-C	1	16	16	0	4	18Khu01,19Khu02,20Khu03,22Khu05
micchā-ājīvassa	มิจฺฉา-อาชีวสฺส	V-V	1	11	11	0	4	09Ma01,11Ma03,17An03,26Khu09
sa-upāyāsanti	ส-อุปายาสนฺติ	V-V	1	10	9	1	4	12Sam01,24Khu07,27khu10,32Abhi04
sa-uttaracchadaṃ	ส-อุตฺตรจฺฉทํ	V-V	1	10	9	1	4	03Vin03,04Vin04,06Di01,15An01
I-Ṭṭha	อิ-ฏฺฐ	V-C	1	5	5	0	4	18Khu01,19Khu02,20Khu03,22Khu05
sa-uttaracchado	ส-อุตฺตรจฺฉโท	V-V	1	4	4	0	4	09Ma01,15An01,16An02,17An03
no-upādā	โน-อุปาทา	V-V	1	371	371	0	3	38Abhi10,39Abhi11,40Abhi12
Paccanīka-okāsa	ปจฺจนีก-โอกาส	V-V	1	83	83	0	3	33Abhi05,34Abhi06,35Abhi07
anupādinna-anupādāniyā	อนุปาทินฺน-อนุปาทานิยา	V-V	1	82	76	6	3	30Abhi02,31Abhi03,36Abhi08
avitakka-avicārañca	อวิตกฺก-อวิจารญฺจ	V-V	1	82	82	0	3	37Abhi09,39Abhi11,40Abhi12
anidassana-appaṭighassa	อนิทสฺสน-อปฺปฏิฆสฺส	V-V	1	79	79	0	3	37Abhi09,39Abhi11,40Abhi12
no-upādāno	โน-อุปาทาโน	V-V	1	78	78	0	3	38Abhi10,39Abhi11,40Abhi12
Anupādinna-anupādāniyaṃ	อนุปาทินฺน-อนุปาทานิยํ	V-V	1	64	64	0	3	36Abhi08,39Abhi11,40Abhi12
anidassana-appaṭighañca	อนิทสฺสน-อปฺปฏิฆญฺจ	V-V	1	57	57	0	3	37Abhi09,39Abhi11,40Abhi12
No-upādānaṃ	โน-อุปาทานํ	V-V	1	35	35	0	3	38Abhi10,39Abhi11,40Abhi12
Asaṃkiliṭṭha-asaṃkilesikaṃ	อสํกิลิฏฺฐ-อสํกิเลสิกํ	V-V	1	31	31	0	3	36Abhi08,39Abhi11,40Abhi12
sa-uttaro	ส-อุตฺตโร	V-V	1	31	31	0	3	30Abhi02,39Abhi11,40Abhi12
anupādinna-anupādāniyañca	อนุปาทินฺน-อนุปาทานิยญฺจ	V-V	1	23	23	0	3	36Abhi08,39Abhi11,40Abhi12
sa-uttarā	ส-อุตฺตรา	V-V	1	21	18	3	3	29Abhi01,30Abhi02,31Abhi03
sa-upanisaṃ	ส-อุปนิสํ	V-V	1	18	16	2	3	11Ma03,12Sam01,14Sam03
Paṇṇattivāra-uddesa	ปณฺณตฺติวาร-อุทฺเทส	V-V	1	17	17	0	3	33Abhi05,34Abhi06,35Abhi07
sa-upāyāso	ส-อุปายาโส	V-V	1	17	16	1	3	11Ma03,13Sam02,32Abhi04
sati-āyatane	สติ-อายตเน	V-V	1	16	13	3	3	10Ma02,11Ma03,15An01
Na-ārammaṇādi	น-อารมฺมณาทิ	V-V	1	14	14	0	3	37Abhi09,38Abhi10,39Abhi11
Āsava-āsavasampayuttaduka	อาสว-อาสวสมฺปยุตฺตทุก	V-V	1	13	13	0	3	38Abhi10,39Abhi11,40Abhi12
sa-upādāno	ส-อุปาทาโน	V-V	1	12	11	1	3	11Ma03,13Sam02,28Khu11
antarā-amitto	อนฺตรา-อมิตฺโต	V-V	1	11	10	1	3	18Khu01,24Khu07,25Khu08
na-āsevana	น-อาเสวน	V-V	1	11	11	0	3	36Abhi08,37Abhi09,39Abhi11
sa-upādisesā	ส-อุปาทิเสสา	V-V	1	11	11	0	3	17An03,18Khu01,27khu10
vayo-anuppattā	วโย-อนุปฺปตฺตา	V-V	1	10	9	1	3	12Sam01,15An01,18Khu01
antarā-amittā	อนฺตรา-อมิตฺตา	V-V	1	9	9	0	3	18Khu01,24Khu07,25Khu08
sa-ūmiṃ	ส-อูมิํ	V-V	1	9	9	0	3	13Sam02,18Khu01,27khu10
bahu-annapānaṃ	พหุ-อนฺนปานํ	V-V	1	8	8	0	3	19Khu02,22Khu05,23Khu06
Ekato-upasampannāya	เอกโต-อุปสมฺปนฺนาย	V-V	1	8	8	0	3	01Vin01,02Vin02,04Vin04
Na-indriya	น-อินฺทฺริย	V-V	1	8	8	0	3	36Abhi08,37Abhi09,38Abhi10
Na-āhāra	น-อาหาร	V-V	1	8	8	0	3	36Abhi08,37Abhi09,38Abhi10
Na-āhārādi	น-อาหาราทิ	V-V	1	8	8	0	3	36Abhi08,37Abhi09,38Abhi10
vayo-anuppatte	วโย-อนุปฺปตฺเต	V-V	1	8	8	0	3	01Vin01,15An01,17An03
Paṇṇatti-uddesavāro	ปณฺณตฺติ-อุทฺเทสวาโร	V-V	1	7	7	0	3	33Abhi05,34Abhi06,35Abhi07
micchā-ājīvena	มิจฺฉา-อาชีเวน	V-V	1	6	6	0	3	14Sam03,15An01,30Abhi02
sa-uttaracchadāni	ส-อุตฺตรจฺฉทานิ	V-V	1	6	3	3	3	07Di02,13Sam02,17An03
ati-uṇhaṃ	อติ-อุณฺหํ	V-V	1	5	5	0	3	08Di03,19Khu02,25Khu08
Dutiya-ānandasutta	ทุติย-อานนฺทสุตฺต	V-V	1	5	5	0	3	13Sam02,14Sam03,17An03
mahā-udakakkhandhotveva	มหา-อุทกกฺขนฺโธเตฺวว	V-V	1	5	5	0	3	14Sam03,15An01,16An02
sa-indakā	ส-อินฺทกา	V-V	1	5	5	0	3	07Di02,22Khu05,23Khu06
khandhadhātu-āyatanā	ขนฺธธาตุ-อายตนา	V-V	1	4	4	0	3	13Sam02,26Khu09,30Abhi02
Paṭhama-ānandasutta	ปฐม-อานนฺทสุตฺต	V-V	1	4	4	0	3	13Sam02,14Sam03,17An03
sa-udrayā	ส-อุทฺรยา	V-V	1	4	3	1	3	09Ma01,12Sam01,16An02
Āsava-āsavasampayuttadukaṃ	อาสว-อาสวสมฺปยุตฺตทุกํ	V-V	1	4	4	0	3	38Abhi10,39Abhi11,40Abhi12
pāpa-ācāragocare	ปาป-อาจารโคจเร	V-V	1	3	3	0	3	17An03,18Khu01,28Khu11
Sī-Syā-I-potthakesu	สี-สฺยา-อิ-โปตฺถเกสุ	V-C	3	3	3	0	3	09Ma01,15An01,23Khu06
uddhaṃsoto-akaniṭṭhagāmī	อุทฺธํโสโต-อกนิฏฺฐคามี	V-V	1	3	3	0	3	08Di03,31Abhi03,32Abhi04
Paccayacatukka-hetu	ปจฺจยจตุกฺก-เหตุ	V-C	1	231	231	0	2	39Abhi11,40Abhi12
avitakka-avicārassa	อวิตกฺก-อวิจารสฺส	V-V	1	193	193	0	2	37Abhi09,39Abhi11
no-āsavo	โน-อาสโว	V-V	1	119	119	0	2	38Abhi10,40Abhi12
Anuloma-okāsa	อนุโลม-โอกาส	V-V	1	69	69	0	2	33Abhi05,35Abhi07
No-āsavaṃ	โน-อาสวํ	V-V	1	61	61	0	2	38Abhi10,40Abhi12
na-arūpāvacaro	น-อรูปาวจโร	V-V	1	59	59	0	2	39Abhi11,40Abhi12
anupādinna-anupādāniyassa	อนุปาทินฺน-อนุปาทานิยสฺส	V-V	1	53	53	0	2	36Abhi08,39Abhi11
Na-arūpāvacaraṃ	น-อรูปาวจรํ	V-V	1	50	50	0	2	39Abhi11,40Abhi12
Na-upekkhāsahagataṃ	น-อุเปกฺขาสหคตํ	V-V	1	49	48	1	2	39Abhi11,40Abhi12
na-upekkhāsahagato	น-อุเปกฺขาสหคโต	V-V	1	48	48	0	2	39Abhi11,40Abhi12
asaṃkiliṭṭha-asaṃkilesikassa	อสํกิลิฏฺฐ-อสํกิเลสิกสฺส	V-V	1	37	37	0	2	36Abhi08,39Abhi11
Paṭiccavāra-hetu	ปฏิจฺจวาร-เหตุ	V-C	1	29	29	0	2	39Abhi11,40Abhi12
Paccanīya-nahetu	ปจฺจนีย-นเหตุ	V-C	1	22	22	0	2	39Abhi11,40Abhi12
akaṇha-asukkaṃ	อกณฺห-อสุกฺกํ	V-V	1	20	20	0	2	08Di03,15An01
Hetu-ārammaṇa	เหตุ-อารมฺมณ	V-V	1	20	20	0	2	39Abhi11,40Abhi12
no-āsavañca	โน-อาสวญฺจ	V-V	1	17	17	0	2	38Abhi10,40Abhi12
Avitakka-avicāre	อวิตกฺก-อวิจาเร	V-V	1	16	16	0	2	27khu10,37Abhi09
Na-anantarādi	น-อนนฺตราทิ	V-V	1	14	14	0	2	36Abhi08,37Abhi09
bahujana-ahitāya	พหุชน-อหิตาย	V-V	1	13	13	0	2	15An01,16An02
Na-ārammaṇapaccayasadisaṃ	น-อารมฺมณปจฺจยสทิสํ	V-V	1	13	13	0	2	36Abhi08,37Abhi09
bahujana-asukhāya	พหุชน-อสุขาย	V-V	1	11	11	0	2	15An01,16An02
Pañhāvāra-hetu	ปญฺหาวาร-เหตุ	V-C	1	11	11	0	2	39Abhi11,40Abhi12
Sa-uttaraduka	ส-อุตฺตรทุก	V-V	1	11	11	0	2	39Abhi11,40Abhi12
saṃbhejja-udakaṃ	สํเภชฺช-อุทกํ	V-V	1	11	10	1	2	12Sam01,14Sam03
Na-adhipatiduka	น-อธิปติทุก	V-V	1	10	10	0	2	36Abhi08,38Abhi10
avitakka-avicārabhūmiyaṃ	อวิตกฺก-อวิจารภูมิยํ	V-V	1	9	5	4	2	29Abhi01,34Abhi06
sa-upāhanā	ส-อุปาหนา	V-V	1	9	9	0	2	03Vin03,04Vin04
indriya-asaṃvaro	อินฺทฺริย-อสํวโร	V-V	1	8	8	0	2	17An03,27khu10
na-arūpāvacarañca	น-อรูปาวจรญฺจ	V-V	1	8	8	0	2	39Abhi11,40Abhi12
na-upekkhāsahagatañca	น-อุเปกฺขาสหคตญฺจ	V-V	1	8	8	0	2	39Abhi11,40Abhi12
punappuna-upapattiyā	ปุนปฺปุน-อุปปตฺติยา	V-V	1	8	7	1	2	24Khu07,25Khu08
Akusalapada-hetu	อกุสลปท-เหตุ	V-C	1	7	7	0	2	39Abhi11,40Abhi12
punappuna-attabhāvābhinibbattiyā	ปุนปฺปุน-อตฺตภาวาภินิพฺพตฺติยา	V-V	1	7	3	4	2	24Khu07,25Khu08
sa-upāhanena	ส-อุปาหเนน	V-V	1	7	7	0	2	03Vin03,04Vin04
Citakapūjakatthera-apadāna	จิตกปูชกตฺเถร-อปทาน	V-V	1	6	6	0	2	20Khu03,21Khu04
sa-upaddavā	ส-อุปทฺทวา	V-V	1	6	6	0	2	01Vin01,04Vin04
sa-uttarassa	ส-อุตฺตรสฺส	V-V	1	6	6	0	2	39Abhi11,40Abhi12
sa-ītikā	ส-อีติกา	V-V	1	6	6	0	2	01Vin01,04Vin04
Upādāna-upādānasampayuttaduka	อุปาทาน-อุปาทานสมฺปยุตฺตทุก	V-V	1	6	6	0	2	38Abhi10,39Abhi11
Valāhaka-assarājappamukhāni	วลาหก-อสฺสราชปฺปมุขานิ	V-V	1	6	4	2	2	07Di02,13Sam02
cīvara-apalibodho	จีวร-อปลิโพโธ	V-V	1	5	5	0	2	03Vin03,05Vin05
mahā-udakaṇṇavo	มหา-อุทกณฺณโว	V-V	1	5	5	0	2	09Ma01,13Sam02
Paccanīya-na-adhipati	ปจฺจนีย-น-อธิปติ	V-C	2	5	5	0	2	39Abhi11,40Abhi12
sa-upādānā	ส-อุปาทานา	V-V	1	5	3	2	2	09Ma01,27khu10
sa-uttarañca	ส-อุตฺตรญฺจ	V-V	1	5	5	0	2	39Abhi11,40Abhi12
tapojigucchā-allīnā	ตโปชิคุจฺฉา-อลฺลีนา	V-V	1	5	5	0	2	08Di03,15An01
ti-ādinā	ติ-อาทินา	V-V	1	5	4	1	2	12Sam01,28Khu11
Upādāna-upādāniyaduka	อุปาทาน-อุปาทานิยทุก	V-V	1	5	5	0	2	38Abhi10,39Abhi11
yathā-akusale	ยถา-อกุสเล	V-V	1	5	4	1	2	03Vin03,12Sam01
āvāsa-apalibodho	อาวาส-อปลิโพโธ	V-V	1	5	5	0	2	03Vin03,05Vin05
anto-ārāme	อนฺโต-อาราเม	V-V	1	4	4	0	2	01Vin01,02Vin02
Buddhasaññakatthera-apadāna	พุทฺธสญฺญกตฺเถร-อปทาน	V-V	1	4	4	0	2	20Khu03,21Khu04
Hiri-ottappasampanno	หิริ-โอตฺตปฺปสมฺปนฺโน	V-V	1	4	4	0	2	16An02,23Khu06
hiri-ottappaṃ	หิริ-โอตฺตปฺปํ	V-V	1	4	4	0	2	18Khu01,28Khu11
kusalānu-esī	กุสลานุ-เอสี	V-V	1	4	4	0	2	18Khu01,24Khu07
Na-anantara	น-อนนฺตร	V-V	1	4	4	0	2	36Abhi08,37Abhi09
Saraṇagamaniyatthera-apadāna	สรณคมนิยตฺเถร-อปทาน	V-V	1	4	4	0	2	20Khu03,21Khu04
su-aḍḍhake	สุ-อฑฺฒเก	V-V	1	4	4	0	2	20Khu03,21Khu04
Sī-Syā-Kaṃ-I-potthakesu	สี-สฺยา-กํ-อิ-โปตฺถเกสุ	V-C	4	4	4	0	2	10Ma02,15An01
Todeyya-kappā	โตเทยฺย-กปฺปา	V-C	1	4	4	0	2	18Khu01,25Khu08
upāsaka-upāsikāyo	อุปาสก-อุปาสิกาโย	V-V	1	4	4	0	2	13Sam02,28Khu11
A-Ā	อ-อา	V-V	1	3	3	0	2	04Vin04,05Vin05
Bha-Ma	ภ-ม	V-C	1	3	3	0	2	04Vin04,05Vin05
Da-Dha	ท-ธ	V-C	1	3	3	0	2	05Vin05,27khu10
Dutiya-assādasutta	ทุติย-อสฺสาทสุตฺต	V-V	1	3	3	0	2	13Sam02,15An01
Khandhadhātu-āyatanaṃ	ขนฺธธาตุ-อายตนํ	V-V	1	3	3	0	2	13Sam02,19Khu02
Koraṇḍapupphiyatthera-apadāna	โกรณฺฑปุปฺผิยตฺเถร-อปทาน	V-V	1	3	3	0	2	20Khu03,21Khu04
mahā-akālamegho	มหา-อกาลเมโฆ	V-V	1	3	3	0	2	07Di02,14Sam03
mahā-ise	มหา-อิเส	V-V	1	3	3	0	2	21Khu04,23Khu06
Mañcadāyakatthera-apadāna	มญฺจทายกตฺเถร-อปทาน	V-V	1	3	3	0	2	20Khu03,21Khu04
na-adhipatipaccayasadisaṃ	น-อธิปติปจฺจยสทิสํ	V-V	1	3	3	0	2	36Abhi08,37Abhi09
no-upādānamūlake	โน-อุปาทานมูลเก	V-V	1	3	3	0	2	38Abhi10,39Abhi11
pārisuddhi-uposatho	ปาริสุทฺธิ-อุโปสโถ	V-V	1	3	3	0	2	03Vin03,05Vin05
sa-upādisesaṃ	ส-อุปาทิเสสํ	V-V	1	3	3	0	2	11Ma03,17An03
sa-upādānassa	ส-อุปาทานสฺส	V-V	1	3	3	0	2	09Ma01,13Sam02
sati-āyataneti	สติ-อายตเนติ	V-V	1	3	3	0	2	10Ma02,15An01
su-odātaṃ	สุ-โอทาตํ	V-V	1	3	3	0	2	24Khu07,25Khu08
Taraṇiyatthera-apadāna	ตรณิยตฺเถร-อปทาน	V-V	1	3	3	0	2	20Khu03,21Khu04
Upādānavippayutta-upādāniyaduka	อุปาทานวิปฺปยุตฺต-อุปาทานิยทุก	V-V	1	3	3	0	2	38Abhi10,39Abhi11
Vedikārakatthera-apadāna	เวทิการกตฺเถร-อปทาน	V-V	1	3	3	0	2	20Khu03,21Khu04
Abbhañjanadāyakatthera-apadāna	อพฺภญฺชนทายกตฺเถร-อปทาน	V-V	1	2	2	0	2	20Khu03,21Khu04
abhivādanapaccuṭṭhāna-añjalikammasāmīcikammacīvarapiṇḍapātasenāsana	อภิวาทนปจฺจุฏฺฐาน-อญฺชลิกมฺมสามีจิกมฺมจีวรปิณฺฑปาตเสนาสน	V-V	1	2	2	0	2	11Ma03,15An01
accanta-anupādāvimokkhenāti	อจฺจนฺต-อนุปาทาวิโมกฺเขนาติ	V-V	1	2	2	0	2	24Khu07,25Khu08
Ambapiṇḍiyatthera-apadāna	อมฺพปิณฺฑิยตฺเถร-อปทาน	V-V	1	2	2	0	2	20Khu03,21Khu04
asati-amanasikāro	อสติ-อมนสิกาโร	V-V	1	2	2	0	2	09Ma01,16An02
asaṃkiliṭṭha-asaṃkilesikañca	อสํกิลิฏฺฐ-อสํกิเลสิกญฺจ	V-V	1	2	2	0	2	36Abhi08,40Abhi12
avitakka-avicārameva	อวิตกฺก-อวิจารเมว	V-V	1	2	2	0	2	29Abhi01,30Abhi02
avitakka-avicārenapi	อวิตกฺก-อวิจาเรนปิ	V-V	1	2	2	0	2	24Khu07,25Khu08
aṅgamaṅga-apakaḍḍhanamatto	องฺคมงฺค-อปกฑฺฒนมตฺโต	V-V	1	2	2	0	2	24Khu07,25Khu08
aṅgamaṅga-apakaḍḍhano	องฺคมงฺค-อปกฑฺฒโน	V-V	1	2	1	1	2	24Khu07,25Khu08
Bhisadāyakatthera-apadāna	ภิสทายกตฺเถร-อปทาน	V-V	1	2	2	0	2	20Khu03,21Khu04
Daṇḍadāyakatthera-apadāna	ทณฺฑทายกตฺเถร-อปทาน	V-V	1	2	2	0	2	20Khu03,21Khu04
daṇḍasattha-abbhukkiraṇo	ทณฺฑสตฺถ-อพฺภุกฺกิรโณ	V-V	1	2	2	0	2	24Khu07,25Khu08
daṇḍasattha-abhinipātano	ทณฺฑสตฺถ-อภินิปาตโน	V-V	1	2	2	0	2	24Khu07,25Khu08
Dhātupūjakatthera-apadāna	ธาตุปูชกตฺเถร-อปทาน	V-V	1	2	2	0	2	20Khu03,21Khu04
Dutiya-arahantasutta	ทุติย-อรหนฺตสุตฺต	V-V	1	2	2	0	2	13Sam02,14Sam03
Dutiya-aññatarabhikkhusutta	ทุติย-อญฺญตรภิกฺขุสุตฺต	V-V	1	2	2	0	2	13Sam02,14Sam03
Ekachattiyatthera-apadāna	เอกฉตฺติยตฺเถร-อปทาน	V-V	1	2	2	0	2	20Khu03,21Khu04
Ekadussadāyakatthera-apadāna	เอกทุสฺสทายกตฺเถร-อปทาน	V-V	1	2	2	0	2	20Khu03,21Khu04
Ekāsanadāyakatthera-apadāna	เอกาสนทายกตฺเถร-อปทาน	V-V	1	2	2	0	2	20Khu03,21Khu04
Kuṭajapupphiyatthera-apadāna	กุฏชปุปฺผิยตฺเถร-อปทาน	V-V	1	2	2	0	2	20Khu03,21Khu04
Kāḷudāyitthera-apadāna	กาฬุทายิตฺเถร-อปทาน	V-V	1	2	2	0	2	20Khu03,21Khu04
Mahā-udakakkhandho	มหา-อุทกกฺขนฺโธ	V-V	1	2	2	0	2	14Sam03,25Khu08
maṃ-kate	มํ-กเต	C-C	1	2	2	0	2	22Khu05,28Khu11
Maṇipūjakatthera-apadāna	มณิปูชกตฺเถร-อปทาน	V-V	1	2	2	0	2	20Khu03,21Khu04
Mūlamānatta-abbhānaṃ	มูลมานตฺต-อพฺภานํ	V-V	1	2	2	0	2	04Vin04,05Vin05
Na-āsevanamūlake	น-อาเสวนมูลเก	V-V	1	2	2	0	2	37Abhi09,38Abhi10
Na-āsevanādi	น-อาเสวนาทิ	V-V	1	2	2	0	2	37Abhi09,39Abhi11
Nandakatthera-apadāna	นนฺทกตฺเถร-อปทาน	V-V	1	2	2	0	2	20Khu03,21Khu04
Naḷamāliyatthera-apadāna	นฬมาลิยตฺเถร-อปทาน	V-V	1	2	2	0	2	20Khu03,21Khu04
nindābyārosa-upārambhabhayāti	นินฺทาพฺยาโรส-อุปารมฺภภยาติ	V-V	1	2	2	0	2	11Ma03,32Abhi04
Nāgapupphiyatthera-apadāna	นาคปุปฺผิยตฺเถร-อปทาน	V-V	1	2	2	0	2	20Khu03,21Khu04
Paṭṭipupphiyatthera-apadāna	ปฏฺฏิปุปฺผิยตฺเถร-อปทาน	V-V	1	2	2	0	2	20Khu03,21Khu04
Pilakkhaphaladāyakatthera-apadāna	ปิลกฺขผลทายกตฺเถร-อปทาน	V-V	1	2	2	0	2	20Khu03,21Khu04
Piyālaphaladāyakatthera-apadāna	ปิยาลผลทายกตฺเถร-อปทาน	V-V	1	2	2	0	2	20Khu03,21Khu04
Pānadhidāyakatthera-apadāna	ปานธิทายกตฺเถร-อปทาน	V-V	1	2	2	0	2	20Khu03,21Khu04
Raṭṭhapālatthera-apadāna	รฏฺฐปาลตฺเถร-อปทาน	V-V	1	2	2	0	2	20Khu03,21Khu04
rūparāga-arūparāgamāna	รูปราค-อรูปราคมาน	V-V	1	2	1	1	2	27khu10,29Abhi01
Sa-udako	ส-อุทโก	V-V	1	2	2	0	2	03Vin03,04Vin04
Sa-upaddavo	ส-อุปทฺทโว	V-V	1	2	1	1	2	11Ma03,15An01
Sa-upasaggo	ส-อุปสคฺโค	V-V	1	2	2	0	2	11Ma03,15An01
Sa-ūmibhayaṃ	ส-อูมิภยํ	V-V	1	2	2	0	2	13Sam02,18Khu01
saṃbhejja-udakanti	สํเภชฺช-อุทกนฺติ	V-V	1	2	2	0	2	12Sam01,14Sam03
Sucintitatthera-apadāna	สุจินฺติตตฺเถร-อปทาน	V-V	1	2	2	0	2	20Khu03,21Khu04
Sumanatālavaṇṭiyatthera-apadāna	สุมนตาลวณฺฏิยตฺเถร-อปทาน	V-V	1	2	2	0	2	20Khu03,21Khu04
Tiṇamuṭṭhidāyakatthera-apadāna	ติณมุฏฺฐิทายกตฺเถร-อปทาน	V-V	1	2	2	0	2	20Khu03,21Khu04
Udakadāyakatthera-apadāna	อุทกทายกตฺเถร-อปทาน	V-V	1	2	2	0	2	20Khu03,21Khu04
upa-nissayapaccayena	อุป-นิสฺสยปจฺจเยน	V-C	1	2	2	0	2	36Abhi08,37Abhi09
Upavānatthera-apadāna	อุปวานตฺเถร-อปทาน	V-V	1	2	2	0	2	20Khu03,21Khu04
Ā-I	อา-อิ	V-V	1	2	2	0	2	04Vin04,17An03
na-akusalo	น-อกุสโล	V-V	1	363	363	0	1	40Abhi12
na-abyākato	น-อพฺยากโต	V-V	1	209	209	0	1	40Abhi12
na-akusalaṃ	น-อกุสลํ	V-V	1	175	175	0	1	40Abhi12
na-abyākataṃ	น-อพฺยากตํ	V-V	1	160	160	0	1	40Abhi12
na-ahetuko	น-อเหตุโก	V-V	1	149	149	0	1	40Abhi12
na-anidassana-appaṭigho	น-อนิทสฺสน-อปฺปฏิโฆ	V-V	2	121	121	0	1	40Abhi12
na-anidassanasappaṭigho	น-อนิทสฺสนสปฺปฏิโฆ	V-V	1	117	117	0	1	40Abhi12
na-adukkhamasukhāya	น-อทุกฺขมสุขาย	V-V	1	98	96	2	1	40Abhi12
na-araṇo	น-อรโณ	V-V	1	86	86	0	1	40Abhi12
na-anāsavo	น-อนาสโว	V-V	1	85	85	0	1	40Abhi12
Na-araṇaṃ	น-อรณํ	V-V	1	71	71	0	1	40Abhi12
na-ahetukaṃ	น-อเหตุกํ	V-V	1	61	61	0	1	40Abhi12
Na-anidassanasappaṭighaṃ	น-อนิทสฺสนสปฺปฏิฆํ	V-V	1	59	58	1	1	40Abhi12
Therī-apadānapāḷi	เถรี-อปทานปาฬิ	V-V	1	56	56	0	1	21Khu04
na-ahetukañca	น-อเหตุกญฺจ	V-V	1	54	54	0	1	40Abhi12
na-āsavavippayutto	น-อาสววิปฺปยุตฺโต	V-V	1	53	53	0	1	40Abhi12
na-āsavo	น-อาสโว	V-V	1	50	50	0	1	40Abhi12
antarā-āpattīnaṃ	อนฺตรา-อาปตฺตีนํ	V-V	1	49	48	1	1	04Vin04
no-āsavassa	โน-อาสวสฺส	V-V	1	45	45	0	1	38Abhi10
Paccayacatukka-hetvādi	ปจฺจยจตุกฺก-เหตฺวาทิ	V-C	1	41	41	0	1	39Abhi11
na-akusalassa	น-อกุสลสฺส	V-V	1	38	38	0	1	40Abhi12
na-upādinnupādāniyo	น-อุปาทินฺนุปาทานิโย	V-V	1	34	34	0	1	40Abhi12
na-anidassana-appaṭighaṃ	น-อนิทสฺสน-อปฺปฏิฆํ	V-V	2	33	33	0	1	40Abhi12
Na-āsavañceva	น-อาสวญฺเจว	V-V	1	33	33	0	1	40Abhi12
no-upādānassa	โน-อุปาทานสฺส	V-V	1	33	33	0	1	38Abhi10
Anidassana-appaṭighe	อนิทสฺสน-อปฺปฏิเฆ	V-V	1	32	32	0	1	37Abhi09
na-abyākatañca	น-อพฺยากตญฺจ	V-V	1	32	32	0	1	40Abhi12
nahetu-ahetukassa	นเหตุ-อเหตุกสฺส	V-V	1	32	32	0	1	38Abhi10
na-anāsavaṃ	น-อนาสวํ	V-V	1	31	31	0	1	40Abhi12
na-āsavasampayutto	น-อาสวสมฺปยุตฺโต	V-V	1	31	31	0	1	40Abhi12
nano-āsavo	นโน-อาสโว	V-V	1	30	30	0	1	40Abhi12
su-uddiṭṭhaṃ	สุ-อุทฺทิฏฺฐํ	V-V	1	30	30	0	1	03Vin03
no-āsavā	โน-อาสวา	V-V	1	29	29	0	1	38Abhi10
na-arūpāvacarassa	น-อรูปาวจรสฺส	V-V	1	27	27	0	1	39Abhi11
na-akusalañca	น-อกุสลญฺจ	V-V	1	26	26	0	1	40Abhi12
purimā-āpattīnaṃ	ปุริมา-อาปตฺตีนํ	V-V	1	26	26	0	1	04Vin04
na-anuttaro	น-อนุตฺตโร	V-V	1	23	23	0	1	40Abhi12
no-avigatapaccayā	โน-อวิคตปจฺจยา	V-V	1	23	23	0	1	36Abhi08
na-anupādinna-anupādāniyo	น-อนุปาทินฺน-อนุปาทานิโย	V-V	2	22	22	0	1	40Abhi12
na-aniyataṃ	น-อนิยตํ	V-V	1	21	21	0	1	40Abhi12
na-anāsavañca	น-อนาสวญฺจ	V-V	1	21	21	0	1	40Abhi12
nano-āsavaṃ	นโน-อาสวํ	V-V	1	21	21	0	1	40Abhi12
anidassana-appaṭighānaṃ	อนิทสฺสน-อปฺปฏิฆานํ	V-V	1	20	20	0	1	37Abhi09
avitakka-avicārapacchimacittasamaṅgīnaṃ	อวิตกฺก-อวิจารปจฺฉิมจิตฺตสมงฺคีนํ	V-V	1	20	3	17	1	34Abhi06
na-appaccayo	น-อปฺปจฺจโย	V-V	1	20	20	0	1	40Abhi12
na-araṇañca	น-อรณญฺจ	V-V	1	20	20	0	1	40Abhi12
na-abyākatassa	น-อพฺยากตสฺส	V-V	1	19	19	0	1	40Abhi12
na-ahetukassa	น-อเหตุกสฺส	V-V	1	19	19	0	1	40Abhi12
Na-appaccayaṃ	น-อปฺปจฺจยํ	V-V	1	19	19	0	1	40Abhi12
na-asaṃkiliṭṭhasaṃkilesiko	น-อสํกิลิฏฺฐสํกิเลสิโก	V-V	1	19	19	0	1	40Abhi12
na-upādinno	น-อุปาทินฺโน	V-V	1	19	19	0	1	40Abhi12
antarā-āpattiyo	อนฺตรา-อาปตฺติโย	V-V	1	18	18	0	1	04Vin04
na-appaṭigho	น-อปฺปฏิโฆ	V-V	1	18	18	0	1	40Abhi12
na-āsavavippayuttañca	น-อาสววิปฺปยุตฺตญฺจ	V-V	1	18	18	0	1	40Abhi12
No-atthipaccayā	โน-อตฺถิปจฺจยา	V-V	1	18	18	0	1	36Abhi08
na-aganthaniyo	น-อคนฺถนิโย	V-V	1	17	17	0	1	40Abhi12
na-ahetukañceva	น-อเหตุกญฺเจว	V-V	1	17	17	0	1	40Abhi12
na-arūpiṃ	น-อรูปิํ	V-V	1	17	17	0	1	40Abhi12
Na-āsavasampayuttaṃ	น-อาสวสมฺปยุตฺตํ	V-V	1	17	17	0	1	40Abhi12
no-asavo	โน-อสโว	V-V	1	17	17	0	1	39Abhi11
ekacca-asassatikā	เอกจฺจ-อสสฺสติกา	V-V	1	16	9	7	1	06Di01
na-anārammaṇo	น-อนารมฺมโณ	V-V	1	16	16	0	1	40Abhi12
na-anāsavañceva	น-อนาสวญฺเจว	V-V	1	16	16	0	1	40Abhi12
na-appaccayassa	น-อปฺปจฺจยสฺส	V-V	1	16	16	0	1	40Abhi12
na-appamāṇo	น-อปฺปมาโณ	V-V	1	16	16	0	1	40Abhi12
Na-appaṭighaṃ	น-อปฺปฏิฆํ	V-V	1	16	16	0	1	40Abhi12
no-upādānā	โน-อุปาทานา	V-V	1	16	16	0	1	38Abhi10
Na-ajjhattārammaṇaṃ	น-อชฺฌตฺตารมฺมณํ	V-V	1	15	15	0	1	40Abhi12
na-anuttaraṃ	น-อนุตฺตรํ	V-V	1	15	15	0	1	40Abhi12
na-apacayagāmī	น-อปจยคามี	V-V	1	15	15	0	1	40Abhi12
na-arūpī	น-อรูปี	V-V	1	15	15	0	1	40Abhi12
na-asekkho	น-อเสกฺโข	V-V	1	15	15	0	1	40Abhi12
Na-atītārammaṇaṃ	น-อตีตารมฺมณํ	V-V	1	15	15	0	1	40Abhi12
na-avitakka-avicāro	น-อวิตกฺก-อวิจาโร	V-V	2	15	15	0	1	40Abhi12
na-avitakkavicāramatto	น-อวิตกฺกวิจารมตฺโต	V-V	1	15	15	0	1	40Abhi12
na-upādā	น-อุปาทา	V-V	1	15	15	0	1	40Abhi12
na-ācayagāmī	น-อาจยคามี	V-V	1	15	15	0	1	40Abhi12
nano-upādā	นโน-อุปาทา	V-V	1	15	15	0	1	40Abhi12
nasa-uttaraṃ	นส-อุตฺตรํ	V-V	1	15	15	0	1	40Abhi12
adhippāya-iddhi	อธิปฺปาย-อิทฺธิ	V-V	1	14	14	0	1	32Abhi04
na-ajjhattiko	น-อชฺฌตฺติโก	V-V	1	14	14	0	1	40Abhi12
na-anidassano	น-อนิทสฺสโน	V-V	1	14	14	0	1	40Abhi12
na-apariyāpanno	น-อปริยาปนฺโน	V-V	1	14	14	0	1	40Abhi12
na-asaññojaniyo	น-อสญฺโญชนิโย	V-V	1	14	14	0	1	40Abhi12
na-asaṃkiliṭṭha-asaṃkilesiko	น-อสํกิลิฏฺฐ-อสํกิเลสิโก	V-V	2	14	14	0	1	40Abhi12
na-upekkhāsahagatassa	น-อุเปกฺขาสหคตสฺส	V-V	1	14	14	0	1	39Abhi11
Na-ācayagāmiṃ	น-อาจยคามิํ	V-V	1	14	14	0	1	40Abhi12
na-āsavavippayuttañceva	น-อาสววิปฺปยุตฺตญฺเจว	V-V	1	14	14	0	1	40Abhi12
na-āsavavippayuttaṃ	น-อาสววิปฺปยุตฺตํ	V-V	1	14	14	0	1	40Abhi12
Paṭiccādivāra-hetu	ปฏิจฺจาทิวาร-เหตุ	V-C	1	14	14	0	1	39Abhi11
sa-upaghāto	ส-อุปฆาโต	V-V	1	14	13	1	1	11Ma03
Anupādinna-anupādāniye	อนุปาทินฺน-อนุปาทานิเย	V-V	1	13	13	0	1	36Abhi08
ekato-upasampannā	เอกโต-อุปสมฺปนฺนา	V-V	1	13	13	0	1	04Vin04
na-anupādinnupādāniyaṃ	น-อนุปาทินฺนุปาทานิยํ	V-V	1	13	13	0	1	40Abhi12
Na-anārammaṇaṃ	น-อนารมฺมณํ	V-V	1	13	13	0	1	40Abhi12
Na-atīto	น-อตีโต	V-V	1	13	13	0	1	40Abhi12
antarā-āpattīnañca	อนฺตรา-อาปตฺตีนญฺจ	V-V	1	12	12	0	1	04Vin04
ganthavippayutta-aganthaniyā	คนฺถวิปฺปยุตฺต-อคนฺถนิยา	V-V	1	12	8	4	1	30Abhi02
Na-ajjhattikaṃ	น-อชฺฌตฺติกํ	V-V	1	12	12	0	1	40Abhi12
na-anuppanno	น-อนุปฺปนฺโน	V-V	1	12	12	0	1	40Abhi12
Na-apariyāpannaṃ	น-อปริยาปนฺนํ	V-V	1	12	12	0	1	40Abhi12
Na-asaṃkiliṭṭha-asaṃkilesikaṃ	น-อสํกิลิฏฺฐ-อสํกิเลสิกํ	V-V	2	12	12	0	1	40Abhi12
na-atītassa	น-อตีตสฺส	V-V	1	12	12	0	1	40Abhi12
no-oghaṃ	โน-โอฆํ	V-V	1	12	12	0	1	40Abhi12
parāmāsavippayutta-aparāmaṭṭhā	ปรามาสวิปฺปยุตฺต-อปรามฏฺฐา	V-V	1	12	7	5	1	30Abhi02
sa-upādisese	ส-อุปาทิเสเส	V-V	1	12	12	0	1	16An02
upādānavippayutta-anupādāniyā	อุปาทานวิปฺปยุตฺต-อนุปาทานิยา	V-V	1	12	11	1	1	30Abhi02
Abyākatapada-hetu	อพฺยากตปท-เหตุ	V-C	1	11	11	0	1	39Abhi11
aparā-āpattīnaṃ	อปรา-อาปตฺตีนํ	V-V	1	11	11	0	1	04Vin04
ekatta-anupaṭṭhānaṃ	เอกตฺต-อนุปฏฺฐานํ	V-V	1	11	11	0	1	26Khu09
kilesavippayutta-asaṃkilesikā	กิเลสวิปฺปยุตฺต-อสํกิเลสิกา	V-V	1	11	8	3	1	30Abhi02
na-ajjhattārammaṇo	น-อชฺฌตฺตารมฺมโณ	V-V	1	11	11	0	1	40Abhi12
na-aniyato	น-อนิยโต	V-V	1	11	11	0	1	40Abhi12
na-anupādinna-anupādāniyaṃ	น-อนุปาทินฺน-อนุปาทานิยํ	V-V	2	11	11	0	1	40Abhi12
na-anupādinnaṃ	น-อนุปาทินฺนํ	V-V	1	11	11	0	1	40Abhi12
na-anāgatārammaṇaṃ	น-อนาคตารมฺมณํ	V-V	1	11	11	0	1	40Abhi12
na-asaṃkilesiko	น-อสํกิเลสิโก	V-V	1	11	11	0	1	40Abhi12
Na-upādinnupādāniyaṃ	น-อุปาทินฺนุปาทานิยํ	V-V	1	11	11	0	1	40Abhi12
nano-āsavañca	นโน-อาสวญฺจ	V-V	1	11	11	0	1	40Abhi12
nasa-uttaro	นส-อุตฺตโร	V-V	1	11	11	0	1	40Abhi12
no-upādāne	โน-อุปาทาเน	V-V	1	11	11	0	1	38Abhi10
nīvaraṇavippayutta-anīvaraṇiyā	นีวรณวิปฺปยุตฺต-อนีวรณิยา	V-V	1	11	6	5	1	30Abhi02
saṃyojanavippayutta-asaṃyojaniyā	สํโยชนวิปฺปยุตฺต-อสํโยชนิยา	V-V	1	11	9	2	1	30Abhi02
upādānavippayutta-upādāniyā	อุปาทานวิปฺปยุตฺต-อุปาทานิยา	V-V	1	11	7	4	1	30Abhi02
āsavavippayutta-anāsavā	อาสววิปฺปยุตฺต-อนาสวา	V-V	1	11	11	0	1	30Abhi02
Na-ajjhattaṃ	น-อชฺฌตฺตํ	V-V	1	10	10	0	1	40Abhi12
na-ajjhatto	น-อชฺฌตฺโต	V-V	1	10	10	0	1	40Abhi12
na-aniyyānikaṃ	น-อนิยฺยานิกํ	V-V	1	10	10	0	1	40Abhi12
na-anupādinnupādāniyassa	น-อนุปาทินฺนุปาทานิยสฺส	V-V	1	10	10	0	1	40Abhi12
Na-anāgato	น-อนาคโต	V-V	1	10	10	0	1	40Abhi12
na-aparāmaṭṭho	น-อปรามฏฺโฐ	V-V	1	10	10	0	1	40Abhi12
na-asaṃkiliṭṭhasaṃkilesikaṃ	น-อสํกิลิฏฺฐสํกิเลสิกํ	V-V	1	10	10	0	1	40Abhi12
na-avitakka-avicāraṃ	น-อวิตกฺก-อวิจารํ	V-V	2	10	10	0	1	40Abhi12
na-avitakkavicāramattaṃ	น-อวิตกฺกวิจารมตฺตํ	V-V	1	10	10	0	1	40Abhi12
Na-avitakkaṃ	น-อวิตกฺกํ	V-V	1	10	10	0	1	40Abhi12
na-uppādī	น-อุปฺปาที	V-V	1	10	10	0	1	40Abhi12
no-asavaṃ	โน-อสวํ	V-V	1	10	10	0	1	39Abhi11
no-āsave	โน-อาสเว	V-V	1	10	10	0	1	38Abhi10
Paccayānuloma-hetu	ปจฺจยานุโลม-เหตุ	V-C	1	10	10	0	1	40Abhi12
āsavavippayutta-anāsavo	อาสววิปฺปยุตฺต-อนาสโว	V-V	1	10	9	1	1	30Abhi02
anidassana-appaṭighānañca	อนิทสฺสน-อปฺปฏิฆานญฺจ	V-V	1	9	9	0	1	37Abhi09
na-acetasiko	น-อเจตสิโก	V-V	1	9	9	0	1	40Abhi12
na-anidassanasappaṭighassa	น-อนิทสฺสนสปฺปฏิฆสฺส	V-V	1	9	9	0	1	40Abhi12
na-anidassanasappaṭighañca	น-อนิทสฺสนสปฺปฏิฆญฺจ	V-V	1	9	9	0	1	40Abhi12
na-anāgatassa	น-อนาคตสฺส	V-V	1	9	9	0	1	40Abhi12
na-anāgatārammaṇo	น-อนาคตารมฺมโณ	V-V	1	9	9	0	1	40Abhi12
na-apacayagāmiṃ	น-อปจยคามิํ	V-V	1	9	9	0	1	40Abhi12
na-appamāṇaṃ	น-อปฺปมาณํ	V-V	1	9	9	0	1	40Abhi12
na-appamāṇārammaṇaṃ	น-อปฺปมาณารมฺมณํ	V-V	1	9	9	0	1	40Abhi12
na-arūpāvacarā	น-อรูปาวจรา	V-V	1	9	9	0	1	39Abhi11
Na-asaṅkhataṃ	น-อสงฺขตํ	V-V	1	9	9	0	1	40Abhi12
na-asekkhaṃ	น-อเสกฺขํ	V-V	1	9	9	0	1	40Abhi12
na-atītārammaṇo	น-อตีตารมฺมโณ	V-V	1	9	9	0	1	40Abhi12
Na-upādinnaṃ	น-อุปาทินฺนํ	V-V	1	9	9	0	1	40Abhi12
Na-āsavaṃ	น-อาสวํ	V-V	1	9	9	0	1	40Abhi12
nānā-ovarakā	นานา-โอวรกา	V-V	1	9	5	4	1	01Vin01
uttānī-akāsi	อุตฺตานี-อกาสิ	V-V	1	9	9	0	1	25Khu08
Vinītavatthu-uddānagāthā	วินีตวตฺถุ-อุทฺทานคาถา	V-V	1	9	9	0	1	01Vin01
avitakka-avicārapacchimacittassa	อวิตกฺก-อวิจารปจฺฉิมจิตฺตสฺส	V-V	1	8	5	3	1	34Abhi06
avitakka-avicārānaṃ	อวิตกฺก-อวิจารานํ	V-V	1	8	8	0	1	37Abhi09
avitakka-avicārāya	อวิตกฺก-อวิจาราย	V-V	1	8	8	0	1	37Abhi09
hetu-ahetuko	เหตุ-อเหตุโก	V-V	1	8	4	4	1	30Abhi02
Maghadeva-ambavane	มฆเทว-อมฺพวเน	V-V	1	8	8	0	1	10Ma02
Na-anuppannaṃ	น-อนุปฺปนฺนํ	V-V	1	8	8	0	1	40Abhi12
na-anupādinnupādāniyo	น-อนุปาทินฺนุปาทานิโย	V-V	1	8	8	0	1	40Abhi12
na-araṇassa	น-อรณสฺส	V-V	1	8	8	0	1	40Abhi12
Na-uppādiṃ	น-อุปฺปาทิํ	V-V	1	8	8	0	1	40Abhi12
nana-arūpāvacaraṃ	นน-อรูปาวจรํ	V-V	1	8	8	0	1	40Abhi12
Nana-upekkhāsahagataṃ	นน-อุเปกฺขาสหคตํ	V-V	1	8	8	0	1	40Abhi12
saṃyojanavippayutta-asaṃyojaniyo	สํโยชนวิปฺปยุตฺต-อสํโยชนิโย	V-V	1	8	7	1	1	30Abhi02
sāvaka-asādhāraṇanti	สาวก-อสาธารณนฺติ	V-V	1	8	4	4	1	32Abhi04
Anūna-aṭṭhamāsāni	อนูน-อฏฺฐมาสานิ	V-V	1	7	7	0	1	21Khu04
bahujana-amanāpo	พหุชน-อมนาโป	V-V	1	7	7	0	1	05Vin05
bahujana-arucito	พหุชน-อรุจิโต	V-V	1	7	7	0	1	05Vin05
ganthavippayutta-aganthaniyo	คนฺถวิปฺปยุตฺต-อคนฺถนิโย	V-V	1	7	6	1	1	30Abhi02
na-anupādinna-anupādāniyassa	น-อนุปาทินฺน-อนุปาทานิยสฺส	V-V	2	7	7	0	1	40Abhi12
na-appītikaṃ	น-อปฺปีติกํ	V-V	1	7	7	0	1	40Abhi12
na-appītiko	น-อปฺปีติโก	V-V	1	7	7	0	1	40Abhi12
na-avicāraṃ	น-อวิจารํ	V-V	1	7	7	0	1	40Abhi12
na-avicāro	น-อวิจาโร	V-V	1	7	7	0	1	40Abhi12
na-avitakko	น-อวิตกฺโก	V-V	1	7	7	0	1	40Abhi12
Na-uppanno	น-อุปฺปนฺโน	V-V	1	7	7	0	1	40Abhi12
Na-ārammaṇaduka	น-อารมฺมณทุก	V-V	1	7	7	0	1	36Abhi08
no-upādānañca	โน-อุปาทานญฺจ	V-V	1	7	7	0	1	38Abhi10
oghavippayutta-anoghaniyo	โอฆวิปฺปยุตฺต-อโนฆนิโย	V-V	1	7	6	1	1	30Abhi02
oghavippayutta-oghaniyo	โอฆวิปฺปยุตฺต-โอฆนิโย	V-V	1	7	7	0	1	30Abhi02
Paccayacatukka-hetu-ārammaṇa	ปจฺจยจตุกฺก-เหตุ-อารมฺมณ	V-C	2	7	7	0	1	40Abhi12
pārisuddhi-uposathaṃ	ปาริสุทฺธิ-อุโปสถํ	V-V	1	7	7	0	1	03Vin03
sa-upādānaṃyeva	ส-อุปาทานํเยว	V-V	1	7	6	1	1	09Ma01
Sī-Nisya	สี-นิสฺย	V-C	1	7	7	0	1	22Khu05
Sī-Syā-potthakesu	สี-สฺยา-โปตฺถเกสุ	V-C	2	7	7	0	1	03Vin03
ahetu-appaccayā	อเหตุ-อปฺปจฺจยา	V-V	1	6	6	0	1	15An01
anupādinna-anupādāniyānaṃ	อนุปาทินฺน-อนุปาทานิยานํ	V-V	1	6	6	0	1	36Abhi08
Anupādinna-anupādāniyāni	อนุปาทินฺน-อนุปาทานิยานิ	V-V	1	6	6	0	1	36Abhi08
anupādiṇṇa-anupādāniyā	อนุปาทิณฺณ-อนุปาทานิยา	V-V	1	6	5	1	1	29Abhi01
avitakka-avicāracittassa	อวิตกฺก-อวิจารจิตฺตสฺส	V-V	1	6	4	2	1	34Abhi06
bahujana-akanto	พหุชน-อกนฺโต	V-V	1	6	6	0	1	05Vin05
ekanta-amanāpo	เอกนฺต-อมนาโป	V-V	1	6	6	0	1	13Sam02
kuto-abhinibbattā	กุโต-อภินิพฺพตฺตา	V-V	1	6	6	0	1	24Khu07
Lokiyaduka-abyākatasadisaṃ	โลกิยทุก-อพฺยากตสทิสํ	V-V	1	6	6	0	1	39Abhi11
mahatimahā-aggikkhandho	มหติมหา-อคฺคิกฺขนฺโธ	V-V	1	6	6	0	1	28Khu11
Mahā-assapurasutta	มหา-อสฺสปุรสุตฺต	V-V	1	6	6	0	1	09Ma01
na-aganthaniyañca	น-อคนฺถนิยญฺจ	V-V	1	6	6	0	1	40Abhi12
na-anidassana-appaṭighassa	น-อนิทสฺสน-อปฺปฏิฆสฺส	V-V	2	6	6	0	1	40Abhi12
na-aniyatañca	น-อนิยตญฺจ	V-V	1	6	6	0	1	40Abhi12
na-anuppannassa	น-อนุปฺปนฺนสฺส	V-V	1	6	6	0	1	40Abhi12
na-appaccayañca	น-อปฺปจฺจยญฺจ	V-V	1	6	6	0	1	40Abhi12
na-asaññojaniyañca	น-อสญฺโญชนิยญฺจ	V-V	1	6	6	0	1	40Abhi12
Na-atītaṃ	น-อตีตํ	V-V	1	6	6	0	1	40Abhi12
na-āsevanaduka	น-อาเสวนทุก	V-V	1	6	6	0	1	36Abhi08
nasa-uttarañca	นส-อุตฺตรญฺจ	V-V	1	6	6	0	1	40Abhi12
no-ogho	โน-โอโฆ	V-V	1	6	6	0	1	40Abhi12
no-āsavānaṃ	โน-อาสวานํ	V-V	1	6	6	0	1	38Abhi10
Sa-indriya	ส-อินฺทฺริย	V-V	1	6	6	0	1	36Abhi08
Sa-indriyaghaṭanā	ส-อินฺทฺริยฆฏนา	V-V	1	6	6	0	1	36Abhi08
sa-upaghātā	ส-อุปฆาตา	V-V	1	6	4	2	1	11Ma03
sa-upādānāya	ส-อุปาทานาย	V-V	1	6	3	3	1	01Vin01
sa-upāyāsā	ส-อุปายาสา	V-V	1	6	6	0	1	11Ma03
ti-evaṃ	ติ-เอวํ	V-V	1	6	6	0	1	05Vin05
yogavippayutta-ayoganiyo	โยควิปฺปยุตฺต-อโยคนิโย	V-V	1	6	5	1	1	30Abhi02
asaṃkiliṭṭha-asaṃkilesikānaṃ	อสํกิลิฏฺฐ-อสํกิเลสิกานํ	V-V	1	5	5	0	1	36Abhi08
hetu-ahetukā	เหตุ-อเหตุกา	V-V	1	5	5	0	1	30Abhi02
Hetu-ārammaṇādi	เหตุ-อารมฺมณาทิ	V-V	1	5	5	0	1	39Abhi11
mahā-upāsikāya	มหา-อุปาสิกาย	V-V	1	5	5	0	1	28Khu11
Na-acetasikaṃ	น-อเจตสิกํ	V-V	1	5	5	0	1	40Abhi12
na-anāgataṃ	น-อนาคตํ	V-V	1	5	5	0	1	40Abhi12
na-aparāmaṭṭhañca	น-อปรามฏฺฐญฺจ	V-V	1	5	5	0	1	40Abhi12
na-asaṃkilesikañca	น-อสํกิเลสิกญฺจ	V-V	1	5	5	0	1	40Abhi12
na-asaṃkiliṭṭho	น-อสํกิลิฏฺโฐ	V-V	1	5	5	0	1	40Abhi12
na-upekkhāsahagatāya	น-อุเปกฺขาสหคตาย	V-V	1	5	5	0	1	39Abhi11
na-uppādissa	น-อุปฺปาทิสฺส	V-V	1	5	5	0	1	40Abhi12
na-upādinnupādāniyassa	น-อุปาทินฺนุปาทานิยสฺส	V-V	1	5	5	0	1	40Abhi12
Na-upādānaṃ	น-อุปาทานํ	V-V	1	5	5	0	1	40Abhi12
nahetu-ahetukānaṃ	นเหตุ-อเหตุกานํ	V-V	1	5	5	0	1	38Abhi10
Nappaṭippassambhetabba-aṭṭhārasakaṃ	นปฺปฏิปฺปสฺสมฺเภตพฺพ-อฏฺฐารสกํ	V-V	1	5	4	1	1	04Vin04
no-upādānānaṃ	โน-อุปาทานานํ	V-V	1	5	5	0	1	38Abhi10
Paṭiloma-okāsa	ปฏิโลม-โอกาส	V-V	1	5	5	0	1	34Abhi06
Sa-indriyamaggaghaṭanā	ส-อินฺทฺริยมคฺคฆฏนา	V-V	1	5	5	0	1	36Abhi08
saddhamma-aparihānaṃ	สทฺธมฺม-อปริหานํ	V-V	1	5	4	1	1	14Sam03
Syā-potthake	สฺยา-โปตฺถเก	V-C	1	5	5	0	1	25Khu08
upādānavippayutta-upādāniyo	อุปาทานวิปฺปยุตฺต-อุปาทานิโย	V-V	1	5	4	1	1	30Abhi02
Acchariya-abbhutasutta	อจฺฉริย-อพฺภุตสุตฺต	V-V	1	4	4	0	1	11Ma03
Anidassana-appaṭighamūlake	อนิทสฺสน-อปฺปฏิฆมูลเก	V-V	1	4	4	0	1	37Abhi09
asati-amanasikāraṃ	อสติ-อมนสิการํ	V-V	1	4	2	2	1	09Ma01
Asaṃkiliṭṭha-asaṃkilesikehi	อสํกิลิฏฺฐ-อสํกิเลสิเกหิ	V-V	1	4	1	3	1	31Abhi03
avitakka-avicārampi	อวิตกฺก-อวิจารมฺปิ	V-V	1	4	4	0	1	17An03
avitakka-avicāran	อวิตกฺก-อวิจารนฺ	V-V	1	4	4	0	1	30Abhi02
byantī-akāsi	พฺยนฺตี-อกาสิ	V-V	1	4	4	0	1	25Khu08
Cha-ūna	ฉ-อูน	V-V	1	4	4	0	1	05Vin05
Cūḷa-assapurasutta	จูฬ-อสฺสปุรสุตฺต	V-V	1	4	4	0	1	09Ma01
dhātu-attho	ธาตุ-อตฺโถ	V-V	1	4	4	0	1	27khu10
evaṃ-abhisamparāyā	เอวํ-อภิสมฺปรายา	C-V	1	4	4	0	1	06Di01
hetu-ahetukan	เหตุ-อเหตุกนฺ	V-V	1	4	3	1	1	30Abhi02
hetu-ahetukaṃ	เหตุ-อเหตุกํ	V-V	1	4	2	2	1	30Abhi02
indriya-asaṃvaraṃ	อินฺทฺริย-อสํวรํ	V-V	1	4	4	0	1	17An03
kilesavippayutta-asaṃkilesiko	กิเลสวิปฺปยุตฺต-อสํกิเลสิโก	V-V	1	4	1	3	1	30Abhi02
kusalavippayutta-akusalavippayuttacittassa	กุสลวิปฺปยุตฺต-อกุสลวิปฺปยุตฺตจิตฺตสฺส	V-V	1	4	4	0	1	35Abhi07
Kāyindriya-asaṃvaro	กายินฺทฺริย-อสํวโร	V-V	1	4	3	1	1	32Abhi04
mahā-upāsikā	มหา-อุปาสิกา	V-V	1	4	4	0	1	28Khu11
Na-aganthaniyañceva	น-อคนฺถนิยญฺเจว	V-V	1	4	4	0	1	40Abhi12
na-aniyyānikañca	น-อนิยฺยานิกญฺจ	V-V	1	4	4	0	1	40Abhi12
na-aniyyāniko	น-อนิยฺยานิโก	V-V	1	4	4	0	1	40Abhi12
na-anupādinno	น-อนุปาทินฺโน	V-V	1	4	4	0	1	40Abhi12
na-anuttarañca	น-อนุตฺตรญฺจ	V-V	1	4	4	0	1	40Abhi12
na-anārammaṇañca	น-อนารมฺมณญฺจ	V-V	1	4	4	0	1	40Abhi12
Na-asaṃkilesikaṃ	น-อสํกิเลสิกํ	V-V	1	4	4	0	1	40Abhi12
na-asaṃkiliṭṭhañca	น-อสํกิลิฏฺฐญฺจ	V-V	1	4	4	0	1	40Abhi12
Na-asaṃkiliṭṭhaṃ	น-อสํกิลิฏฺฐํ	V-V	1	4	4	0	1	40Abhi12
na-avitakkañca	น-อวิตกฺกญฺจ	V-V	1	4	4	0	1	40Abhi12
Na-indriyaduka	น-อินฺทฺริยทุก	V-V	1	4	4	0	1	36Abhi08
Na-upekkhāsahagatā	น-อุเปกฺขาสหคตา	V-V	1	4	4	0	1	39Abhi11
Na-āhāraduka	น-อาหารทุก	V-V	1	4	4	0	1	36Abhi08
nana-arūpāvacaro	นน-อรูปาวจโร	V-V	1	4	4	0	1	40Abhi12
nana-upekkhāsahagatañca	นน-อุเปกฺขาสหคตญฺจ	V-V	1	4	4	0	1	40Abhi12
nana-upekkhāsahagato	นน-อุเปกฺขาสหคโต	V-V	1	4	4	0	1	40Abhi12
Nappaṭippassambhetabba-aṭṭhārasaka	นปฺปฏิปฺปสฺสมฺเภตพฺพ-อฏฺฐารสก	V-V	1	4	4	0	1	04Vin04
no-asavassa	โน-อสวสฺส	V-V	1	4	4	0	1	39Abhi11
no-asavañca	โน-อสวญฺจ	V-V	1	4	4	0	1	39Abhi11
nīvaraṇavippayutta-anīvaraṇiyo	นีวรณวิปฺปยุตฺต-อนีวรณิโย	V-V	1	4	4	0	1	30Abhi02
Paccayacatukka-ārammaṇādi	ปจฺจยจตุกฺก-อารมฺมณาทิ	V-V	1	4	4	0	1	39Abhi11
parāmāsavippayutta-aparāmaṭṭho	ปรามาสวิปฺปยุตฺต-อปรามฏฺโฐ	V-V	1	4	4	0	1	30Abhi02
Paṭippassambhetabba-aṭṭhārasaka	ปฏิปฺปสฺสมฺเภตพฺพ-อฏฺฐารสก	V-V	1	4	4	0	1	04Vin04
Paṭippassambhetabba-aṭṭhārasakaṃ	ปฏิปฺปสฺสมฺเภตพฺพ-อฏฺฐารสกํ	V-V	1	4	4	0	1	04Vin04
Phaladāyakatthera-apadāna	ผลทายกตฺเถร-อปทาน	V-V	1	4	4	0	1	20Khu03
Sa-upanissaya	ส-อุปนิสฺสย	V-V	1	4	4	0	1	36Abhi08
sa-upāhanāpi	ส-อุปาหนาปิ	V-V	1	4	4	0	1	04Vin04
Sādhipati-indriyaghaṭanā	สาธิปติ-อินฺทฺริยฆฏนา	V-V	1	4	4	0	1	36Abhi08
upādānavippayutta-anupādāniyo	อุปาทานวิปฺปยุตฺต-อนุปาทานิโย	V-V	1	4	4	0	1	30Abhi02
Vi-Mahāvagga	วิ-มหาวคฺค	V-C	1	4	4	0	1	07Di02
yāgu-atthāya	ยาคุ-อตฺถาย	V-V	1	4	4	0	1	02Vin02
Anupādinna-anupādāniyehi	อนุปาทินฺน-อนุปาทานิเยหิ	V-V	1	3	3	0	1	31Abhi03
anupādinna-anupādāniyādhipati	อนุปาทินฺน-อนุปาทานิยาธิปติ	V-V	1	3	3	0	1	36Abhi08
anupādā-aparitassanā	อนุปาทา-อปริตสฺสนา	V-V	1	3	3	0	1	13Sam02
Apara-accharāsaṅghātavagga	อปร-อจฺฉราสงฺฆาตวคฺค	V-V	1	3	3	0	1	15An01
asaṃkiliṭṭha-asaṃkilesikādhipati	อสํกิลิฏฺฐ-อสํกิเลสิกาธิปติ	V-V	1	3	3	0	1	36Abhi08
Cakkhundriya-asaṃvaro	จกฺขุนฺทฺริย-อสํวโร	V-V	1	3	1	2	1	32Abhi04
dve-aniyatānaṃ	เทฺว-อนิยตานํ	V-V	1	3	3	0	1	05Vin05
Ekato-avassute	เอกโต-อวสฺสุเต	V-V	1	3	3	0	1	02Vin02
Ghānindriya-asaṃvaro	ฆานินฺทฺริย-อสํวโร	V-V	1	3	3	0	1	32Abhi04
Hatthi-assā	หตฺถิ-อสฺสา	V-V	1	3	3	0	1	03Vin03
jalitapajjalitamahā-aggikkhandho	ชลิตปชฺชลิตมหา-อคฺคิกฺขนฺโธ	V-V	1	3	3	0	1	28Khu11
Jivhindriya-asaṃvaro	ชิวฺหินฺทฺริย-อสํวโร	V-V	1	3	3	0	1	32Abhi04
khandhadhātu-āyatanesu	ขนฺธธาตุ-อายตเนสุ	V-V	1	3	3	0	1	27khu10
Kilesaduka-akusalasadisaṃ	กิเลสทุก-อกุสลสทิสํ	V-V	1	3	3	0	1	39Abhi11
kilesavippayutta-asaṃkilesikan	กิเลสวิปฺปยุตฺต-อสํกิเลสิกนฺ	V-V	1	3	3	0	1	30Abhi02
kusalānu-esīti	กุสลานุ-เอสีติ	V-V	1	3	2	1	1	24Khu07
kuṭivatthu-olokanaṃ	กุฏิวตฺถุ-โอโลกนํ	V-V	1	3	3	0	1	01Vin01
mahā-aggiḍāho	มหา-อคฺคิฑาโห	V-V	1	3	3	0	1	15An01
Manindriya-asaṃvaro	มนินฺทฺริย-อสํวโร	V-V	1	3	3	0	1	32Abhi04
na-acetasikañca	น-อเจตสิกญฺจ	V-V	1	3	3	0	1	40Abhi12
Na-anuppannañca	น-อนุปฺปนฺนญฺจ	V-V	1	3	3	0	1	40Abhi12
na-appamāṇārammaṇo	น-อปฺปมาณารมฺมโณ	V-V	1	3	3	0	1	40Abhi12
na-arūpiñca	น-อรูปิญฺจ	V-V	1	3	3	0	1	40Abhi12
na-arūpāvacare	น-อรูปาวจเร	V-V	1	3	3	0	1	39Abhi11
Na-asaṃkilesikañceva	น-อสํกิเลสิกญฺเจว	V-V	1	3	3	0	1	40Abhi12
Na-asaṃkiliṭṭhañceva	น-อสํกิลิฏฺฐญฺเจว	V-V	1	3	3	0	1	40Abhi12
Na-oghaṃ	น-โอฆํ	V-V	1	3	3	0	1	40Abhi12
na-upekkhāsahagatānaṃ	น-อุเปกฺขาสหคตานํ	V-V	1	3	3	0	1	39Abhi11
na-uppādiñca	น-อุปฺปาทิญฺจ	V-V	1	3	3	0	1	40Abhi12
Na-ārammaṇasadisaṃ	น-อารมฺมณสทิสํ	V-V	1	3	3	0	1	37Abhi09
Na-āsavasampayuttañca	น-อาสวสมฺปยุตฺตญฺจ	V-V	1	3	3	0	1	40Abhi12
No-avigataduka	โน-อวิคตทุก	V-V	1	3	3	0	1	36Abhi08
no-okkācitavinītā	โน-โอกฺกาจิตวินีตา	V-V	1	3	3	0	1	15An01
no-upādādhipati	โน-อุปาทาธิปติ	V-V	1	3	3	0	1	38Abhi10
No-upādāmūlake	โน-อุปาทามูลเก	V-V	1	3	3	0	1	38Abhi10
no-upādānādhipati	โน-อุปาทานาธิปติ	V-V	1	3	3	0	1	38Abhi10
no-āmisagaru	โน-อามิสครุ	V-V	1	3	3	0	1	15An01
nīvaraṇavippayutta-anīvaraṇiyan	นีวรณวิปฺปยุตฺต-อนีวรณิยนฺ	V-V	1	3	1	2	1	30Abhi02
sa-upadhikā	ส-อุปธิกา	V-V	1	3	3	0	1	08Di03
sa-upādānova	ส-อุปาทาโนว	V-V	1	3	3	0	1	15An01
Saddasaññakatthera-apadāna	สทฺทสญฺญกตฺเถร-อปทาน	V-V	1	3	3	0	1	20Khu03
saṃyojanavippayutta-asaṃyojaniyan	สํโยชนวิปฺปยุตฺต-อสํโยชนิยนฺ	V-V	1	3	1	2	1	30Abhi02
Sotindriya-asaṃvaro	โสตินฺทฺริย-อสํวโร	V-V	1	3	3	0	1	32Abhi04
Sādhipati-indriyamaggaghaṭanā	สาธิปติ-อินฺทฺริยมคฺคฆฏนา	V-V	1	3	3	0	1	36Abhi08
Tela-abbhañjane	เตล-อพฺภญฺชเน	V-V	1	3	3	0	1	20Khu03
Ubhato-avassute	อุภโต-อวสฺสุเต	V-V	1	3	3	0	1	02Vin02
Vi-Ṭṭha	วิ-ฏฺฐ	V-C	1	3	3	0	1	03Vin03
āsavavippayutta-anāsavan	อาสววิปฺปยุตฺต-อนาสวนฺ	V-V	1	3	3	0	1	30Abhi02
accanta-anupādāvimokkhena	อจฺจนฺต-อนุปาทาวิโมกฺเขน	V-V	1	2	2	0	1	24Khu07
Aggikajaṭila-upamā	อคฺคิกชฏิล-อุปมา	V-V	1	2	2	0	1	07Di02
Ahetu-appaccayaṃ	อเหตุ-อปฺปจฺจยํ	V-V	1	2	2	0	1	15An01
akutoci-upaddavaṃ	อกุโตจิ-อุปทฺทวํ	V-V	1	2	2	0	1	23Khu06
Ambara-ambaravatiyo	อมฺพร-อมฺพรวติโย	V-V	1	2	2	0	1	08Di03
Anidassana-appaṭighapada	อนิทสฺสน-อปฺปฏิฆปท	V-V	1	2	2	0	1	39Abhi11
anidassana-appaṭighādhipati	อนิทสฺสน-อปฺปฏิฆาธิปติ	V-V	1	2	2	0	1	37Abhi09
Annasaṃsāvakatthera-apadāna	อนฺนสํสาวกตฺเถร-อปทาน	V-V	1	2	2	0	1	20Khu03
anto-aṭṭe	อนฺโต-อฏฺเฏ	V-V	1	2	2	0	1	01Vin01
Anto-udosite	อนฺโต-อุโทสิเต	V-V	1	2	2	0	1	01Vin01
Anulepadāyakatthera-apadāna	อนุเลปทายกตฺเถร-อปทาน	V-V	1	2	2	0	1	20Khu03
Anupādinna-anupādāniyapada	อนุปาทินฺน-อนุปาทานิยปท	V-V	1	2	2	0	1	39Abhi11
anupādā-aparitassanañca	อนุปาทา-อปริตสฺสนญฺจ	V-V	1	2	2	0	1	13Sam02
Apara-uttaratthero	อปร-อุตฺตรตฺเถโร	V-V	1	2	2	0	1	21Khu04
aparimita-asaṅkhyeyya	อปริมิต-อสงฺเขฺยยฺย	V-V	1	2	2	0	1	28Khu11
Ariya-aṭṭhaṅgikamagga	อริย-อฏฺฐงฺคิกมคฺค	V-V	1	2	2	0	1	06Di01
Asaṃkiliṭṭha-asaṃkilesikapada	อสํกิลิฏฺฐ-อสํกิเลสิกปท	V-V	1	2	2	0	1	39Abhi11
Asaṃkiliṭṭha-asaṃkilesike	อสํกิลิฏฺฐ-อสํกิเลสิเก	V-V	1	2	2	0	1	36Abhi08
ati-aggatāya	อติ-อคฺคตาย	V-V	1	2	2	0	1	28Khu11
ati-arahā	อติ-อรหา	V-V	1	2	2	0	1	28Khu11
Atta-atthe	อตฺต-อตฺเถ	V-V	1	2	2	0	1	28Khu11
Avaṭaphaliyatthera-apadāna	อวฏผลิยตฺเถร-อปทาน	V-V	1	2	2	0	1	21Khu04
Avitakka-avicārapada	อวิตกฺก-อวิจารปท	V-V	1	2	2	0	1	39Abhi11
Avitakka-avicārehi	อวิตกฺก-อวิจาเรหิ	V-V	1	2	2	0	1	31Abhi03
Avitakka-avicārāni	อวิตกฺก-อวิจารานิ	V-V	1	2	2	0	1	37Abhi09
Aṅguli-aḷakaṇḍaraṃ	องฺคุลิ-อฬกณฺฑรํ	V-V	1	2	2	0	1	03Vin03
Aṅkolapupphiyatthera-apadāna	องฺโกลปุปฺผิยตฺเถร-อปทาน	V-V	1	2	2	0	1	20Khu03
bahu-ādīnavo	พหุ-อาทีนโว	V-V	1	2	2	0	1	17An03
Bandhujīvakatthera-apadāna	พนฺธุชีวกตฺเถร-อปทาน	V-V	1	2	2	0	1	20Khu03
bheda-aṭṭhavidhena	เภท-อฏฺฐวิเธน	V-V	1	2	2	0	1	03Vin03
Bhūtaññavāda-ujjhāyi	ภูตญฺญวาท-อุชฺฌายิ	V-V	1	2	2	0	1	05Vin05
Biḷālidāyakatthera-apadāna	พิฬาลิทายกตฺเถร-อปทาน	V-V	1	2	2	0	1	20Khu03
Bodhi-upaṭṭhāko	โพธิ-อุปฏฺฐาโก	V-V	1	2	2	0	1	20Khu03
brahmacāri-abhipatthanenāti	พฺรหฺมจาริ-อภิปตฺถเนนาติ	V-V	1	2	1	1	1	12Sam01
Bāla-abyattavatthu	พาล-อพฺยตฺตวตฺถุ	V-V	1	2	2	0	1	03Vin03
cakka-nābhīnaṃ	จกฺก-นาภีนํ	V-C	1	2	2	0	1	22Khu05
Campakapupphiyatthera-apadāna	จมฺปกปุปฺผิยตฺเถร-อปทาน	V-V	1	2	2	0	1	20Khu03
Candimasūriya-upamā	จนฺทิมสูริย-อุปมา	V-V	1	2	2	0	1	07Di02
cha-asīti	ฉ-อสีติ	V-V	1	2	2	0	1	03Vin03
Cha-ūnadiyaḍḍhasatā	ฉ-อูนทิยฑฺฒสตา	V-V	1	2	2	0	1	05Vin05
Cittasaṃsaṭṭhasamuṭṭhānaduka-abyākatasadisaṃ	จิตฺตสํสฏฺฐสมุฏฺฐานทุก-อพฺยากตสทิสํ	V-V	1	2	2	0	1	39Abhi11
Cora-upamā	โจร-อุปมา	V-V	1	2	2	0	1	07Di02
cīvarapiṇḍapātasenāsanagilānappaccayabhesajja-parikkhārā	จีวรปิณฺฑปาตเสนาสนคิลานปฺปจฺจยเภสชฺช-ปริกฺขารา	V-C	1	2	1	1	1	01Vin01
Dakkhiṇa-akkhito	ทกฺขิณ-อกฺขิโต	V-V	1	2	2	0	1	26Khu09
Dakkhiṇa-aṃsakūṭato	ทกฺขิณ-อํสกูฏโต	V-V	1	2	2	0	1	26Khu09
Dhajadāyakatthera-apadāna	ธชทายกตฺเถร-อปทาน	V-V	1	2	2	0	1	20Khu03
Dutiya-adhammasutta	ทุติย-อธมฺมสุตฺต	V-V	1	2	2	0	1	17An03
Dutiya-aniccasutta	ทุติย-อนิจฺจสุตฺต	V-V	1	2	2	0	1	13Sam02
Dutiya-uppādasutta	ทุติย-อุปฺปาทสุตฺต	V-V	1	2	2	0	1	14Sam03
Dutiya-ājānīyasutta	ทุติย-อาชานียสุตฺต	V-V	1	2	2	0	1	15An01
dvāsaṭṭhi-adhikā	ทฺวาสฏฺฐิ-อธิกา	V-V	1	2	2	0	1	28Khu11
Ekadīpiyatthera-apadāna	เอกทีปิยตฺเถร-อปทาน	V-V	1	2	2	0	1	20Khu03
ekanta-ajjhosānā	เอกนฺต-อชฺโฌสานา	V-V	1	2	2	0	1	07Di02
ekanta-ajjhosānāti	เอกนฺต-อชฺโฌสานาติ	V-V	1	2	2	0	1	07Di02
Ekañjalikatthera-apadāna	เอกญฺชลิกตฺเถร-อปทาน	V-V	1	2	2	0	1	20Khu03
Gabbhinī-upamā	คพฺภินี-อุปมา	V-V	1	2	2	0	1	07Di02
Gandhodakiyatthera-apadāna	คนฺโธทกิยตฺเถร-อปทาน	V-V	1	2	2	0	1	20Khu03
Gatasaññakatthera-apadāna	คตสญฺญกตฺเถร-อปทาน	V-V	1	2	2	0	1	20Khu03
Gaṅgānadī-ādisutta	คงฺคานที-อาทิสุตฺต	V-V	1	2	2	0	1	14Sam03
Ghatamaṇḍadāyakatthera-apadāna	ฆตมณฺฑทายกตฺเถร-อปทาน	V-V	1	2	2	0	1	21Khu04
ghāna-sīsacchinnāna	ฆาน-สีสจฺฉินฺนาน	V-C	1	2	2	0	1	19Khu02
Guḷādi-anujānanā	คุฬาทิ-อนุชานนา	V-V	1	2	2	0	1	03Vin03
Gūthakūpapurisa-upamā	คูถกูปปุริส-อุปมา	V-V	1	2	2	0	1	07Di02
Hatthi-assarathe	หตฺถิ-อสฺสรเถ	V-V	1	2	2	0	1	23Khu06
Hatthi-assasunakhāhi	หตฺถิ-อสฺสสุนขาหิ	V-V	1	2	2	0	1	03Vin03
Hiri-ottappasampannā	หิริ-โอตฺตปฺปสมฺปนฺนา	V-V	1	2	2	0	1	22Khu05
Indriya-asaṃvarampāhaṃ	อินฺทฺริย-อสํวรมฺปาหํ	V-V	1	2	2	0	1	17An03
indriya-asaṃvarassa	อินฺทฺริย-อสํวรสฺส	V-V	1	2	2	0	1	17An03
indriyakhandhadhātu-āyatanāni	อินฺทฺริยขนฺธธาตุ-อายตนานิ	V-V	1	2	2	0	1	27khu10
Isivutthapuririkāma-ekarakkhe	อิสิวุตฺถปุริริกาม-เอกรกฺเข	V-V	1	2	2	0	1	27khu10
issa-phandanā	อิสฺส-ผนฺทนา	V-C	1	2	2	0	1	22Khu05
itthi-aṅge	อิตฺถิ-องฺเค	V-V	1	2	2	0	1	21Khu04
Janapadakalyāṇī-upamā	ชนปทกลฺยาณี-อุปมา	V-V	1	2	2	0	1	06Di01
Kadambapupphiyatthera-apadāna	กทมฺพปุปฺผิยตฺเถร-อปทาน	V-V	1	2	2	0	1	20Khu03
Kasi-vāṇijjaṃ	กสิ-วาณิชฺชํ	V-C	1	2	2	0	1	22Khu05
Kha-Ga	ข-ค	V-C	1	2	2	0	1	05Vin05
Khambhoguṇṭhi-ukkuṭikā	ขมฺโภคุณฺฐิ-อุกฺกุฏิกา	V-V	1	2	2	0	1	04Vin04
Kumudamāliyatthera-apadāna	กุมุทมาลิยตฺเถร-อปทาน	V-V	1	2	2	0	1	20Khu03
Kusalapada-hetu	กุสลปท-เหตุ	V-C	1	2	2	0	1	39Abhi11
kuto-abhinibbatto	กุโต-อภินิพฺพตฺโต	V-V	1	2	2	0	1	24Khu07
mahā-aggikkhandhe	มหา-อคฺคิกฺขนฺเธ	V-V	1	2	2	0	1	28Khu11
Mahā-aggiḍāhe	มหา-อคฺคิฑาเห	V-V	1	2	2	0	1	15An01
mahā-iddhīpi	มหา-อิทฺธีปิ	V-V	1	2	2	0	1	21Khu04
mahā-isīnaṃ	มหา-อิสีนํ	V-V	1	2	2	0	1	20Khu03
mahā-udakarahado	มหา-อุทกรหโท	V-V	1	2	2	0	1	17An03
mahā-udakavāhake	มหา-อุทกวาหเก	V-V	1	2	2	0	1	15An01
mahā-udakavāhako	มหา-อุทกวาหโก	V-V	1	2	2	0	1	15An01
micchā-ājīvapaccayā	มิจฺฉา-อาชีวปจฺจยา	V-V	1	2	2	0	1	17An03
Muraja-ālambaratūriyaghuṭṭho	มุรช-อาลมฺพรตูริยฆุฏฺโฐ	V-V	1	2	2	0	1	19Khu02
mānatta-abbhānā	มานตฺต-อพฺภานา	V-V	1	2	2	0	1	03Vin03
Mārādisutta-ekādasaka	มาราทิสุตฺต-เอกาทสก	V-V	1	2	2	0	1	13Sam02
Mūlāya-avisuddhinavakaṃ	มูลาย-อวิสุทฺธินวกํ	V-V	1	2	2	0	1	04Vin04
Na-abyākate	น-อพฺยากเต	V-V	1	2	2	0	1	40Abhi12
Na-adhipatimūlakaṃ	น-อธิปติมูลกํ	V-V	1	2	2	0	1	36Abhi08
Na-aganthaniyaṃ	น-อคนฺถนิยํ	V-V	1	2	2	0	1	40Abhi12
Na-akusale	น-อกุสเล	V-V	1	2	2	0	1	40Abhi12
Na-anantarādiduka	น-อนนฺตราทิทุก	V-V	1	2	2	0	1	36Abhi08
na-anupādinna-anupādāniyañca	น-อนุปาทินฺน-อนุปาทานิยญฺจ	V-V	2	2	2	0	1	40Abhi12
Na-anupādinnupādāniyañca	น-อนุปาทินฺนุปาทานิยญฺจ	V-V	1	2	2	0	1	40Abhi12
na-apariyāpannañca	น-อปริยาปนฺนญฺจ	V-V	1	2	2	0	1	40Abhi12
Na-aparāmaṭṭhañceva	น-อปรามฏฺฐญฺเจว	V-V	1	2	2	0	1	40Abhi12
na-appaṭighassa	น-อปฺปฏิฆสฺส	V-V	1	2	2	0	1	40Abhi12
na-appaṭighañca	น-อปฺปฏิฆญฺจ	V-V	1	2	2	0	1	40Abhi12
Na-arūpadhātumūlakaṃ	น-อรูปธาตุมูลกํ	V-V	1	2	1	1	1	34Abhi06
na-arūpāvacarānaṃ	น-อรูปาวจรานํ	V-V	1	2	2	0	1	39Abhi11
na-arūpāvacarāya	น-อรูปาวจราย	V-V	1	2	2	0	1	39Abhi11
Na-asaññojaniyañceva	น-อสญฺโญชนิยญฺเจว	V-V	1	2	2	0	1	40Abhi12
Na-asaññojaniyaṃ	น-อสญฺโญชนิยํ	V-V	1	2	2	0	1	40Abhi12
Na-aññamañña	น-อญฺญมญฺญ	V-V	1	2	2	0	1	36Abhi08
Na-aññamaññaduka	น-อญฺญมญฺญทุก	V-V	1	2	2	0	1	36Abhi08
Na-aññamaññamūlakaṃ	น-อญฺญมญฺญมูลกํ	V-V	1	2	2	0	1	36Abhi08
Na-upanissaya	น-อุปนิสฺสย	V-V	1	2	2	0	1	36Abhi08
Na-upanissayaduka	น-อุปนิสฺสยทุก	V-V	1	2	2	0	1	36Abhi08
Na-upanissayamūlakaṃ	น-อุปนิสฺสยมูลกํ	V-V	1	2	2	0	1	36Abhi08
na-upekkhāsahagatena	น-อุเปกฺขาสหคเตน	V-V	1	2	2	0	1	39Abhi11
Na-upādinnupādāniyañca	น-อุปาทินฺนุปาทานิยญฺจ	V-V	1	2	2	0	1	40Abhi12
Na-āhārādiduka	น-อาหาราทิทุก	V-V	1	2	2	0	1	36Abhi08
Na-ārammaṇamūlakaṃ	น-อารมฺมณมูลกํ	V-V	1	2	2	0	1	36Abhi08
na-āsevanapaccayampi	น-อาเสวนปจฺจยมฺปิ	V-V	1	2	2	0	1	36Abhi08
nahāru-aṭṭhikehi	นหารุ-อฏฺฐิเกหิ	V-V	1	2	2	0	1	21Khu04
Narūpana-arūpadhātumūlakaṃ	นรูปน-อรูปธาตุมูลกํ	V-V	1	2	1	1	1	34Abhi06
Naḷamālikātherī-apadāna	นฬมาลิกาเถรี-อปทาน	V-V	1	2	2	0	1	21Khu04
Nigguṇḍipupphiyatthera-apadāna	นิคฺคุณฺฑิปุปฺผิยตฺเถร-อปทาน	V-V	1	2	2	0	1	20Khu03
nindāghaṭṭanabyārosa-upārambhabhayāti	นินฺทาฆฏฺฏนพฺยาโรส-อุปารมฺภภยาติ	V-V	1	2	2	0	1	13Sam02
nipātamattameva-Ṭṭha	นิปาตมตฺตเมว-ฏฺฐ	V-C	1	2	2	0	1	07Di02
Nitthiṇṇa-oghaṃ	นิตฺถิณฺณ-โอฆํ	V-V	1	2	2	0	1	32Abhi04
No-atthiduka	โน-อตฺถิทุก	V-V	1	2	2	0	1	36Abhi08
No-atthimūlakaṃ	โน-อตฺถิมูลกํ	V-V	1	2	2	0	1	36Abhi08
no-āsavañceva	โน-อาสวญฺเจว	V-V	1	2	2	0	1	40Abhi12
nānā-oghehi	นานา-โอเฆหิ	V-V	1	2	2	0	1	24Khu07
Paccakkhantima-ummattā	ปจฺจกฺขนฺติม-อุมฺมตฺตา	V-V	1	2	1	1	1	03Vin03
Paccayacatukka-ārammaṇa	ปจฺจยจตุกฺก-อารมฺมณ	V-V	1	2	2	0	1	39Abhi11
Padumapūjakatthera-apadāna	ปทุมปูชกตฺเถร-อปทาน	V-V	1	2	2	0	1	20Khu03
Pakkhappaṭicchanna-abbhāna	ปกฺขปฺปฏิจฺฉนฺน-อพฺภาน	V-V	1	2	2	0	1	04Vin04
parama-alaṅkatā	ปรม-อลงฺกตา	V-V	1	2	1	1	1	19Khu02
Parimaṇḍala-ujjagghi	ปริมณฺฑล-อุชฺชคฺฆิ	V-V	1	2	2	0	1	05Vin05
Pañca-upāsakavatthu	ปญฺจ-อุปาสกวตฺถุ	V-V	1	2	2	0	1	18Khu01
Pañcahatthiyatthera-apadāna	ปญฺจหตฺถิยตฺเถร-อปทาน	V-V	1	2	2	0	1	20Khu03
paṇidhi-anupaṭṭhānakusalo	ปณิธิ-อนุปฏฺฐานกุสโล	V-V	1	2	2	0	1	26Khu09
Paṇihita-acchavagga	ปณิหิต-อจฺฉวคฺค	V-V	1	2	2	0	1	15An01
Paṇṇadāyakatthera-apadāna	ปณฺณทายกตฺเถร-อปทาน	V-V	1	2	2	0	1	20Khu03
Paṭhama-adhammasutta	ปฐม-อธมฺมสุตฺต	V-V	1	2	2	0	1	17An03
Paṭhama-uppādasutta	ปฐม-อุปฺปาทสุตฺต	V-V	1	2	2	0	1	14Sam03
Paṭhama-ājānīyasutta	ปฐม-อาชานียสุตฺต	V-V	1	2	2	0	1	15An01
paṭi-ānayā	ปฏิ-อานยา	V-V	1	2	2	0	1	22Khu05
Paṭiggahitādi-anujānanā	ปฏิคฺคหิตาทิ-อนุชานนา	V-V	1	2	2	0	1	03Vin03
Paṭikūla-anabhiratena	ปฏิกูล-อนภิรเตน	V-V	1	2	2	0	1	14Sam03
Peyyāla-antarā	เปยฺยาล-อนฺตรา	V-V	1	2	2	0	1	05Vin05
Pilindavacchatthera-apadāna	ปิลินฺทวจฺฉตฺเถร-อปทาน	V-V	1	2	2	0	1	20Khu03
Pulinapūjakatthera-apadāna	ปุลินปูชกตฺเถร-อปทาน	V-V	1	2	2	0	1	20Khu03
Punnāgapupphiyatthera-apadāna	ปุนฺนาคปุปฺผิยตฺเถร-อปทาน	V-V	1	2	2	0	1	20Khu03
Pāpanivāriyatthera-apadāna	ปาปนิวาริยตฺเถร-อปทาน	V-V	1	2	2	0	1	20Khu03
Pāṭalipupphiyatthera-apadāna	ปาฏลิปุปฺผิยตฺเถร-อปทาน	V-V	1	2	2	0	1	20Khu03
pīti-uppādanena	ปีติ-อุปฺปาทเนน	V-V	1	2	2	0	1	20Khu03
Raṃsisaññakatthera-apadāna	รํสิสญฺญกตฺเถร-อปทาน	V-V	1	2	2	0	1	20Khu03
Sa-indake	ส-อินฺทเก	V-V	1	2	2	0	1	19Khu02
sa-inde	ส-อินฺเท	V-V	1	2	2	0	1	07Di02
Sa-indriyajhānaghaṭanā	ส-อินฺทฺริยฌานฆฏนา	V-V	1	2	2	0	1	36Abhi08
sa-indānaṃ	ส-อินฺทานํ	V-V	1	2	2	0	1	23Khu06
sa-udrayāti	ส-อุทฺรยาติ	V-V	1	2	2	0	1	07Di02
sa-upavajjo	ส-อุปวชฺโช	V-V	1	2	2	0	1	13Sam02
sa-upavajjoti	ส-อุปวชฺโชติ	V-V	1	2	2	0	1	11Ma03
sa-upādheyyaṃ	ส-อุปาเธยฺยํ	V-V	1	2	2	0	1	23Khu06
sa-vaṭākaraṃ	ส-วฏากรํ	V-C	1	2	2	0	1	22Khu05
sabba-acchanne	สพฺพ-อจฺฉนฺเน	V-V	1	2	2	0	1	02Vin02
sabba-aparicchanne	สพฺพ-อปริจฺฉนฺเน	V-V	1	2	2	0	1	02Vin02
sabba-apāyaloke	สพฺพ-อปายโลเก	V-V	1	2	2	0	1	25Khu08
sabbaloke-anabhiratisaññā	สพฺพโลเก-อนภิรติสญฺญา	V-V	1	2	2	0	1	08Di03
sacchinna-iriyāpathaṃ	สจฺฉินฺน-อิริยาปถํ	V-V	1	2	2	0	1	03Vin03
saddhāsampayutta-upekkhāsampayuttacittassa	สทฺธาสมฺปยุตฺต-อุเปกฺขาสมฺปยุตฺตจิตฺตสฺส	V-V	1	2	2	0	1	35Abhi07
saddhāvippayutta-upekkhāsampayuttacittassa	สทฺธาวิปฺปยุตฺต-อุเปกฺขาสมฺปยุตฺตจิตฺตสฺส	V-V	1	2	2	0	1	35Abhi07
saddhāvippayutta-upekkhāvippayuttacittassa	สทฺธาวิปฺปยุตฺต-อุเปกฺขาวิปฺปยุตฺตจิตฺตสฺส	V-V	1	2	1	1	1	35Abhi07
Sahetu-indriyaghaṭanā	สเหตุ-อินฺทฺริยฆฏนา	V-V	1	2	2	0	1	36Abhi08
Sahetādhipati-indriyaghaṭanā	สเหตาธิปติ-อินฺทฺริยฆฏนา	V-V	1	2	2	0	1	36Abhi08
Sammā-ājīvapaccayā	สมฺมา-อาชีวปจฺจยา	V-V	1	2	2	0	1	17An03
Sammā-ājīvaparibhāvitā	สมฺมา-อาชีวปริภาวิตา	V-V	1	2	2	0	1	26Khu09
sammā-ājīvato	สมฺมา-อาชีวโต	V-V	1	2	2	0	1	27khu10
sandosabyāpatti-akusalasañcetanikāhetu	สนฺโทสพฺยาปตฺติ-อกุสลสญฺเจตนิกาเหตุ	V-V	1	2	2	0	1	17An03
saraṇa-araṇā	สรณ-อรณา	V-V	1	2	2	0	1	34Abhi06
sati-upaṭṭhāne	สติ-อุปฏฺฐาเน	V-V	1	2	2	0	1	15An01
sati-ārakkhena	สติ-อารกฺเขน	V-V	1	2	2	0	1	27khu10
Sattavassika-ābādhaṃ	สตฺตวสฺสิก-อาพาธํ	V-V	1	2	2	0	1	03Vin03
sattavīsa-ākāre	สตฺตวีส-อากาเร	V-V	1	2	1	1	1	27khu10
sattha-āvudhapāṇinaṃ	สตฺถ-อาวุธปาณินํ	V-V	1	2	2	0	1	05Vin05
Sayanadāyakatthera-apadāna	สยนทายกตฺเถร-อปทาน	V-V	1	2	2	0	1	20Khu03
Saḷalapupphiyatthera-apadāna	สฬลปุปฺผิยตฺเถร-อปทาน	V-V	1	2	2	0	1	20Khu03
Saṅkhadhama-upamā	สงฺขธม-อุปมา	V-V	1	2	2	0	1	07Di02
So-attāsutta	โส-อตฺตาสุตฺต	V-V	1	2	2	0	1	13Sam02
sokaparidevadukkhadomanassa-upāyāsā	โสกปริเทวทุกฺขโทมนสฺส-อุปายาสา	V-V	1	2	2	0	1	32Abhi04
somanassavippayutta-upekkhāvippayuttacittassa	โสมนสฺสวิปฺปยุตฺต-อุเปกฺขาวิปฺปยุตฺตจิตฺตสฺส	V-V	1	2	2	0	1	35Abhi07
su-ācikkhitaṃ	สุ-อาจิกฺขิตํ	V-V	1	2	2	0	1	25Khu08
Sumaṅgalatthera-apadāna	สุมงฺคลตฺเถร-อปทาน	V-V	1	2	2	0	1	20Khu03
Supinaka-upamā	สุปินก-อุปมา	V-V	1	2	2	0	1	07Di02
Sādhipati-āhāraghaṭanā	สาธิปติ-อาหารฆฏนา	V-V	1	2	2	0	1	36Abhi08
Sīhāsanadāyakatthera-apadāna	สีหาสนทายกตฺเถร-อปทาน	V-V	1	2	2	0	1	20Khu03
Sūcidāyakatthera-apadāna	สูจิทายกตฺเถร-อปทาน	V-V	1	2	2	0	1	20Khu03
Tatiya-adhammasutta	ตติย-อธมฺมสุตฺต	V-V	1	2	2	0	1	17An03
Theragāthā-Ṭṭha	เถรคาถา-ฏฺฐ	V-C	1	2	2	0	1	20Khu03
ti-uṇhaṃ	ติ-อุณฺหํ	V-V	1	2	2	0	1	19Khu02
Timirapupphiyatthera-apadāna	ติมิรปุปฺผิยตฺเถร-อปทาน	V-V	1	2	2	0	1	20Khu03
ucchu-puṭaṃ	อุจฺฉุ-ปุฏํ	V-C	1	2	2	0	1	22Khu05
Udakapūjakatthera-apadāna	อุทกปูชกตฺเถร-อปทาน	V-V	1	2	2	0	1	20Khu03
uddhacca-avijjāya	อุทฺธจฺจ-อวิชฺชาย	V-V	1	2	1	1	1	29Abhi01
Udāna-Ṭṭha	อุทาน-ฏฺฐ	V-C	1	2	2	0	1	20Khu03
Uggaputta-rājaputtiyānaṃ	อุคฺคปุตฺต-ราชปุตฺติยานํ	V-C	1	2	2	0	1	22Khu05
ullitta-avalittakaṃ	อุลฺลิตฺต-อวลิตฺตกํ	V-V	1	2	2	0	1	04Vin04
unnata-onatā	อุนฺนต-โอนตา	V-V	1	2	2	0	1	19Khu02
upādānaduka-akusalasadisaṃ	อุปาทานทุก-อกุสลสทิสํ	V-V	1	2	2	0	1	39Abhi11
uttānī-akaṃsu	อุตฺตานี-อกํสุ	V-V	1	2	2	0	1	25Khu08
Vedanāmagga-isinā	เวทนามคฺค-อิสินา	V-V	1	2	2	0	1	27khu10
Veḷuriyaka-rodāyo	เวฬุริยก-โรทาโย	V-C	1	2	2	0	1	23Khu06
Virūḷho-iti	วิรูโฬฺห-อิติ	V-V	1	2	2	0	1	08Di03
vāma-akkhito	วาม-อกฺขิโต	V-V	1	2	2	0	1	26Khu09
vāma-aṃsakūṭato	วาม-อํสกูฏโต	V-V	1	2	2	0	1	26Khu09
Vāḷa-ulūkapakkhañca	วาฬ-อุลูกปกฺขญฺจ	V-V	1	2	2	0	1	03Vin03
Ya-Ra	ย-ร	V-C	1	2	2	0	1	17An03
Yaṃvadā-takkarā	ยํวทา-ตกฺกรา	V-C	1	2	2	0	1	23Khu06
Yogi-pītikaraṃ	โยคิ-ปีติกรํ	V-C	1	2	2	0	1	19Khu02
Yūthikapupphiyatthera-apadāna	ยูถิกปุปฺผิยตฺเถร-อปทาน	V-V	1	2	2	0	1	20Khu03
Ñāṇasaññikatthera-apadāna	ญาณสญฺญิกตฺเถร-อปทาน	V-V	1	2	2	0	1	20Khu03
ñāṇavippayutta-upekkhāsampayuttacittassa	ญาณวิปฺปยุตฺต-อุเปกฺขาสมฺปยุตฺตจิตฺตสฺส	V-V	1	2	1	1	1	35Abhi07
ñāṇavippayutta-upekkhāvippayuttacittassa	ญาณวิปฺปยุตฺต-อุเปกฺขาวิปฺปยุตฺตจิตฺตสฺส	V-V	1	2	2	0	1	35Abhi07
Āpatti-āvikaraṇavidhi	อาปตฺติ-อาวิกรณวิธิ	V-V	1	2	2	0	1	03Vin03
Ārakkhadāyakatthera-apadāna	อารกฺขทายกตฺเถร-อปทาน	V-V	1	2	2	0	1	20Khu03
Ārammaṇa-adhipati	อารมฺมณ-อธิปติ	V-V	1	2	2	0	1	39Abhi11
Ārammaṇa-anvayena	อารมฺมณ-อนฺวเยน	V-V	1	2	2	0	1	26Khu09
īsā-akkhacakkarathapañjararathadaṇḍayugarasmipatodā	อีสา-อกฺขจกฺกรถปญฺชรรถทณฺฑยุครสฺมิปโตทา	V-V	1	2	1	1	1	28Khu11
Ūnaka-aḍḍhateyyakaṃse	อูนก-อฑฺฒเตยฺยกํเส	V-V	1	2	2	0	1	02Vin02
abaladubbalaparitta-appathokamandaggi	อพลทุพฺพลปริตฺต-อปฺปโถกมนฺทคฺคิ	V-V	1	1	1	0	1	28Khu11
Abhayatthera-apadāna	อภยตฺเถร-อปทาน	V-V	1	1	1	0	1	21Khu04
abhi-uyyāsī	อภิ-อุยฺยาสี	V-V	1	1	1	0	1	12Sam01
Abhibhūmi-āyatanasahagatā	อภิภูมิ-อายตนสหคตา	V-V	1	1	1	0	1	27khu10
abhijjhālu-kāmesutibbasārāgasandosahetu	อภิชฺฌาลุ-กาเมสุติพฺพสาราคสนฺโทสเหตุ	V-C	1	1	1	0	1	09Ma01
abhinandanā-itipi	อภินนฺทนา-อิติปิ	V-V	1	1	1	0	1	27khu10
Abhinīlanetta-gopakhumalakkhaṇāni	อภินีลเนตฺต-โคปขุมลกฺขณานิ	V-C	1	1	1	0	1	08Di03
Abhirūpanandātherī-apadāna	อภิรูปนนฺทาเถรี-อปทาน	V-V	1	1	1	0	1	21Khu04
abhivuddhaparisuddha-udiccajātippabhavaṃ	อภิวุทฺธปริสุทฺธ-อุทิจฺจชาติปฺปภวํ	V-V	1	1	1	0	1	28Khu11
abhivādanapaccuṭṭhāna-añjalikamma	อภิวาทนปจฺจุฏฺฐาน-อญฺชลิกมฺม	V-V	1	1	1	0	1	11Ma03
abhivādanapaccuṭṭhāna-añjalikammasāmīcikammacīvarapiṇḍapāta	อภิวาทนปจฺจุฏฺฐาน-อญฺชลิกมฺมสามีจิกมฺมจีวรปิณฺฑปาต	V-V	1	1	1	0	1	11Ma03
abhivādanapaccuṭṭhāna-añjalikammasāmīcikammaṃ	อภิวาทนปจฺจุฏฺฐาน-อญฺชลิกมฺมสามีจิกมฺมํ	V-V	1	1	1	0	1	04Vin04
abhivādanapaccuṭṭhāna-añjalikammasāmīcikammānīti	อภิวาทนปจฺจุฏฺฐาน-อญฺชลิกมฺมสามีจิกมฺมานีติ	V-V	1	1	1	0	1	10Ma02
Abyādhikatthera-apadāna	อพฺยาธิกตฺเถร-อปทาน	V-V	1	1	1	0	1	20Khu03
Abyākatapada-paccanīya	อพฺยากตปท-ปจฺจนีย	V-C	1	1	1	0	1	40Abhi12
Acchariya-abbhuta	อจฺฉริย-อพฺภุต	V-V	1	1	1	0	1	08Di03
Acchariya-abbhutasuttaṃ	อจฺฉริย-อพฺภุตสุตฺตํ	V-V	1	1	1	0	1	11Ma03
Aciravatīnadī-upamā	อจิรวตีนที-อุปมา	V-V	1	1	1	0	1	06Di01
Adanta-aguttasutta	อทนฺต-อคุตฺตสุตฺต	V-V	1	1	1	0	1	13Sam02
adhikaraṇa-avūpasamo	อธิกรณ-อวูปสโม	V-V	1	1	1	0	1	27khu10
Adhikaraṇa-samathenaṭṭhame	อธิกรณ-สมเถนฏฺฐเม	V-C	1	1	1	0	1	16An02
Adhimuttatthera-apadāna	อธิมุตฺตตฺเถร-อปทาน	V-V	1	1	1	0	1	20Khu03
adhipati-paccayena	อธิปติ-ปจฺจเยน	V-C	1	1	1	0	1	37Abhi09
Adhivāsanāpahātabba-āsava	อธิวาสนาปหาตพฺพ-อาสว	V-V	1	1	1	0	1	09Ma01
Adhopupphiyatthera-apadāna	อโธปุปฺผิยตฺเถร-อปทาน	V-V	1	1	1	0	1	20Khu03
Agati-agamana	อคติ-อคมน	V-V	1	1	1	0	1	05Vin05
Agati-agamanāni	อคติ-อคมนานิ	V-V	1	1	1	0	1	05Vin05
Agati-agantabba	อคติ-อคนฺตพฺพ	V-V	1	1	1	0	1	05Vin05
Aggapupphiyatthera-apadāna	อคฺคปุปฺผิยตฺเถร-อปทาน	V-V	1	1	1	0	1	20Khu03
Aggi-udakasattīhi	อคฺคิ-อุทกสตฺตีหิ	V-V	1	1	1	0	1	28Khu11
Aggāsanādi-anujānana	อคฺคาสนาทิ-อนุชานน	V-V	1	1	1	0	1	04Vin04
Ahetukakiriyā-abyākata	อเหตุกกิริยา-อพฺยากต	V-V	1	1	1	0	1	29Abhi01
Ajeliphaladāyakatthera-apadāna	อเชลิผลทายกตฺเถร-อปทาน	V-V	1	1	1	0	1	21Khu04
Ajinadāyakatthera-apadāna	อชินทายกตฺเถร-อปทาน	V-V	1	1	1	0	1	20Khu03
Ajitatthera-apadāna	อชิตตฺเถร-อปทาน	V-V	1	1	1	0	1	20Khu03
Ajjhatta-aniccachandarāgasutta	อชฺฌตฺต-อนิจฺจฉนฺทราคสุตฺต	V-V	1	1	1	0	1	13Sam02
Ajjhatta-aniccachandasutta	อชฺฌตฺต-อนิจฺจฉนฺทสุตฺต	V-V	1	1	1	0	1	13Sam02
Ajjhatta-aniccahetusutta	อชฺฌตฺต-อนิจฺจเหตุสุตฺต	V-V	1	1	1	0	1	13Sam02
Ajjhatta-aniccanandikkhayasutta	อชฺฌตฺต-อนิจฺจนนฺทิกฺขยสุตฺต	V-V	1	1	1	0	1	13Sam02
Ajjhatta-aniccarāgasutta	อชฺฌตฺต-อนิจฺจราคสุตฺต	V-V	1	1	1	0	1	13Sam02
ajjhattavikkhepā-kaṅkhanā	อชฺฌตฺตวิกฺเขปา-กงฺขนา	V-C	1	1	1	0	1	26Khu09
Ajjhattātītādi-anattasutta	อชฺฌตฺตาตีตาทิ-อนตฺตสุตฺต	V-V	1	1	1	0	1	13Sam02
Ajjhattāyatana-anattasutta	อชฺฌตฺตายตน-อนตฺตสุตฺต	V-V	1	1	1	0	1	13Sam02
Ajjhattāyatana-aniccasutta	อชฺฌตฺตายตน-อนิจฺจสุตฺต	V-V	1	1	1	0	1	13Sam02
Ajjunapupphiyatthera-apadāna	อชฺชุนปุปฺผิยตฺเถร-อปทาน	V-V	1	1	1	0	1	21Khu04
Ajātasattu-upāsakattapaṭivedanā	อชาตสตฺตุ-อุปาสกตฺตปฏิเวทนา	V-V	1	1	1	0	1	06Di01
akappita-iriyāpathā	อกปฺปิต-อิริยาปถา	V-V	1	1	1	0	1	24Khu07
Akataññutā-akataveditā	อกตญฺญุตา-อกตเวทิตา	V-V	1	1	1	0	1	15An01
Akataññutā-akataveditāya	อกตญฺญุตา-อกตเวทิตาย	V-V	1	1	1	0	1	15An01
Akkamanadāyakatthera-apadāna	อกฺกมนทายกตฺเถร-อปทาน	V-V	1	1	1	0	1	21Khu04
Akkantasaññakatthera-apadāna	อกฺกนฺตสญฺญกตฺเถร-อปทาน	V-V	1	1	1	0	1	20Khu03
Akkhadhuttaka-upamā	อกฺขธุตฺตก-อุปมา	V-V	1	1	1	0	1	07Di02
Akkhanti-ādīnavā	อกฺขนฺติ-อาทีนวา	V-V	1	1	1	0	1	16An02
akkharapadabyañjana-ākāraniruttiniddesehi	อกฺขรปทพฺยญฺชน-อาการนิรุตฺตินิทฺเทเสหิ	V-V	1	1	1	0	1	27khu10
Akkharasaññita-opamagāḷhaṃ	อกฺขรสญฺญิต-โอปมคาฬฺหํ	V-V	1	1	1	0	1	18Khu01
Akusalavipāka-abyākata	อกุสลวิปาก-อพฺยากต	V-V	1	1	1	0	1	29Abhi01
Ambadāyakatthera-apadāna	อมฺพทายกตฺเถร-อปทาน	V-V	1	1	1	0	1	20Khu03
Ambaphaliyatthera-apadāna	อมฺพผลิยตฺเถร-อปทาน	V-V	1	1	1	0	1	21Khu04
Ambapiṇḍi-upamā	อมฺพปิณฺฑิ-อุปมา	V-V	1	1	1	0	1	06Di01
Ambapālitherī-apadāna	อมฺพปาลิเถรี-อปทาน	V-V	1	1	1	0	1	21Khu04
Ambayāgadāyakatthera-apadāna	อมฺพยาคทายกตฺเถร-อปทาน	V-V	1	1	1	0	1	20Khu03
Ambayāgudāyakatthera-apadāna	อมฺพยาคุทายกตฺเถร-อปทาน	V-V	1	1	1	0	1	20Khu03
Ambāṭakadāyakatthera-apadāna	อมฺพาฏกทายกตฺเถร-อปทาน	V-V	1	1	1	0	1	21Khu04
Ambāṭakiyatthera-apadāna	อมฺพาฏกิยตฺเถร-อปทาน	V-V	1	1	1	0	1	21Khu04
Amodaphaliyatthera-apadāna	อโมทผลิยตฺเถร-อปทาน	V-V	1	1	1	0	1	21Khu04
ananuruddha-appaṭiviruddhassāvuso	อนนุรุทฺธ-อปฺปฏิวิรุทฺธสฺสาวุโส	V-V	1	1	1	0	1	09Ma01
ananuruddha-appaṭiviruddhā	อนนุรุทฺธ-อปฺปฏิวิรุทฺธา	V-V	1	1	1	0	1	09Ma01
anariyavohārā-adiṭṭhaṃ	อนริยโวหารา-อทิฏฺฐํ	V-V	1	1	1	0	1	02Vin02
anañjita-amaṇḍito	อนญฺชิต-อมณฺฑิโต	V-V	1	1	1	0	1	28Khu11
anekavividha-atiparamadukkara	อเนกวิวิธ-อติปรมทุกฺกร	V-V	1	1	1	0	1	25Khu08
Aniccadukkha-anattapahānaṃ	อนิจฺจทุกฺข-อนตฺตปหานํ	V-V	1	1	1	0	1	14Sam03
Aniccadukkha-anattato	อนิจฺจทุกฺข-อนตฺตโต	V-V	1	1	1	0	1	16An02
anidassana-appaṭighacittasamaṅgissa	อนิทสฺสน-อปฺปฏิฆจิตฺตสมงฺคิสฺส	V-V	1	1	1	0	1	37Abhi09
Anidassana-appaṭighamūlakeyeva	อนิทสฺสน-อปฺปฏิฆมูลเกเยว	V-V	1	1	1	0	1	37Abhi09
Anidassana-appaṭighamūlakā	อนิทสฺสน-อปฺปฏิฆมูลกา	V-V	1	1	1	0	1	37Abhi09
anilerita-aṅgaṇamhi	อนิเลริต-องฺคณมฺหิ	V-V	1	1	1	0	1	20Khu03
anivatti-attho	อนิวตฺติ-อตฺโถ	V-V	1	1	1	0	1	27khu10
anto-aruṇe	อนฺโต-อรุเณ	V-V	1	1	1	0	1	01Vin01
anto-ārāmo	อนฺโต-อาราโม	V-V	1	1	1	0	1	02Vin02
Anu-esī	อนุ-เอสี	V-V	1	1	1	0	1	24Khu07
anupādinna-anupādāniya	อนุปาทินฺน-อนุปาทานิย	V-V	1	1	1	0	1	39Abhi11
anupādinna-anupādāniyacittasamaṅgissa	อนุปาทินฺน-อนุปาทานิยจิตฺตสมงฺคิสฺส	V-V	1	1	1	0	1	36Abhi08
Anupādinna-anupādāyehi	อนุปาทินฺน-อนุปาทาเยหิ	V-V	1	1	1	0	1	31Abhi03
anupādā-aparitassanaṃ	อนุปาทา-อปริตสฺสนํ	V-V	1	1	1	0	1	13Sam02
Anuruddhatthera-apadāna	อนุรุทฺธตฺเถร-อปทาน	V-V	1	1	1	0	1	20Khu03
Anusayā-anārammaṇakathā	อนุสยา-อนารมฺมณกถา	V-V	1	1	1	0	1	32Abhi04
Anusaṃsāvakatthera-apadāna	อนุสํสาวกตฺเถร-อปทาน	V-V	1	1	1	0	1	20Khu03
Anuttarapada-hetu	อนุตฺตรปท-เหตุ	V-C	1	1	1	0	1	39Abhi11
Anuttarapada-hetu-anantara	อนุตฺตรปท-เหตุ-อนนฺตร	V-C	2	1	1	0	1	40Abhi12
anādi-anidhanappavattaṃ	อนาทิ-อนิธนปฺปวตฺตํ	V-V	1	1	1	0	1	27khu10
Anāgatādi-ekaccakathā	อนาคตาทิ-เอกจฺจกถา	V-V	1	1	1	0	1	32Abhi04
Anāgatārammaṇapada-hetu	อนาคตารมฺมณปท-เหตุ	V-C	1	1	1	0	1	40Abhi12
anāgāmi-arahattaphalaṃ	อนาคามิ-อรหตฺตผลํ	V-V	1	1	1	0	1	28Khu11
Apadāniyatthera-apadāna	อปทานิยตฺเถร-อปทาน	V-V	1	1	1	0	1	20Khu03
Apara-accharāsaṅghātavaggo	อปร-อจฺฉราสงฺฆาตวคฺโค	V-V	1	1	1	0	1	15An01
Apara-uttaratthera-apadāna	อปร-อุตฺตรตฺเถร-อปทาน	V-V	2	1	1	0	1	21Khu04
aparisuddha-ājīvo	อปริสุทฺธ-อาชีโว	V-V	1	1	1	0	1	04Vin04
Apariyāpannapada-hetu	อปริยาปนฺนปท-เหตุ	V-C	1	1	1	0	1	39Abhi11
Aparā-uttamātherīgāthā	อปรา-อุตฺตมาเถรีคาถา	V-V	1	1	1	0	1	19Khu02
Api-akuppadhammo	อปิ-อกุปฺปธมฺโม	V-V	1	1	1	0	1	16An02
appa-aṭime	อปฺป-อฏิเม	V-V	1	1	1	0	1	22Khu05
appamāṇārammaṇa-appamāṇacittasamaṅgissa	อปฺปมาณารมฺมณ-อปฺปมาณจิตฺตสมงฺคิสฺส	V-V	1	1	1	0	1	37Abhi09
Appaṭicchanna-abbhāna	อปฺปฏิจฺฉนฺน-อพฺภาน	V-V	1	1	1	0	1	04Vin04
Appītikapada-hetu	อปฺปีติกปท-เหตุ	V-C	1	1	1	0	1	39Abhi11
Arahanta-abhāyanapañha	อรหนฺต-อภายนปญฺห	V-V	1	1	1	0	1	28Khu11
Arahanta-abhāyanapañho	อรหนฺต-อภายนปโญฺห	V-V	1	1	1	0	1	28Khu11
Araññāyatana-isisutta	อรญฺญายตน-อิสิสุตฺต	V-V	1	1	1	0	1	12Sam01
Araṇapada-hetu	อรณปท-เหตุ	V-C	1	1	1	0	1	39Abhi11
ariya-aṭṭhaṅgikamaggesu	อริย-อฏฺฐงฺคิกมคฺเคสุ	V-V	1	1	1	0	1	17An03
ariyo-aṭṭhaṅgiko	อริโย-อฏฺฐงฺคิโก	V-V	1	1	1	0	1	27khu10
arūparāgamāna-uddhacca-avijjañca	อรูปราคมาน-อุทฺธจฺจ-อวิชฺชญฺจ	V-V	2	1	1	0	1	27khu10
Arūpiparittattānudiṭṭhi-iccādinā	อรูปิปริตฺตตฺตานุทิฏฺฐิ-อิจฺจาทินา	V-V	1	1	1	0	1	07Di02
Arūpī-attāsutta	อรูปี-อตฺตาสุตฺต	V-V	1	1	1	0	1	13Sam02
Asanabodhiyatthera-apadāna	อสนโพธิยตฺเถร-อปทาน	V-V	1	1	1	0	1	20Khu03
asaṃkiliṭṭha-asaṃkilesikacittasamaṅgissa	อสํกิลิฏฺฐ-อสํกิเลสิกจิตฺตสมงฺคิสฺส	V-V	1	1	1	0	1	36Abhi08
Asokapūjakatthera-apadāna	อโสกปูชกตฺเถร-อปทาน	V-V	1	1	1	0	1	20Khu03
assati-asampajaññaṃ	อสฺสติ-อสมฺปชญฺญํ	V-V	1	1	1	0	1	27khu10
Assāda-aratituṭṭhi	อสฺสาท-อรติตุฏฺฐิ	V-V	1	1	1	0	1	16An02
assādañca-ādīnavañca	อสฺสาทญฺจ-อาทีนวญฺจ	V-V	1	1	1	0	1	10Ma02
Asubhamaraṇa-āhāre	อสุภมรณ-อาหาเร	V-V	1	1	1	0	1	14Sam03
asādhā-raṇe	อสาธา-รเณ	V-C	1	1	1	0	1	27khu10
Asītivassa-sahassāyukesu	อสีติวสฺส-สหสฺสายุเกสุ	V-C	1	1	1	0	1	08Di03
Ati-arahanto	อติ-อรหนฺโต	V-V	1	1	1	0	1	28Khu11
Ati-usabhatāya	อติ-อุสภตาย	V-V	1	1	1	0	1	28Khu11
ati-uṇhanti	อติ-อุณฺหนฺติ	V-V	1	1	1	0	1	08Di03
Atichattiyatthera-apadāna	อติฉตฺติยตฺเถร-อปทาน	V-V	1	1	1	0	1	20Khu03
Atireka-aḍḍhateyyakaṃ	อติเรก-อฑฺฒเตยฺยกํ	V-V	1	1	1	0	1	05Vin05
Atireka-aḍḍhateyyakaṃsaparamaṃ	อติเรก-อฑฺฒเตยฺยกํสปรมํ	V-V	1	1	1	0	1	05Vin05
Atireka-aḍḍhateyyakaṃse	อติเรก-อฑฺฒเตยฺยกํเส	V-V	1	1	1	0	1	02Vin02
attahitaparahita-ubhayahitasabbalokahibhameva	อตฺตหิตปรหิต-อุภยหิตสพฺพโลกหิภเมว	V-V	1	1	1	0	1	15An01
attahitaparahita-ubhayahitasabbalokahitameva	อตฺตหิตปรหิต-อุภยหิตสพฺพโลกหิตเมว	V-V	1	1	1	0	1	10Ma02
Atthasandassakatthera-apadāna	อตฺถสนฺทสฺสกตฺเถร-อปทาน	V-V	1	1	1	0	1	20Khu03
Atthi-avigata	อตฺถิ-อวิคต	V-V	1	1	1	0	1	37Abhi09
Atthi-ādidukādi	อตฺถิ-อาทิทุกาทิ	V-V	1	1	1	0	1	36Abhi08
Attādāna-aṅga	อตฺตาทาน-องฺค	V-V	1	1	1	0	1	04Vin04
Attānuvāda-ūmi	อตฺตานุวาท-อูมิ	V-V	1	1	1	0	1	15An01
Atula-upāsakavatthu	อตุล-อุปาสกวตฺถุ	V-V	1	1	1	0	1	18Khu01
Atītādi-ekaccakathā	อตีตาทิ-เอกจฺจกถา	V-V	1	1	1	0	1	32Abhi04
Avaṭaphaladāyakatthera-apadāna	อวฏผลทายกตฺเถร-อปทาน	V-V	1	1	1	0	1	20Khu03
avi-agatanti	อวิ-อคตนฺติ	V-V	1	1	1	0	1	36Abhi08
avijjā-āsavo	อวิชฺชา-อาสโว	V-V	1	1	1	0	1	27khu10
avitakka-avicāracittasamaṅgissa	อวิตกฺก-อวิจารจิตฺตสมงฺคิสฺส	V-V	1	1	1	0	1	37Abhi09
avitakka-avicāraṃpacchimacittaṃ	อวิตกฺก-อวิจารํปจฺฉิมจิตฺตํ	V-V	1	1	1	0	1	34Abhi06
avitakka-avicārotipi	อวิตกฺก-อวิจาโรติปิ	V-V	1	1	1	0	1	29Abhi01
Avitakkapada-hetu	อวิตกฺกปท-เหตุ	V-C	1	1	1	0	1	39Abhi11
avitakkha-avicārā	อวิตกฺข-อวิจารา	V-V	1	1	1	0	1	30Abhi02
Avopupphiyatthera-apadāna	อโวปุปฺผิยตฺเถร-อปทาน	V-V	1	1	1	0	1	20Khu03
aññamañña-paccayena	อญฺญมญฺญ-ปจฺจเยน	V-C	1	1	1	0	1	37Abhi09
Aññatara-itthivatthu	อญฺญตร-อิตฺถิวตฺถุ	V-V	1	1	1	0	1	18Khu01
Aññatara-ukkaṇṭhitabhikkhuvatthu	อญฺญตร-อุกฺกณฺฐิตภิกฺขุวตฺถุ	V-V	1	1	1	0	1	18Khu01
Aññaṃjīvaṃ-aññaṃsarīraṃsutta	อญฺญํชีวํ-อญฺญํสรีรํสุตฺต	C-V	1	1	1	0	1	13Sam02
Añño-anusayotikathā	อญฺโญ-อนุสโยติกถา	V-V	1	1	1	0	1	32Abhi04
Aññāsikoṇḍaññatthera-apadāna	อญฺญาสิโกณฺฑญฺญตฺเถร-อปทาน	V-V	1	1	1	0	1	20Khu03
añāṇa-anupaṭṭhānakusalo	อญาณ-อนุปฏฺฐานกุสโล	V-V	1	1	1	0	1	26Khu09
Aḍḍhacandiyatthera-apadāna	อฑฺฒจนฺทิยตฺเถร-อปทาน	V-V	1	1	1	0	1	20Khu03
Aḍḍhaceḷakatthera-apadāna	อฑฺฒเจฬกตฺเถร-อปทาน	V-V	1	1	1	0	1	20Khu03
Aḍḍhakāsitherī-apadāna	อฑฺฒกาสิเถรี-อปทาน	V-V	1	1	1	0	1	21Khu04
aḍḍhanava-atthasatāni	อฑฺฒนว-อตฺถสตานิ	V-V	1	1	1	0	1	26Khu09
Aṅkolakatthera-apadāna	องฺโกลกตฺเถร-อปทาน	V-V	1	1	1	0	1	20Khu03
Aṭṭha-abhibhāyatana	อฏฺฐ-อภิภายตน	V-V	1	1	1	0	1	07Di02
Aṭṭhaka-uddesa	อฏฺฐก-อุทฺเทส	V-V	1	1	1	0	1	31Abhi03
Ba-Bha	พ-ภ	V-C	1	1	1	0	1	05Vin05
Bahiddhāpada-hetu	พหิทฺธาปท-เหตุ	V-C	1	1	1	0	1	40Abhi12
bahu-anna	พหุ-อนฺน	V-V	1	1	1	0	1	22Khu05
Bahu-itthikāni	พหุ-อิตฺถิกานิ	V-V	1	1	1	0	1	04Vin04
bahu-āgato	พหุ-อาคโต	V-V	1	1	1	0	1	14Sam03
bahu-āyāsaṃ	พหุ-อายาสํ	V-V	1	1	1	0	1	19Khu02
bahu-ūmijālākulavikkhobhitasalilatale	พหุ-อูมิชาลากุลวิกฺโขภิตสลิลตเล	V-V	1	1	1	0	1	28Khu11
Bahujana-akantassa	พหุชน-อกนฺตสฺส	V-V	1	1	1	0	1	05Vin05
bahuvidhakilesa-ūmivegaṃ	พหุวิธกิเลส-อูมิเวคํ	V-V	1	1	1	0	1	28Khu11
bahvābādha-appābādhatāya	พหฺวาพาธ-อปฺปาพาธตาย	V-V	1	1	1	0	1	27khu10
bandho-itipi	พนฺโธ-อิติปิ	V-V	1	1	1	0	1	27khu10
Bhaddajitthera-apadāna	ภทฺทชิตฺเถร-อปทาน	V-V	1	1	1	0	1	21Khu04
Bhaddakāpilānītherī-apadāna	ภทฺทกาปิลานีเถรี-อปทาน	V-V	1	1	1	0	1	21Khu04
Bhaddekaratta-ovādaṃ	ภทฺเทกรตฺต-โอวาทํ	V-V	1	1	1	0	1	21Khu04
Bhaddālitthera-apadāna	ภทฺทาลิตฺเถร-อปทาน	V-V	1	1	1	0	1	20Khu03
Bhallātadāyakatthera-apadāna	ภลฺลาตทายกตฺเถร-อปทาน	V-V	1	1	1	0	1	21Khu04
bhava-apevirittā	ภว-อเปวิริตฺตา	V-V	1	1	1	0	1	27khu10
Bhava-vibhavadiṭṭhiniddesa	ภว-วิภวทิฏฺฐินิทฺเทส	V-C	1	1	1	0	1	26Khu09
Bhaṇḍāgārasammuti-ādikathā	ภณฺฑาคารสมฺมุติ-อาทิกถา	V-V	1	1	1	0	1	03Vin03
Bheda-āpatti	เภท-อาปตฺติ	V-V	1	1	1	0	1	15An01
bhi-kkhave	ภิ-กฺขเว	V-C	1	1	1	0	1	04Vin04
Bhikkhadāyakatthera-apadāna	ภิกฺขทายกตฺเถร-อปทาน	V-V	1	1	1	0	1	20Khu03
bhikkhu-issarā	ภิกฺขุ-อิสฺสรา	V-V	1	1	1	0	1	04Vin04
bhikkhu-nīnañca	ภิกฺขุ-นีนญฺจ	V-C	1	1	1	0	1	04Vin04
Bhikkhu-ovādakānaggo	ภิกฺขุ-โอวาทกานคฺโค	V-V	1	1	1	0	1	21Khu04
Bhikkhu-ovādakānaṃ	ภิกฺขุ-โอวาทกานํ	V-V	1	1	1	0	1	15An01
Bhikkhuno-āyuvaṇṇādivaḍḍhanakathā	ภิกฺขุโน-อายุวณฺณาทิวฑฺฒนกถา	V-V	1	1	1	0	1	08Di03
Bhikkhunī-upasampadānujānana	ภิกฺขุนี-อุปสมฺปทานุชานน	V-V	1	1	1	0	1	04Vin04
bhikkhū-avinayaṃ	ภิกฺขู-อวินยํ	V-V	1	1	1	0	1	15An01
Bhisamuḷāladāyakatthera-apadāna	ภิสมุฬาลทายกตฺเถร-อปทาน	V-V	1	1	1	0	1	20Khu03
Bhisi-ānisaṃsa	ภิสิ-อานิสํส	V-V	1	1	1	0	1	20Khu03
Bhisāluvadāyakatthera-apadāna	ภิสาลุวทายกตฺเถร-อปทาน	V-V	1	1	1	0	1	20Khu03
bhoga-issariyena	โภค-อิสฺสริเยน	V-V	1	1	1	0	1	19Khu02
Bhojanadāyakatthera-apadāna	โภชนทายกตฺเถร-อปทาน	V-V	1	1	1	0	1	20Khu03
bhusa-ophuṇanīhare	ภุส-โอผุณนีหเร	V-V	1	1	1	0	1	04Vin04
Bhāgineyyupālitthera-apadāna	ภาคิเนยฺยุปาลิตฺเถร-อปทาน	V-V	1	1	1	0	1	20Khu03
Bhājanapālakatthera-apadāna	ภาชนปาลกตฺเถร-อปทาน	V-V	1	1	1	0	1	20Khu03
Bhāvanāpahātabba-āsava	ภาวนาปหาตพฺพ-อาสว	V-V	1	1	1	0	1	09Ma01
Bhāvita-iddhipāda	ภาวิต-อิทฺธิปาท	V-V	1	1	1	0	1	07Di02
bhāvita-iddhipādo	ภาวิต-อิทฺธิปาโท	V-V	1	1	1	0	1	25Khu08
bhāvita-indriyo	ภาวิต-อินฺทฺริโย	V-V	1	1	1	0	1	25Khu08
Billiyatthera-apadāna	พิลฺลิยตฺเถร-อปทาน	V-V	1	1	1	0	1	21Khu04
Bimbijāliyatthera-apadāna	พิมฺพิชาลิยตฺเถร-อปทาน	V-V	1	1	1	0	1	20Khu03
Bodhi-upaṭṭhākatthera-apadāna	โพธิ-อุปฏฺฐากตฺเถร-อปทาน	V-V	2	1	1	0	1	20Khu03
Bodhi-upaṭṭhākattherassāpadānaṃ	โพธิ-อุปฏฺฐากตฺเถรสฺสาปทานํ	V-V	1	1	1	0	1	20Khu03
Bodhigharadāyakatthera-apadāna	โพธิฆรทายกตฺเถร-อปทาน	V-V	1	1	1	0	1	21Khu04
Bodhisammajjakatthera-apadāna	โพธิสมฺมชฺชกตฺเถร-อปทาน	V-V	1	1	1	0	1	21Khu04
Bodhisatta-abhinivesa	โพธิสตฺต-อภินิเวส	V-V	1	1	1	0	1	07Di02
Bodhisiñcakatthera-apadāna	โพธิสิญฺจกตฺเถร-อปทาน	V-V	1	1	1	0	1	20Khu03
Bodhivandakatthera-apadāna	โพธิวนฺทกตฺเถร-อปทาน	V-V	1	1	1	0	1	20Khu03
Brahmacariya-aparipūrādikathā	พฺรหฺมจริย-อปริปูราทิกถา	V-V	1	1	1	0	1	08Di03
Brahmacāri-abhibhavanenāti	พฺรหฺมจาริ-อภิภวเนนาติ	V-V	1	1	1	0	1	12Sam01
brahmacāri-abhipatthanenā	พฺรหฺมจาริ-อภิปตฺถเนนา	V-V	1	1	1	0	1	12Sam01
brahmañña-ariyo	พฺรหฺมญฺญ-อริโย	V-V	1	1	1	0	1	27khu10
Brahmāsāmañña-ambaṭṭha	พฺรหฺมาสามญฺญ-อมฺพฏฺฐ	V-V	1	1	1	0	1	06Di01
Brāhmaṇa-aṅgāni	พฺราหฺมณ-องฺคานิ	V-V	1	1	1	0	1	06Di01
Brāhmaṇadvipajāpati-upamā	พฺราหฺมณทฺวิปชาปติ-อุปมา	V-V	1	1	1	0	1	07Di02
Buddha-apadāna	พุทฺธ-อปทาน	V-V	1	1	1	0	1	20Khu03
Buddha-appābādhapañha	พุทฺธ-อปฺปาพาธปญฺห	V-V	1	1	1	0	1	28Khu11
Buddha-appābādhapañho	พุทฺธ-อปฺปาพาธปโญฺห	V-V	1	1	1	0	1	28Khu11
Buddha-aviheṭhakapañha	พุทฺธ-อวิเหฐกปญฺห	V-V	1	1	1	0	1	28Khu11
Buddha-aviheṭhakapañho	พุทฺธ-อวิเหฐกปโญฺห	V-V	1	1	1	0	1	28Khu11
Buddha-uḷārataṃ	พุทฺธ-อุฬารตํ	V-V	1	1	1	0	1	27khu10
buddhi-abhiropanaṭṭhena	พุทฺธิ-อภิโรปนฏฺเฐน	V-V	1	1	1	0	1	26Khu09
Buddhupaṭṭhākatthera-apadāna	พุทฺธุปฏฺฐากตฺเถร-อปทาน	V-V	1	1	1	0	1	20Khu03
Buddhupaṭṭhāyikatthera-apadāna	พุทฺธุปฏฺฐายิกตฺเถร-อปทาน	V-V	1	1	1	0	1	20Khu03
Bāhira-aniccanandikkhayasutta	พาหิร-อนิจฺจนนฺทิกฺขยสุตฺต	V-V	1	1	1	0	1	13Sam02
Bāhirātītādi-anattasutta	พาหิราตีตาทิ-อนตฺตสุตฺต	V-V	1	1	1	0	1	13Sam02
Bāhirātītādi-aniccasutta	พาหิราตีตาทิ-อนิจฺจสุตฺต	V-V	1	1	1	0	1	13Sam02
Bāhirāyatana-anattasutta	พาหิรายตน-อนตฺตสุตฺต	V-V	1	1	1	0	1	13Sam02
Bāhirāyatana-aniccasutta	พาหิรายตน-อนิจฺจสุตฺต	V-V	1	1	1	0	1	13Sam02
Bāhiyatthera-apadāna	พาหิยตฺเถร-อปทาน	V-V	1	1	1	0	1	21Khu04
Bākulatthera-apadāna	พากุลตฺเถร-อปทาน	V-V	1	1	1	0	1	20Khu03
Ca-Cha	จ-ฉ	V-C	1	1	1	0	1	04Vin04
Ca-Ja-Ña	จ-ช-ญ	V-C	2	1	1	0	1	05Vin05
Cakkavatti-acchariyasutta	จกฺกวตฺติ-อจฺฉริยสุตฺต	V-V	1	1	1	0	1	15An01
Cakkavatti-ariyavatta	จกฺกวตฺติ-อริยวตฺต	V-V	1	1	1	0	1	08Di03
Cakkhundriyaṃsanidassananti-ādikathā	จกฺขุนฺทฺริยํสนิทสฺสนนฺติ-อาทิกถา	V-V	1	1	1	0	1	32Abhi04
cakkhāya-tanaṃ	จกฺขาย-ตนํ	V-C	1	1	1	0	1	38Abhi10
Candanamāliyatthera-apadāna	จนฺทนมาลิยตฺเถร-อปทาน	V-V	1	1	1	0	1	21Khu04
Candanapūjanakatthera-apadāna	จนฺทนปูชนกตฺเถร-อปทาน	V-V	1	1	1	0	1	20Khu03
Cariyāpiṭaka-aṭṭhakathā	จริยาปิฏก-อฏฺฐกถา	V-V	1	1	1	0	1	09Ma01
Cariyāpiṭakapāḷi-aṭṭhakathā	จริยาปิฏกปาฬิ-อฏฺฐกถา	V-V	1	1	1	0	1	06Di01
Cattālīsa-aviraḷadantalakkhaṇāni	จตฺตาลีส-อวิรฬทนฺตลกฺขณานิ	V-V	1	1	1	0	1	08Di03
Cattārīsa-chabbassasatāyukānaṃ	จตฺตารีส-ฉพฺพสฺสสตายุกานํ	V-C	1	1	1	0	1	08Di03
Catu-apāyamukha	จตุ-อปายมุข	V-V	1	1	1	0	1	06Di01
Catu-ariyaphala	จตุ-อริยผล	V-V	1	1	1	0	1	06Di01
Catu-iddhisamannāgata	จตุ-อิทฺธิสมนฺนาคต	V-V	1	1	1	0	1	07Di02
Catu-iriyāpathena	จตุ-อิริยาปเถน	V-V	1	1	1	0	1	15An01
Catukka-uddesa	จตุกฺก-อุทฺเทส	V-V	1	1	1	0	1	31Abhi03
caturāsīti-itthisahassāni	จตุราสีติ-อิตฺถิสหสฺสานิ	V-V	1	1	1	0	1	13Sam02
Caturāsītibhikkhunīsahassa-apadāna	จตุราสีติภิกฺขุนีสหสฺส-อปทาน	V-V	1	1	1	0	1	21Khu04
Catuttha-anudhammasutta	จตุตฺถ-อนุธมฺมสุตฺต	V-V	1	1	1	0	1	13Sam02
Catuttha-uposathasutta	จตุตฺถ-อุโปสถสุตฺต	V-V	1	1	1	0	1	13Sam02
Catuttha-āmakadhaññapeyyālavagga	จตุตฺถ-อามกธญฺญเปยฺยาลวคฺค	V-V	1	1	1	0	1	14Sam03
Catuttha-āmakadhaññapeyyālavaggo	จตุตฺถ-อามกธญฺญเปยฺยาลวคฺโค	V-V	1	1	1	0	1	14Sam03
Caṅkamanadāyakatthera-apadāna	จงฺกมนทายกตฺเถร-อปทาน	V-V	1	1	1	0	1	20Khu03
Caṅkoṭakiyatthera-apadāna	จงฺโกฏกิยตฺเถร-อปทาน	V-V	1	1	1	0	1	20Khu03
Cetasikaduka-akusalasadisaṃ	เจตสิกทุก-อกุสลสทิสํ	V-V	1	1	1	0	1	39Abhi11
cevu-kkuṭipallatthikāya	เจวุ-กฺกุฏิปลฺลตฺถิกาย	V-C	1	1	1	0	1	05Vin05
cha-asādhāraṇañāṇe	ฉ-อสาธารณญาเณ	V-V	1	1	1	0	1	28Khu11
Cha-āpattisamuṭṭhānavāra	ฉ-อาปตฺติสมุฏฺฐานวาร	V-V	1	1	1	0	1	05Vin05
Chakka-uddesa	ฉกฺก-อุทฺเทส	V-V	1	1	1	0	1	31Abhi03
Chattadāyakatthera-apadāna	ฉตฺตทายกตฺเถร-อปทาน	V-V	1	1	1	0	1	20Khu03
Chattapāṇi-upāsakavatthu	ฉตฺตปาณิ-อุปาสกวตฺถุ	V-V	1	1	1	0	1	18Khu01
cintā-upaparikkhā	จินฺตา-อุปปริกฺขา	V-V	1	1	1	0	1	30Abhi02
Cira-āgata	จิร-อาคต	V-V	1	1	1	0	1	22Khu05
Citakanibbāpakatthera-apadāna	จิตกนิพฺพาปกตฺเถร-อปทาน	V-V	1	1	1	0	1	21Khu04
Cittahatthisāriputta-upasampadā	จิตฺตหตฺถิสาริปุตฺต-อุปสมฺปทา	V-V	1	1	1	0	1	06Di01
Codaka-attajhāpanaṃ	โจทก-อตฺตฌาปนํ	V-V	1	1	1	0	1	05Vin05
Codakassa-attajhāpana	โจทกสฺส-อตฺตฌาปน	V-V	1	1	1	0	1	05Vin05
Codakena-upaṭṭhāpetabbadhamma	โจทเกน-อุปฏฺฐาเปตพฺพธมฺม	V-V	1	1	1	0	1	04Vin04
Cundatthera-apadāna	จุนฺทตฺเถร-อปทาน	V-V	1	1	1	0	1	20Khu03
Cārikā-anujānana	จาริกา-อนุชานน	V-V	1	1	1	0	1	07Di02
Cīra-āḷavīti	จีร-อาฬวีติ	V-V	1	1	1	0	1	12Sam01
cīrapiṇḍapātasenāsanagilānappaccayabhe-sajjaparikkhārā	จีรปิณฺฑปาตเสนาสนคิลานปฺปจฺจยเภ-สชฺชปริกฺขารา	V-C	1	1	1	0	1	01Vin01
Cīvara-acchindanasikkhāpada	จีวร-อจฺฉินฺทนสิกฺขาปท	V-V	1	1	1	0	1	01Vin01
Cīvara-acchindanasikkhāpadaṃ	จีวร-อจฺฉินฺทนสิกฺขาปทํ	V-V	1	1	1	0	1	01Vin01
Cīvara-apanidhānasikkhāpada	จีวร-อปนิธานสิกฺขาปท	V-V	1	1	1	0	1	02Vin02
Cīvara-apanidhānasikkhāpadaṃ	จีวร-อปนิธานสิกฺขาปทํ	V-V	1	1	1	0	1	02Vin02
Cūḷa-assapurasuttaṃ	จูฬ-อสฺสปุรสุตฺตํ	V-V	1	1	1	0	1	09Ma01
Cūḷakāla-upāsakavatthu	จูฬกาล-อุปาสกวตฺถุ	V-V	1	1	1	0	1	18Khu01
Cūḷapanthakatthera-apadāna	จูฬปนฺถกตฺเถร-อปทาน	V-V	1	1	1	0	1	20Khu03
Cūḷasugandhatthera-apadāna	จูฬสุคนฺธตฺเถร-อปทาน	V-V	1	1	1	0	1	21Khu04
Dabbamallaputtatthera-apadāna	ทพฺพมลฺลปุตฺตตฺเถร-อปทาน	V-V	1	1	1	0	1	21Khu04
Dadhi-ānisaṃsa	ทธิ-อานิสํส	V-V	1	1	1	0	1	20Khu03
Dantakaṭṭha-ānisaṃsā	ทนฺตกฏฺฐ-อานิสํสา	V-V	1	1	1	0	1	16An02
dasa-akusalakammapathā	ทส-อกุสลกมฺมปถา	V-V	1	1	1	0	1	27khu10
Dasa-iddhiniddesa	ทส-อิทฺธินิทฺเทส	V-V	1	1	1	0	1	26Khu09
Dasa-ākāra	ทส-อาการ	V-V	1	1	1	0	1	06Di01
Dasaka-uddesa	ทสก-อุทฺเทส	V-V	1	1	1	0	1	31Abhi03
Dasayojana-āyāmaṃ	ทสโยชน-อายามํ	V-V	1	1	1	0	1	21Khu04
Dassanāpahātabba-āsava	ทสฺสนาปหาตพฺพ-อาสว	V-V	1	1	1	0	1	09Ma01
dasāhasukka-itthiyo	ทสาหสุกฺก-อิตฺถิโย	V-V	1	1	1	0	1	05Vin05
dayita-oraso	ทยิต-โอรโส	V-V	1	1	1	0	1	21Khu04
daṇḍasattha-abbhukkiraṇamatto	ทณฺฑสตฺถ-อพฺภุกฺกิรณมตฺโต	V-V	1	1	1	0	1	25Khu08
daṇḍasattha-abhinipātamatto	ทณฺฑสตฺถ-อภินิปาตมตฺโต	V-V	1	1	1	0	1	24Khu07
Desakittakatthera-apadāna	เทสกิตฺตกตฺเถร-อปทาน	V-V	1	1	1	0	1	20Khu03
Desanāgāminiyādi-āpatti	เทสนาคามินิยาทิ-อาปตฺติ	V-V	1	1	1	0	1	05Vin05
Desapūjakatthera-apadāna	เทสปูชกตฺเถร-อปทาน	V-V	1	1	1	0	1	20Khu03
Dhamadhamā-iti	ธมธมา-อิติ	V-V	1	1	1	0	1	21Khu04
Dhamma-andhakāramalaṃ	ธมฺม-อนฺธการมลํ	V-V	1	1	1	0	1	18Khu01
Dhammacakkikatthera-apadāna	ธมฺมจกฺกิกตฺเถร-อปทาน	V-V	1	1	1	0	1	20Khu03
Dhammadinnātherī-apadāna	ธมฺมทินฺนาเถรี-อปทาน	V-V	1	1	1	0	1	21Khu04
Dhammaruciyatthera-apadāna	ธมฺมรุจิยตฺเถร-อปทาน	V-V	1	1	1	0	1	21Khu04
Dhammasavaniyatthera-apadāna	ธมฺมสวนิยตฺเถร-อปทาน	V-V	1	1	1	0	1	20Khu03
Dhammasaññakatthera-apadāna	ธมฺมสญฺญกตฺเถร-อปทาน	V-V	1	1	1	0	1	20Khu03
Dhammataṇhā-abyākatātikathā	ธมฺมตณฺหา-อพฺยากตาติกถา	V-V	1	1	1	0	1	32Abhi04
Dhammika-upāsakavatthu	ธมฺมิก-อุปาสกวตฺถุ	V-V	1	1	1	0	1	18Khu01
dhammā-ādi	ธมฺมา-อาทิ	V-V	1	1	1	0	1	31Abhi03
Dhotakatthera-apadāna	โธตกตฺเถร-อปทาน	V-V	1	1	1	0	1	20Khu03
dhātu-atthoti	ธาตุ-อตฺโถติ	V-V	1	1	1	0	1	27khu10
dhātu-āyatanānaṃ	ธาตุ-อายตนานํ	V-V	1	1	1	0	1	27khu10
dhātu-āyatanāni	ธาตุ-อายตนานิ	V-V	1	1	1	0	1	19Khu02
Dhūpadāyakatthera-apadāna	ธูปทายกตฺเถร-อปทาน	V-V	1	1	1	0	1	20Khu03
dhūpāyanā-itipi	ธูปายนา-อิติปิ	V-V	1	1	1	0	1	27khu10
Diguṇādi-upāhanapaṭikkhepa	ทิคุณาทิ-อุปาหนปฏิกฺเขป	V-V	1	1	1	0	1	03Vin03
diṭṭhi-adhiṭṭhānaṃ	ทิฏฺฐิ-อธิฏฺฐานํ	V-V	1	1	1	0	1	17An03
diṭṭhi-aggi	ทิฏฺฐิ-อคฺคิ	V-V	1	1	1	0	1	20Khu03
Diṭṭhi-ajjhosānaṃ	ทิฏฺฐิ-อชฺโฌสานํ	V-V	1	1	1	0	1	15An01
diṭṭhi-anusayo	ทิฏฺฐิ-อนุสโย	V-V	1	1	1	0	1	27khu10
Diṭṭhi-appaṭinissagge	ทิฏฺฐิ-อปฺปฏินิสฺสคฺเค	V-V	1	1	1	0	1	04Vin04
diṭṭhi-avijjānirodhāya	ทิฏฺฐิ-อวิชฺชานิโรธาย	V-V	1	1	1	0	1	27khu10
diṭṭhi-ājīvavipatti	ทิฏฺฐิ-อาชีววิปตฺติ	V-V	1	1	1	0	1	04Vin04
diṭṭhivisuddhi-abhisamayo	ทิฏฺฐิวิสุทฺธิ-อภิสมโย	V-V	1	1	1	0	1	26Khu09
Dosa-abhiññādisutta	โทส-อภิญฺญาทิสุตฺต	V-V	1	1	1	0	1	15An01
Duka-atthuddhāra	ทุก-อตฺถุทฺธาร	V-V	1	1	1	0	1	29Abhi01
Duka-uddesa	ทุก-อุทฺเทส	V-V	1	1	1	0	1	31Abhi03
Dukkhāyavedanāyasampayuttapada-hetu	ทุกฺขายเวทนายสมฺปยุตฺตปท-เหตุ	V-C	1	1	1	0	1	40Abhi12
duppañña-eḷamūgasandosahetu	ทุปฺปญฺญ-เอฬมูคสนฺโทสเหตุ	V-V	1	1	1	0	1	09Ma01
Duppaṭi-ānayā	ทุปฺปฏิ-อานยา	V-V	1	1	1	0	1	22Khu05
Dussadāyakatthera-apadāna	ทุสฺสทายกตฺเถร-อปทาน	V-V	1	1	1	0	1	20Khu03
Dussīla-ādīnava	ทุสฺสีล-อาทีนว	V-V	1	1	1	0	1	07Di02
Dutiya-abhinivesasutta	ทุติย-อภินิเวสสุตฺต	V-V	1	1	1	0	1	13Sam02
Dutiya-abhisandasutta	ทุติย-อภิสนฺทสุตฺต	V-V	1	1	1	0	1	14Sam03
Dutiya-agatisutta	ทุติย-อคติสุตฺต	V-V	1	1	1	0	1	15An01
Dutiya-aggasutta	ทุติย-อคฺคสุตฺต	V-V	1	1	1	0	1	15An01
Dutiya-agāriyavimānavatthu	ทุติย-อคาริยวิมานวตฺถุ	V-V	1	1	1	0	1	19Khu02
Dutiya-agāriyavimānaṃ	ทุติย-อคาริยวิมานํ	V-V	1	1	1	0	1	19Khu02
Dutiya-anattasutta	ทุติย-อนตฺตสุตฺต	V-V	1	1	1	0	1	13Sam02
Dutiya-aniyatasikkhāpada	ทุติย-อนิยตสิกฺขาปท	V-V	1	1	1	0	1	01Vin01
Dutiya-anudhammasutta	ทุติย-อนุธมฺมสุตฺต	V-V	1	1	1	0	1	13Sam02
Dutiya-Anuruddhasutta	ทุติย-อนุรุทฺธสุตฺต	V-V	1	1	1	0	1	15An01
Dutiya-anāthapiṇḍikasutta	ทุติย-อนาถปิณฺฑิกสุตฺต	V-V	1	1	1	0	1	14Sam03
Dutiya-aparijānanasutta	ทุติย-อปริชานนสุตฺต	V-V	1	1	1	0	1	13Sam02
Dutiya-appiyasutta	ทุติย-อปฺปิยสุตฺต	V-V	1	1	1	0	1	17An03
Dutiya-aputtakasutta	ทุติย-อปุตฺตกสุตฺต	V-V	1	1	1	0	1	12Sam01
Dutiya-ariyasāvakasutta	ทุติย-อริยสาวกสุตฺต	V-V	1	1	1	0	1	12Sam01
Dutiya-ariyāvāsasutta	ทุติย-อริยาวาสสุตฺต	V-V	1	1	1	0	1	17An03
Dutiya-asappurisasutta	ทุติย-อสปฺปุริสสุตฺต	V-V	1	1	1	0	1	14Sam03
Dutiya-asekhasutta	ทุติย-อเสขสุตฺต	V-V	1	1	1	0	1	17An03
Dutiya-assutavāsutta	ทุติย-อสฺสุตวาสุตฺต	V-V	1	1	1	0	1	12Sam01
Dutiya-assādapariyesanasutta	ทุติย-อสฺสาทปริเยสนสุตฺต	V-V	1	1	1	0	1	13Sam02
Dutiya-avijjāpaccayasutta	ทุติย-อวิชฺชาปจฺจยสุตฺต	V-V	1	1	1	0	1	12Sam01
Dutiya-avijjāpahānasutta	ทุติย-อวิชฺชาปหานสุตฺต	V-V	1	1	1	0	1	13Sam02
Dutiya-ejāsutta	ทุติย-เอชาสุตฺต	V-V	1	1	1	0	1	13Sam02
Dutiya-ekadhammapeyyālavagga	ทุติย-เอกธมฺมเปยฺยาลวคฺค	V-V	1	1	1	0	1	14Sam03
Dutiya-esanāsutta	ทุติย-เอสนาสุตฺต	V-V	1	1	1	0	1	18Khu01
Dutiya-ibbhavāda	ทุติย-อิพฺภวาท	V-V	1	1	1	0	1	06Di01
Dutiya-idhalokikasutta	ทุติย-อิธโลกิกสุตฺต	V-V	1	1	1	0	1	17An03
Dutiya-isidattasutta	ทุติย-อิสิทตฺตสุตฺต	V-V	1	1	1	0	1	13Sam02
Dutiya-ovādasutta	ทุติย-โอวาทสุตฺต	V-V	1	1	1	0	1	12Sam01
Dutiya-uggasutta	ทุติย-อุคฺคสุตฺต	V-V	1	1	1	0	1	17An03
Dutiya-upakkhaṭasikkhāpada	ทุติย-อุปกฺขฏสิกฺขาปท	V-V	1	1	1	0	1	01Vin01
Dutiya-upakkhaṭasikkhāpadaṃ	ทุติย-อุปกฺขฏสิกฺขาปทํ	V-V	1	1	1	0	1	01Vin01
Dutiya-upanisasutta	ทุติย-อุปนิสสุตฺต	V-V	1	1	1	0	1	17An03
Dutiya-upanissayasadisaṃ	ทุติย-อุปนิสฺสยสทิสํ	V-V	1	1	1	0	1	38Abhi10
Dutiya-upanisāsutta	ทุติย-อุปนิสาสุตฺต	V-V	1	1	1	0	1	17An03
Dutiya-upassayadāyakavimānavatthu	ทุติย-อุปสฺสยทายกวิมานวตฺถุ	V-V	1	1	1	0	1	19Khu02
Dutiya-upassayadāyakavimānaṃ	ทุติย-อุปสฺสยทายกวิมานํ	V-V	1	1	1	0	1	19Khu02
Dutiya-uposathasutta	ทุติย-อุโปสถสุตฺต	V-V	1	1	1	0	1	13Sam02
Dutiya-uppannasutta	ทุติย-อุปฺปนฺนสุตฺต	V-V	1	1	1	0	1	14Sam03
Dutiya-upādāparitassanāsutta	ทุติย-อุปาทาปริตสฺสนาสุตฺต	V-V	1	1	1	0	1	13Sam02
Dutiya-Uruvelasutta	ทุติย-อุรุเวลสุตฺต	V-V	1	1	1	0	1	15An01
Dutiya-ākāsasutta	ทุติย-อากาสสุตฺต	V-V	1	1	1	0	1	13Sam02
Dutiya-āmakadhaññapeyyālavagga	ทุติย-อามกธญฺญเปยฺยาลวคฺค	V-V	1	1	1	0	1	14Sam03
Dutiya-āmakadhaññapeyyālavaggo	ทุติย-อามกธญฺญเปยฺยาลวคฺโค	V-V	1	1	1	0	1	14Sam03
Dutiya-āsavasutta	ทุติย-อาสวสุตฺต	V-V	1	1	1	0	1	18Khu01
Dutiya-āyusutta	ทุติย-อายุสุตฺต	V-V	1	1	1	0	1	12Sam01
Dutiyajhāna-upamā	ทุติยฌาน-อุปมา	V-V	1	1	1	0	1	06Di01
Dutiyanoce-assādasutta	ทุติยโนเจ-อสฺสาทสุตฺต	V-V	1	1	1	0	1	13Sam02
Dutiyaraṃsisaññakatthera-apadāna	ทุติยรํสิสญฺญกตฺเถร-อปทาน	V-V	1	1	1	0	1	20Khu03
Dutiyasaṃbhejja-udakasutta	ทุติยสํเภชฺช-อุทกสุตฺต	V-V	1	1	1	0	1	12Sam01
Dutiyatathāgata-acchariyasutta	ทุติยตถาคต-อจฺฉริยสุตฺต	V-V	1	1	1	0	1	15An01
dve-asītiyā	เทฺว-อสีติยา	V-V	1	1	1	0	1	20Khu03
Dve-upasampadā	เทฺว-อุปสมฺปทา	V-V	1	1	1	0	1	03Vin03
Dvebhikkhuvāra-ekādasaka	เทฺวภิกฺขุวาร-เอกาทสก	V-V	1	1	1	0	1	04Vin04
Dvebhikkhuvāra-ekādasakaṃ	เทฺวภิกฺขุวาร-เอกาทสกํ	V-V	1	1	1	0	1	04Vin04
Dverataniyatthera-apadāna	เทฺวรตนิยตฺเถร-อปทาน	V-V	1	1	1	0	1	20Khu03
Dvesatthavāha-upamā	เทฺวสตฺถวาห-อุปมา	V-V	1	1	1	0	1	07Di02
dvinava-ekacintitā	ทฺวินว-เอกจินฺติตา	V-V	1	1	1	0	1	20Khu03
dvāra-aggaḷavaṭṭikā	ทฺวาร-อคฺคฬวฏฺฏิกา	V-V	1	1	1	0	1	04Vin04
Dīghāvu-upāsakasutta	ทีฆาวุ-อุปาสกสุตฺต	V-V	1	1	1	0	1	14Sam03
Eka-anāgāmittheravatthu	เอก-อนาคามิตฺเถรวตฺถุ	V-V	1	1	1	0	1	18Khu01
Eka-añjaliko	เอก-อญฺชลิโก	V-V	1	1	1	0	1	20Khu03
Eka-upāsakavatthu	เอก-อุปาสกวตฺถุ	V-V	1	1	1	0	1	18Khu01
Ekacampakapupphiyatthera-apadāna	เอกจมฺปกปุปฺผิยตฺเถร-อปทาน	V-V	1	1	1	0	1	20Khu03
Ekacintikattera-apadāna	เอกจินฺติกตฺเตร-อปทาน	V-V	1	1	1	0	1	20Khu03
Ekacāriyatthera-apadāna	เอกจาริยตฺเถร-อปทาน	V-V	1	1	1	0	1	20Khu03
Ekadhammassavaniyatthera-apadāna	เอกธมฺมสฺสวนิยตฺเถร-อปทาน	V-V	1	1	1	0	1	21Khu04
Ekaka-uddesa	เอกก-อุทฺเทส	V-V	1	1	1	0	1	31Abhi03
ekakicca-abhinipphādanapañha	เอกกิจฺจ-อภินิปฺผาทนปญฺห	V-V	1	1	1	0	1	28Khu11
ekakicca-abhinipphādanapañho	เอกกิจฺจ-อภินิปฺผาทนปโญฺห	V-V	1	1	1	0	1	28Khu11
Ekamūla-anomiyaṃ	เอกมูล-อโนมิยํ	V-V	1	1	1	0	1	12Sam01
ekanta-ujudiṭṭhitāyapi	เอกนฺต-อุชุทิฏฺฐิตายปิ	V-V	1	1	1	0	1	28Khu11
Ekapadumiyatthera-apadāna	เอกปทุมิยตฺเถร-อปทาน	V-V	1	1	1	0	1	20Khu03
Ekapasādaniyatthera-apadāna	เอกปสาทนิยตฺเถร-อปทาน	V-V	1	1	1	0	1	20Khu03
Ekapattadāyakatthera-apadāna	เอกปตฺตทายกตฺเถร-อปทาน	V-V	1	1	1	0	1	21Khu04
Ekapiṇḍapātadāyikātherī-apadāna	เอกปิณฺฑปาตทายิกาเถรี-อปทาน	V-V	1	1	1	0	1	21Khu04
Ekapupphiyatthera-apadāna	เอกปุปฺผิยตฺเถร-อปทาน	V-V	1	1	1	0	1	20Khu03
Ekapuṇḍarīkatthera-apadāna	เอกปุณฺฑรีกตฺเถร-อปทาน	V-V	1	1	1	0	1	20Khu03
Ekasaññakattera-apadāna	เอกสญฺญกตฺเตร-อปทาน	V-V	1	1	1	0	1	20Khu03
Ekasaññakatthera-apadāna	เอกสญฺญกตฺเถร-อปทาน	V-V	1	1	1	0	1	20Khu03
Ekasaṅkhīyatthera-apadāna	เอกสงฺขียตฺเถร-อปทาน	V-V	1	1	1	0	1	21Khu04
Ekatthambhikatthera-apadāna	เอกตฺถมฺภิกตฺเถร-อปทาน	V-V	1	1	1	0	1	20Khu03
Ekavandaniyatthera-apadāna	เอกวนฺทนิยตฺเถร-อปทาน	V-V	1	1	1	0	1	20Khu03
Ekavihārikatthera-apadāna	เอกวิหาริกตฺเถร-อปทาน	V-V	1	1	1	0	1	21Khu04
Ekañjaliyatthera-apadāna	เอกญฺชลิยตฺเถร-อปทาน	V-V	1	1	1	0	1	20Khu03
Ekekalomatā-uṇṇālakkhaṇāni	เอเกกโลมตา-อุณฺณาลกฺขณานิ	V-V	1	1	1	0	1	08Di03
ekenūnapañca-arahantasatāni	เอเกนูนปญฺจ-อรหนฺตสตานิ	V-V	1	1	1	0	1	04Vin04
Ekāhappaṭicchanna-abbhāna	เอกาหปฺปฏิจฺฉนฺน-อพฺภาน	V-V	1	1	1	0	1	04Vin04
Ekārasa-upanissayā	เอการส-อุปนิสฺสยา	V-V	1	1	1	0	1	27khu10
Ekāsanadāyikātherī-apadāna	เอกาสนทายิกาเถรี-อปทาน	V-V	1	1	1	0	1	21Khu04
Ekāsaniyatthera-apadāna	เอกาสนิยตฺเถร-อปทาน	V-V	1	1	1	0	1	20Khu03
Ekūposathikātherī-apadāna	เอกูโปสถิกาเถรี-อปทาน	V-V	1	1	1	0	1	21Khu04
esa-eva	เอส-เอว	V-V	1	1	1	0	1	27khu10
etadeva-atthāya	เอตเทว-อตฺถาย	V-V	1	1	1	0	1	02Vin02
eva-sakideva-Rū	เอว-สกิเทว-รู	V-C	2	1	1	0	1	08Di03
evamindriyādikhandhadhātu-āyatanesu	เอวมินฺทฺริยาทิขนฺธธาตุ-อายตเนสุ	V-V	1	1	1	0	1	27khu10
evaṃ-anatīto	เอวํ-อนตีโต	C-V	1	1	1	0	1	07Di02
evaṃ-appakasirena	เอวํ-อปฺปกสิเรน	C-V	1	1	1	0	1	11Ma03
Ga-Gha	ค-ฆ	V-C	1	1	1	0	1	04Vin04
Ga-Gāthā	ค-คาถา	V-C	1	1	1	0	1	10Ma02
Gabbha-aṭṭhitakāraṇā	คพฺภ-อฏฺฐิตการณา	V-V	1	1	1	0	1	24Khu07
gahaṇāpagata-uruvisaṭavitthatamahantaṭṭhena	คหณาปคต-อุรุวิสฏวิตฺถตมหนฺตฏฺเฐน	V-V	1	1	1	0	1	28Khu11
gajaturaṅgarathasu-vaṇṇarajatamaṇimuttā-itthiratanādīni	คชตุรงฺครถสุ-วณฺณรชตมณิมุตฺตา-อิตฺถิรตนาทีนิ	V-C	2	1	1	0	1	28Khu11
Gandhadhūpiyatthera-apadāna	คนฺธธูปิยตฺเถร-อปทาน	V-V	1	1	1	0	1	20Khu03
Gandhamuṭṭhiyatthera-apadāna	คนฺธมุฏฺฐิยตฺเถร-อปทาน	V-V	1	1	1	0	1	20Khu03
Gandhamāliyatthera-apadāna	คนฺธมาลิยตฺเถร-อปทาน	V-V	1	1	1	0	1	20Khu03
Gandhapūjakatthera-apadāna	คนฺธปูชกตฺเถร-อปทาน	V-V	1	1	1	0	1	21Khu04
ganthavippayutta-aganthaniyan	คนฺถวิปฺปยุตฺต-อคนฺถนิยนฺ	V-V	1	1	1	0	1	30Abhi02
Gati-anuyoga	คติ-อนุโยค	V-V	1	1	1	0	1	32Abhi04
Gati-anuyogo	คติ-อนุโยโค	V-V	1	1	1	0	1	32Abhi04
Gayākassapatthera-apadāna	คยากสฺสปตฺเถร-อปทาน	V-V	1	1	1	0	1	21Khu04
Gaṅgānadī-ādisuttadvādasaka	คงฺคานที-อาทิสุตฺตทฺวาทสก	V-V	1	1	1	0	1	14Sam03
Gaṅgāyamunā-aciravatīsarabhūmahī-ādīhi	คงฺคายมุนา-อจิรวตีสรภูมหี-อาทีหิ	V-V	2	1	1	0	1	28Khu11
Gaṇapāṭali-ambavanaṃ	คณปาฏลิ-อมฺพวนํ	V-V	1	1	1	0	1	19Khu02
gaṇe-uposatho	คเณ-อุโปสโถ	V-V	1	1	1	0	1	05Vin05
Gaṇṭhipupphiyatthera-apadāna	คณฺฐิปุปฺผิยตฺเถร-อปทาน	V-V	1	1	1	0	1	20Khu03
Ghosasaññakatthera-apadāna	โฆสสญฺญกตฺเถร-อปทาน	V-V	1	1	1	0	1	21Khu04
gihi-upāsakassāpi	คิหิ-อุปาสกสฺสาปิ	V-V	1	1	1	0	1	28Khu11
Gihissa-arahātikathā	คิหิสฺส-อรหาติกถา	V-V	1	1	1	0	1	32Abhi04
Gihivikata-anujānana	คิหิวิกต-อนุชานน	V-V	1	1	1	0	1	04Vin04
Girimānandatthera-apadāna	คิริมานนฺทตฺเถร-อปทาน	V-V	1	1	1	0	1	20Khu03
Girinelapūjakatthera-apadāna	คิริเนลปูชกตฺเถร-อปทาน	V-V	1	1	1	0	1	21Khu04
Giripunnāgiyatthera-apadāna	คิริปุนฺนาคิยตฺเถร-อปทาน	V-V	1	1	1	0	1	21Khu04
Gocaramūlaka-abhinīhārasuttādicatukka	โคจรมูลก-อภินีหารสุตฺตาทิจตุกฺก	V-V	1	1	1	0	1	13Sam02
Gosīsanikkhepakatthera-apadāna	โคสีสนิกฺเขปกตฺเถร-อปทาน	V-V	1	1	1	0	1	20Khu03
Gotamī-ādikā	โคตมี-อาทิกา	V-V	1	1	1	0	1	21Khu04
Gāvī-upamāsutta	คาวี-อุปมาสุตฺต	V-V	1	1	1	0	1	17An03
Gūthabhārika-upamā	คูถภาริก-อุปมา	V-V	1	1	1	0	1	07Di02
ha-kāro	ห-กาโร	V-C	1	1	1	0	1	22Khu05
Harītakadāyakatthera-apadāna	หรีตกทายกตฺเถร-อปทาน	V-V	1	1	1	0	1	21Khu04
Hatthi-assarathapatti	หตฺถิ-อสฺสรถปตฺติ	V-V	1	1	1	0	1	23Khu06
Hatthi-assarathāpattī	หตฺถิ-อสฺสรถาปตฺตี	V-V	1	1	1	0	1	21Khu04
hatthi-assaṃ	หตฺถิ-อสฺสํ	V-V	1	1	1	0	1	22Khu05
hatthi-asse	หตฺถิ-อสฺเส	V-V	1	1	1	0	1	20Khu03
Hatthi-ādisatena	หตฺถิ-อาทิสเตน	V-V	1	1	1	0	1	23Khu06
Hatthidāyakatthera-apadāna	หตฺถิทายกตฺเถร-อปทาน	V-V	1	1	1	0	1	20Khu03
Hemakatthera-apadāna	เหมกตฺเถร-อปทาน	V-V	1	1	1	0	1	20Khu03
hetu-ahetukehi	เหตุ-อเหตุเกหิ	V-V	1	1	1	0	1	31Abhi03
hetu-attho	เหตุ-อตฺโถ	V-V	1	1	1	0	1	27khu10
Hetu-ādi	เหตุ-อาทิ	V-V	1	1	1	0	1	39Abhi11
Hetuduka-ajjhattattikaṃ	เหตุทุก-อชฺฌตฺตตฺติกํ	V-V	1	1	1	0	1	39Abhi11
Hetuduka-ajjhattārammaṇattikaṃ	เหตุทุก-อชฺฌตฺตารมฺมณตฺติกํ	V-V	1	1	1	0	1	39Abhi11
Hetuduka-atītattikaṃ	เหตุทุก-อตีตตฺติกํ	V-V	1	1	1	0	1	39Abhi11
Hetuduka-atītārammaṇattikaṃ	เหตุทุก-อตีตารมฺมณตฺติกํ	V-V	1	1	1	0	1	39Abhi11
Hetuduka-uppannattikaṃ	เหตุทุก-อุปฺปนฺนตฺติกํ	V-V	1	1	1	0	1	39Abhi11
Hetuduka-upādinnattikaṃ	เหตุทุก-อุปาทินฺนตฺติกํ	V-V	1	1	1	0	1	39Abhi11
Hetuduka-ācayagāmittikaṃ	เหตุทุก-อาจยคามิตฺติกํ	V-V	1	1	1	0	1	39Abhi11
Hetuduka-āsavagocchakaṃ	เหตุทุก-อาสวโคจฺฉกํ	V-V	1	1	1	0	1	40Abhi12
Hetuvārādi-uddesa	เหตุวาราทิ-อุทฺเทส	V-V	1	1	1	0	1	33Abhi05
hiri-atikkantikāya	หิริ-อติกฺกนฺติกาย	V-V	1	1	1	0	1	28Khu11
Hāsajanakatthera-apadāna	หาสชนกตฺเถร-อปทาน	V-V	1	1	1	0	1	20Khu03
hīna-ukkaṭṭhamajjhime	หีน-อุกฺกฏฺฐมชฺฌิเม	V-V	1	1	1	0	1	22Khu05
Hīnamajjhima-ukkaṭṭhe	หีนมชฺฌิม-อุกฺกฏฺเฐ	V-V	1	1	1	0	1	21Khu04
I-potthake	อิ-โปตฺถเก	V-C	1	1	1	0	1	27khu10
I-U	อิ-อุ	V-V	1	1	1	0	1	05Vin05
I-Vinaye	อิ-วินเย	V-C	1	1	1	0	1	10Ma02
icchā-itipi	อิจฺฉา-อิติปิ	V-V	1	1	1	0	1	27khu10
iddhipā-da	อิทฺธิปา-ท	V-C	1	1	1	0	1	28Khu11
indriyabalabojjhaṅgasatipaṭṭhānasammappadhāna-iddhipādehi	อินฺทฺริยพลโพชฺฌงฺคสติปฏฺฐานสมฺมปฺปธาน-อิทฺธิปาเทหิ	V-V	1	1	1	0	1	28Khu11
Isimuggadāyakatthera-apadāna	อิสิมุคฺคทายกตฺเถร-อปทาน	V-V	1	1	1	0	1	20Khu03
issāmacchariyamāyāsāṭheyya-kuṭilavisamaduccaritakilesamalehi	อิสฺสามจฺฉริยมายาสาเฐยฺย-กุฏิลวิสมทุจฺจริตกิเลสมเลหิ	V-C	1	1	1	0	1	28Khu11
Issāpakata-itthivatthu	อิสฺสาปกต-อิตฺถิวตฺถุ	V-V	1	1	1	0	1	18Khu01
iti-padavibhāgo	อิติ-ปทวิภาโค	V-C	1	1	1	0	1	11Ma03
Iṅgalisa-potthake	อิงฺคลิส-โปตฺถเก	V-C	1	1	1	0	1	08Di03
Iṭṭhakācayādi-anujānana	อิฏฺฐกาจยาทิ-อนุชานน	V-V	1	1	1	0	1	04Vin04
Iṭṭhāniṭṭha-anubhavanalakkhaṇā	อิฏฺฐานิฏฺฐ-อนุภวนลกฺขณา	V-V	1	1	1	0	1	27khu10
Ja-Jha	ช-ฌ	V-C	1	1	1	0	1	17An03
Ja-Ña	ช-ญ	V-C	1	1	1	0	1	04Vin04
Ja-Ṭha	ช-ฐ	V-C	1	1	1	0	1	05Vin05
Jaccandha-upamā	ชจฺจนฺธ-อุปมา	V-V	1	1	1	0	1	07Di02
Jagatidāyakatthera-apadāna	ชคติทายกตฺเถร-อปทาน	V-V	1	1	1	0	1	21Khu04
Jagatikārakatthera-apadāna	ชคติการกตฺเถร-อปทาน	V-V	1	1	1	0	1	20Khu03
Jatukaṇṇitthera-apadāna	ชตุกณฺณิตฺเถร-อปทาน	V-V	1	1	1	0	1	20Khu03
Javahaṃsakatthera-apadāna	ชวหํสกตฺเถร-อปทาน	V-V	1	1	1	0	1	20Khu03
jaṇṇu-avekallaṃ	ชณฺณุ-อเวกลฺลํ	V-V	1	1	1	0	1	28Khu11
Jātipupphiyatthera-apadāna	ชาติปุปฺผิยตฺเถร-อปทาน	V-V	1	1	1	0	1	21Khu04
Jātipūjakatthera-apadāna	ชาติปูชกตฺเถร-อปทาน	V-V	1	1	1	0	1	20Khu03
Ka-Kha	ก-ข	V-C	1	1	1	0	1	05Vin05
kabaḷīkāra-āhārasadisaṃ	กพฬีการ-อาหารสทิสํ	V-V	1	1	1	0	1	38Abhi10
Kadaliphaladāyakatthera-apadāna	กทลิผลทายกตฺเถร-อปทาน	V-V	1	1	1	0	1	20Khu03
Kakkārupupphapūjakatthera-apadāna	กกฺการุปุปฺผปูชกตฺเถร-อปทาน	V-V	1	1	1	0	1	20Khu03
Kakkārupupphiyatthera-apadāna	กกฺการุปุปฺผิยตฺเถร-อปทาน	V-V	1	1	1	0	1	20Khu03
kakudhakuṭaja-aṅkola	กกุธกุฏช-องฺโกล	V-V	1	1	1	0	1	23Khu06
Kalahappavaḍḍhana-akiccakāriṃ	กลหปฺปวฑฺฒน-อกิจฺจการิํ	V-V	1	1	1	0	1	08Di03
Kallitamūlaka-ārammaṇasuttādichakka	กลฺลิตมูลก-อารมฺมณสุตฺตาทิฉกฺก	V-V	1	1	1	0	1	13Sam02
kalyāṇa-iriyāpatho	กลฺยาณ-อิริยาปโถ	V-V	1	1	1	0	1	19Khu02
kamma-upasampadā	กมฺม-อุปสมฺปทา	V-V	1	1	1	0	1	04Vin04
Kammaphala-atthibhāvapañha	กมฺมผล-อตฺถิภาวปญฺห	V-V	1	1	1	0	1	28Khu11
Kammaphala-atthibhāvapañho	กมฺมผล-อตฺถิภาวปโญฺห	V-V	1	1	1	0	1	28Khu11
Kandalipupphiyatthera-apadāna	กนฺทลิปุปฺผิยตฺเถร-อปทาน	V-V	1	1	1	0	1	20Khu03
kandarapadarasarasobbha-udapānāni	กนฺทรปทรสรโสพฺภ-อุทปานานิ	V-V	1	1	1	0	1	28Khu11
Kapitthaphaladāyakatthera-apadāna	กปิตฺถผลทายกตฺเถร-อปทาน	V-V	1	1	1	0	1	21Khu04
Kapparukkhiyatthera-apadāna	กปฺปรุกฺขิยตฺเถร-อปทาน	V-V	1	1	1	0	1	20Khu03
Kappaṭṭhiti-āyācanakathā	กปฺปฏฺฐิติ-อายาจนกถา	V-V	1	1	1	0	1	07Di02
Kappiyabhūmi-anujā	กปฺปิยภูมิ-อนุชา	V-V	1	1	1	0	1	03Vin03
Kappiyabhūmi-anujānanā	กปฺปิยภูมิ-อนุชานนา	V-V	1	1	1	0	1	03Vin03
Kasi-vāṇijjā	กสิ-วาณิชฺชา	V-C	1	1	1	0	1	22Khu05
Kathina-anantarapaccayādi	กถิน-อนนฺตรปจฺจยาทิ	V-V	1	1	1	0	1	05Vin05
Kathina-atthatādi	กถิน-อตฺถตาทิ	V-V	1	1	1	0	1	05Vin05
kati-aṅgikanti	กติ-องฺคิกนฺติ	V-V	1	1	1	0	1	09Ma01
Kaḷamba-ambāṭakado	กฬมฺพ-อมฺพาฏกโท	V-V	1	1	1	0	1	21Khu04
Kaḷambadāyakatthera-apadāna	กฬมฺพทายกตฺเถร-อปทาน	V-V	1	1	1	0	1	21Khu04
Kaṅkhārevatatthera-apadāna	กงฺขาเรวตตฺเถร-อปทาน	V-V	1	1	1	0	1	21Khu04
Kaṇaverapupphiyatthera-apadāna	กณเวรปุปฺผิยตฺเถร-อปทาน	V-V	1	1	1	0	1	20Khu03
Kaṇikārachattiyatthera-apadāna	กณิการฉตฺติยตฺเถร-อปทาน	V-V	1	1	1	0	1	20Khu03
Kaṇikārapupphiyatthera-apadāna	กณิการปุปฺผิยตฺเถร-อปทาน	V-V	1	1	1	0	1	20Khu03
Kaṭacchubhikkhādāyikātherī-apadāna	กฏจฺฉุภิกฺขาทายิกาเถรี-อปทาน	V-V	1	1	1	0	1	21Khu04
Ketakapupphiyatthera-apadāna	เกตกปุปฺผิยตฺเถร-อปทาน	V-V	1	1	1	0	1	21Khu04
kevaṭṭa-assapurajaṭilena	เกวฏฺฏ-อสฺสปุรชฏิเลน	V-V	1	1	1	0	1	09Ma01
Kha-Ga-Gha	ข-ค-ฆ	V-C	2	1	1	0	1	27khu10
Khadiravaniyarevatatthera-apadāna	ขทิรวนิยเรวตตฺเถร-อปทาน	V-V	1	1	1	0	1	20Khu03
Khajjakadāyakatthera-apadāna	ขชฺชกทายกตฺเถร-อปทาน	V-V	1	1	1	0	1	20Khu03
khama-ti	ขม-ติ	V-C	1	1	1	0	1	04Vin04
khambhoguṇṭhika-ukkuṭi	ขมฺโภคุณฺฐิก-อุกฺกุฏิ	V-V	1	1	1	0	1	04Vin04
Khandhadhātu-āyatananti	ขนฺธธาตุ-อายตนนฺติ	V-V	1	1	1	0	1	32Abhi04
khandhadhātu-āyatanānaṃ	ขนฺธธาตุ-อายตนานํ	V-V	1	1	1	0	1	27khu10
khandhavibhaṅgādi-aṭṭhārasa	ขนฺธวิภงฺคาทิ-อฏฺฐารส	V-V	1	1	1	0	1	28Khu11
Khanti-ānisaṃsā	ขนฺติ-อานิสํสา	V-V	1	1	1	0	1	16An02
Khaṇḍapulliyatthera-apadāna	ขณฺฑปุลฺลิยตฺเถร-อปทาน	V-V	1	1	1	0	1	20Khu03
Khema-indriya	เขม-อินฺทฺริย	V-V	1	1	1	0	1	16An02
Khemādāyikātherī-apadāna	เขมาทายิกาเถรี-อปทาน	V-V	1	1	1	0	1	21Khu04
Khemātherī-apadāna	เขมาเถรี-อปทาน	V-V	1	1	1	0	1	21Khu04
Khomadāyakatthera-apadāna	โขมทายกตฺเถร-อปทาน	V-V	1	1	1	0	1	20Khu03
Khīṇāsava-abhabbaṭhāna	ขีณาสว-อภพฺพฐาน	V-V	1	1	1	0	1	08Di03
khīṇāsava-ariyavarapuggalapatthito	ขีณาสว-อริยวรปุคฺคลปตฺถิโต	V-V	1	1	1	0	1	28Khu11
kilamatho-itipi	กิลมโถ-อิติปิ	V-V	1	1	1	0	1	27khu10
Kilañjadāyakatthera-apadāna	กิลญฺชทายกตฺเถร-อปทาน	V-V	1	1	1	0	1	20Khu03
kilesa-indriyehi	กิเลส-อินฺทฺริเยหิ	V-V	1	1	1	0	1	27khu10
Kimilatthera-apadāna	กิมิลตฺเถร-อปทาน	V-V	1	1	1	0	1	21Khu04
Kiriyāmanoviññāṇadhātu-upekkhāsahagata	กิริยามโนวิญฺญาณธาตุ-อุเปกฺขาสหคต	V-V	1	1	1	0	1	29Abhi01
Kisalayapūjakatthera-apadāna	กิสลยปูชกตฺเถร-อปทาน	V-V	1	1	1	0	1	20Khu03
Kisāgotamītherī-apadāna	กิสาโคตมีเถรี-อปทาน	V-V	1	1	1	0	1	21Khu04
Kittisadda-abbhuggamana	กิตฺติสทฺท-อพฺภุคฺคมน	V-V	1	1	1	0	1	07Di02
Kiṃkaṇikapupphiyatthera-apadāna	กิํกณิกปุปฺผิยตฺเถร-อปทาน	V-V	1	1	1	0	1	20Khu03
kiṃkusalānu-esī	กิํกุสลานุ-เอสี	V-V	1	1	1	0	1	07Di02
Kiṃsukapupphiyatthera-apadāna	กิํสุกปุปฺผิยตฺเถร-อปทาน	V-V	1	1	1	0	1	21Khu04
Kiṃsukapūjakatthera-apadāna	กิํสุกปูชกตฺเถร-อปทาน	V-V	1	1	1	0	1	20Khu03
Kiṃsīla-uṭṭhahano	กิํสีล-อุฏฺฐหโน	V-V	1	1	1	0	1	18Khu01
Kiṅkaṇipupphiyatthera-apadāna	กิงฺกณิปุปฺผิยตฺเถร-อปทาน	V-V	1	1	1	0	1	20Khu03
Koladāyakatthera-apadāna	โกลทายกตฺเถร-อปทาน	V-V	1	1	1	0	1	21Khu04
Kosambaphaliyatthera-apadāna	โกสมฺพผลิยตฺเถร-อปทาน	V-V	1	1	1	0	1	21Khu04
Koṭumbariyattera-apadāna	โกฏุมฺพริยตฺเตร-อปทาน	V-V	1	1	1	0	1	20Khu03
Koṭṭhika-anattasutta	โกฏฺฐิก-อนตฺตสุตฺต	V-V	1	1	1	0	1	13Sam02
Koṭṭhika-aniccasutta	โกฏฺฐิก-อนิจฺจสุตฺต	V-V	1	1	1	0	1	13Sam02
Kuhakāssaddha-akkhamā	กุหกาสฺสทฺธ-อกฺขมา	V-V	1	1	1	0	1	16An02
kukkura-abhayo	กุกฺกุร-อภโย	V-V	1	1	1	0	1	10Ma02
kumbha-aṇḍakā	กุมฺภ-อณฺฑกา	V-V	1	1	1	0	1	20Khu03
Kummāsadāyakatthera-apadāna	กุมฺมาสทายกตฺเถร-อปทาน	V-V	1	1	1	0	1	21Khu04
Kumudadāyakatthera-apadāna	กุมุททายกตฺเถร-อปทาน	V-V	1	1	1	0	1	20Khu03
Kumārakassapatthera-apadāna	กุมารกสฺสปตฺเถร-อปทาน	V-V	1	1	1	0	1	21Khu04
Kurañciyaphaladāyakatthera-apadāna	กุรญฺจิยผลทายกตฺเถร-อปทาน	V-V	1	1	1	0	1	21Khu04
kusala-akusalamūlehi	กุสล-อกุสลมูเลหิ	V-V	1	1	1	0	1	27khu10
Kusalattika-upādānagocchakaṃ	กุสลตฺติก-อุปาทานโคจฺฉกํ	V-V	1	1	1	0	1	39Abhi11
Kusalattika-āsavagocchakaṃ	กุสลตฺติก-อาสวโคจฺฉกํ	V-V	1	1	1	0	1	39Abhi11
Kusalavipākamanoviññāṇadhātu-upekkhāsahagata	กุสลวิปากมโนวิญฺญาณธาตุ-อุเปกฺขาสหคต	V-V	1	1	1	0	1	29Abhi01
Kusaṭṭhakadāyakatthera-apadāna	กุสฏฺฐกทายกตฺเถร-อปทาน	V-V	1	1	1	0	1	21Khu04
Kusināra-acinteyyā	กุสินาร-อจินฺเตยฺยา	V-V	1	1	1	0	1	15An01
Kusumāsaniyatthera-apadāna	กุสุมาสนิยตฺเถร-อปทาน	V-V	1	1	1	0	1	20Khu03
kuto-abhinibbattākutopātubhūtā	กุโต-อภินิพฺพตฺตากุโตปาตุภูตา	V-V	1	1	1	0	1	24Khu07
Kuṇḍadhānatthera-apadāna	กุณฺฑธานตฺเถร-อปทาน	V-V	1	1	1	0	1	20Khu03
Kuṇḍalakesātherī-apadāna	กุณฺฑลเกสาเถรี-อปทาน	V-V	1	1	1	0	1	21Khu04
Kuṭidhūpakatthera-apadāna	กุฏิธูปกตฺเถร-อปทาน	V-V	1	1	1	0	1	20Khu03
Kuṭidāyakatthera-apadāna	กุฏิทายกตฺเถร-อปทาน	V-V	1	1	1	0	1	20Khu03
Kālattaya-anattasutta	กาลตฺตย-อนตฺตสุตฺต	V-V	1	1	1	0	1	13Sam02
Kālattaya-aniccasutta	กาลตฺตย-อนิจฺจสุตฺต	V-V	1	1	1	0	1	13Sam02
kāmāvacaraduka-abyākatasadisaṃ	กามาวจรทุก-อพฺยากตสทิสํ	V-V	1	1	1	0	1	39Abhi11
kāsituṃ-iti	กาสิตุํ-อิติ	C-V	1	1	1	0	1	16An02
Kāsumāraphaliyatthera-apadāna	กาสุมารผลิยตฺเถร-อปทาน	V-V	1	1	1	0	1	21Khu04
Kāsumāriphaladāyakatthera-apadāna	กาสุมาริผลทายกตฺเถร-อปทาน	V-V	1	1	1	0	1	20Khu03
Kāsumāripu-aladāyakattherassāpadānaṃ	กาสุมาริปุ-อลทายกตฺเถรสฺสาปทานํ	V-V	1	1	1	0	1	20Khu03
Kāyikādi-āpatti	กายิกาทิ-อาปตฺติ	V-V	1	1	1	0	1	05Vin05
Kāḷigodhāputtabhaddiyatthera-apadāna	กาฬิโคธาปุตฺตภทฺทิยตฺเถร-อปทาน	V-V	1	1	1	0	1	20Khu03
Labujadāyakatthera-apadāna	ลพุชทายกตฺเถร-อปทาน	V-V	1	1	1	0	1	20Khu03
Labujaphaladāyakatthera-apadāna	ลพุชผลทายกตฺเถร-อปทาน	V-V	1	1	1	0	1	21Khu04
Lakuṇḍabhaddiyatthera-apadāna	ลกุณฺฑภทฺทิยตฺเถร-อปทาน	V-V	1	1	1	0	1	21Khu04
Lasuṇadāyakatthera-apadāna	ลสุณทายกตฺเถร-อปทาน	V-V	1	1	1	0	1	20Khu03
latā-itipi	ลตา-อิติปิ	V-V	1	1	1	0	1	27khu10
lohita-uṇhīsā	โลหิต-อุณฺหีสา	V-V	1	1	1	0	1	23Khu06
lokoti-ādikaṃ	โลโกติ-อาทิกํ	V-V	1	1	1	0	1	27khu10
lokuttara-ekakadukajjhānā	โลกุตฺตร-เอกกทุกชฺฌานา	V-V	1	1	1	0	1	29Abhi01
Lokuttaravipāka-paṭhamamaggavipāka	โลกุตฺตรวิปาก-ปฐมมคฺควิปาก	V-C	1	1	1	0	1	29Abhi01
Lomasakaṅgiyatthera-apadāna	โลมสกงฺคิยตฺเถร-อปทาน	V-V	1	1	1	0	1	21Khu04
lābhasakkāra-ussukā	ลาภสกฺการ-อุสฺสุกา	V-V	1	1	1	0	1	19Khu02
lābhayasasakkāramānanavandanapūjana-apacitīsu	ลาภยสสกฺการมานนวนฺทนปูชน-อปจิตีสุ	V-V	1	1	1	0	1	28Khu11
Lābhālābha-aṭṭhakesu	ลาภาลาภ-อฏฺฐเกสุ	V-V	1	1	1	0	1	27khu10
Lājā-olopiyā	ลาชา-โอโลปิยา	V-V	1	1	1	0	1	23Khu06
Macchadāyakattera-apadāna	มจฺฉทายกตฺเตร-อปทาน	V-V	1	1	1	0	1	20Khu03
madhu-añjanaṃ	มธุ-อญฺชนํ	V-V	1	1	1	0	1	22Khu05
Madhu-ānisaṃsa	มธุ-อานิสํส	V-V	1	1	1	0	1	20Khu03
Madhudāyakatthera-apadāna	มธุทายกตฺเถร-อปทาน	V-V	1	1	1	0	1	20Khu03
Madhumaṃsadāyakatthera-apadāna	มธุมํสทายกตฺเถร-อปทาน	V-V	1	1	1	0	1	20Khu03
Madhupiṇḍikatthera-apadāna	มธุปิณฺฑิกตฺเถร-อปทาน	V-V	1	1	1	0	1	20Khu03
Maggadattikatthera-apadāna	มคฺคทตฺติกตฺเถร-อปทาน	V-V	1	1	1	0	1	20Khu03
Maggadāyakatthera-apadāna	มคฺคทายกตฺเถร-อปทาน	V-V	1	1	1	0	1	20Khu03
Maggasaññakatthera-apadāna	มคฺคสญฺญกตฺเถร-อปทาน	V-V	1	1	1	0	1	20Khu03
Magghadeva-ambavane	มคฺฆเทว-อมฺพวเน	V-V	1	1	1	0	1	10Ma02
Maghadeva-ambavaneagārasmā	มฆเทว-อมฺพวเนอคารสฺมา	V-V	1	1	1	0	1	10Ma02
Maghadeva-ambavena	มฆเทว-อมฺพเวน	V-V	1	1	1	0	1	10Ma02
Maghavapupphiyatthera-apadāna	มฆวปุปฺผิยตฺเถร-อปทาน	V-V	1	1	1	0	1	20Khu03
Mahaggatādipada-hetu	มหคฺคตาทิปท-เหตุ	V-C	1	1	1	0	1	40Abhi12
Mahā-acchariyaṃ	มหา-อจฺฉริยํ	V-V	1	1	1	0	1	21Khu04
mahā-aggikkhandhassa	มหา-อคฺคิกฺขนฺธสฺส	V-V	1	1	1	0	1	28Khu11
mahā-aggiṃ	มหา-อคฺคิํ	V-V	1	1	1	0	1	21Khu04
mahā-ariṭṭhako	มหา-อริฏฺฐโก	V-V	1	1	1	0	1	12Sam01
Mahā-assapurasuttaṃ	มหา-อสฺสปุรสุตฺตํ	V-V	1	1	1	0	1	09Ma01
Mahā-assāroha	มหา-อสฺสาโรห	V-V	1	1	1	0	1	22Khu05
Mahā-assārohajātaka	มหา-อสฺสาโรหชาตก	V-V	1	1	1	0	1	22Khu05
Mahā-assārohajātakaṃ	มหา-อสฺสาโรหชาตกํ	V-V	1	1	1	0	1	22Khu05
mahā-isiṃ	มหา-อิสิํ	V-V	1	1	1	0	1	20Khu03
mahā-sattuhatthattataṃ	มหา-สตฺตุหตฺถตฺตตํ	V-C	1	1	1	0	1	23Khu06
mahā-udakadhārā	มหา-อุทกธารา	V-V	1	1	1	0	1	28Khu11
Mahā-ukkusa	มหา-อุกฺกุส	V-V	1	1	1	0	1	22Khu05
Mahā-ukkusajātaka	มหา-อุกฺกุสชาตก	V-V	1	1	1	0	1	22Khu05
Mahā-ukkusajātakaṃ	มหา-อุกฺกุสชาตกํ	V-V	1	1	1	0	1	22Khu05
mahā-ukkārasambhavo	มหา-อุกฺการสมฺภโว	V-V	1	1	1	0	1	19Khu02
mahā-upāsike	มหา-อุปาสิเก	V-V	1	1	1	0	1	28Khu11
Mahācūḷadukkhakkhandha-anumānikasuttaṃ	มหาจูฬทุกฺขกฺขนฺธ-อนุมานิกสุตฺตํ	V-V	1	1	1	0	1	09Ma01
Mahājanakāya-anupabbajjā	มหาชนกาย-อนุปพฺพชฺชา	V-V	1	1	1	0	1	07Di02
Mahākaccānatthera-apadāna	มหากจฺจานตฺเถร-อปทาน	V-V	1	1	1	0	1	20Khu03
Mahākaccāyanatthera-apadāna	มหากจฺจายนตฺเถร-อปทาน	V-V	1	1	1	0	1	21Khu04
Mahākappinatthera-apadāna	มหากปฺปินตฺเถร-อปทาน	V-V	1	1	1	0	1	21Khu04
Mahākassapatthera-apadāna	มหากสฺสปตฺเถร-อปทาน	V-V	1	1	1	0	1	20Khu03
Mahākoṭṭhikatthera-apadāna	มหาโกฏฺฐิกตฺเถร-อปทาน	V-V	1	1	1	0	1	21Khu04
Mahākāla-upāsakavatthu	มหากาล-อุปาสกวตฺถุ	V-V	1	1	1	0	1	18Khu01
Mahāmoggallānatthera-apadāna	มหาโมคฺคลฺลานตฺเถร-อปทาน	V-V	1	1	1	0	1	20Khu03
Mahāpajāpatigotamītherī-apadāna	มหาปชาปติโคตมีเถรี-อปทาน	V-V	1	1	1	0	1	21Khu04
Mahāparivārakatthera-apadāna	มหาปริวารกตฺเถร-อปทาน	V-V	1	1	1	0	1	20Khu03
Mahāsamudde-aṭṭhacchariya	มหาสมุทฺเท-อฏฺฐจฺฉริย	V-V	1	1	1	0	1	04Vin04
majjha-indriyabhāvanā	มชฺฌ-อินฺทฺริยภาวนา	V-V	1	1	1	0	1	27khu10
majjhe-urasmiṃ	มชฺเฌ-อุรสฺมิํ	V-V	1	1	1	0	1	32Abhi04
Majjhima-āgame	มชฺฌิม-อาคเม	V-V	1	1	1	0	1	10Ma02
Makhādeva-ambavane	มขาเทว-อมฺพวเน	V-V	1	1	1	0	1	10Ma02
Makkhapaḷāsa-issā	มกฺขปฬาส-อิสฺสา	V-V	1	1	1	0	1	15An01
Mandāravapupphapūjakatthera-apadāna	มนฺทารวปุปฺผปูชกตฺเถร-อปทาน	V-V	1	1	1	0	1	20Khu03
Mandāravapupphiyatthera-apadāna	มนฺทารวปุปฺผิยตฺเถร-อปทาน	V-V	1	1	1	0	1	20Khu03
mano-abhāvanīyassa	มโน-อภาวนียสฺส	V-V	1	1	1	0	1	16An02
Manussa-amanussā	มนุสฺส-อมนุสฺสา	V-V	1	1	1	0	1	04Vin04
Mañcapīṭhādi-anujānana	มญฺจปีฐาทิ-อนุชานน	V-V	1	1	1	0	1	04Vin04
Mañjaripūjakatthera-apadāna	มญฺชริปูชกตฺเถร-อปทาน	V-V	1	1	1	0	1	20Khu03
Mañjiṭṭhika-upamāhi	มญฺชิฏฺฐิก-อุปมาหิ	V-V	1	1	1	0	1	04Vin04
maññanā-itipi	มญฺญนา-อิติปิ	V-V	1	1	1	0	1	27khu10
Maṇḍapadāyikātherī-apadāna	มณฺฑปทายิกาเถรี-อปทาน	V-V	1	1	1	0	1	21Khu04
Mettagutthera-apadāna	เมตฺตคุตฺเถร-อปทาน	V-V	1	1	1	0	1	20Khu03
micchā-ājīvameva	มิจฺฉา-อาชีวเมว	V-V	1	1	1	0	1	04Vin04
micchā-ājīve	มิจฺฉา-อาชีเว	V-V	1	1	1	0	1	15An01
Minelapupphiyatthera-apadāna	มิเนลปุปฺผิยตฺเถร-อปทาน	V-V	1	1	1	0	1	20Khu03
Miñja-āveḷavandanaṃ	มิญฺช-อาเวฬวนฺทนํ	V-V	1	1	1	0	1	20Khu03
Miñjavaṭaṃsakiyatthera-apadāna	มิญฺชวฏํสกิยตฺเถร-อปทาน	V-V	1	1	1	0	1	20Khu03
Modakadāyikātherī-apadāna	โมทกทายิกาเถรี-อปทาน	V-V	1	1	1	0	1	21Khu04
Mogharājatthera-apadāna	โมฆราชตฺเถร-อปทาน	V-V	1	1	1	0	1	21Khu04
Morahattha-cāmara	โมรหตฺถ-จามร	V-C	1	1	1	0	1	20Khu03
Morahatthiyatthera-apadāna	โมรหตฺถิยตฺเถร-อปทาน	V-V	1	1	1	0	1	21Khu04
muttāmaṇiveḷuriyasaṅkhasilāpavāḷa-phalikamaṇivividharatananicayaṃ	มุตฺตามณิเวฬุริยสงฺขสิลาปวาฬ-ผลิกมณิวิวิธรตนนิจยํ	V-C	1	1	1	0	1	28Khu11
muṭṭhassati-asampajānasandosahetu	มุฏฺฐสฺสติ-อสมฺปชานสนฺโทสเหตุ	V-V	1	1	1	0	1	09Ma01
Muṭṭhipupphiyatthera-apadāna	มุฏฺฐิปุปฺผิยตฺเถร-อปทาน	V-V	1	1	1	0	1	20Khu03
Muṭṭhipūjakatthera-apadāna	มุฏฺฐิปูชกตฺเถร-อปทาน	V-V	1	1	1	0	1	20Khu03
mātu-upaṭṭhāko	มาตุ-อุปฏฺฐาโก	V-V	1	1	1	0	1	20Khu03
Mātuluṅgaphaladāyakatthera-apadāna	มาตุลุงฺคผลทายกตฺเถร-อปทาน	V-V	1	1	1	0	1	21Khu04
Mātā-atthīti	มาตา-อตฺถีติ	V-V	1	1	1	0	1	32Abhi04
Māyā-usūyasārambha	มายา-อุสูยสารมฺภ	V-V	1	1	1	0	1	19Khu02
Mūlavāra-uddeso	มูลวาร-อุทฺเทโส	V-V	1	1	1	0	1	33Abhi05
Mūlāya-avisuddhinavaka	มูลาย-อวิสุทฺธินวก	V-V	1	1	1	0	1	04Vin04
Mūlāyapaṭikassita-abbhāna	มูลายปฏิกสฺสิต-อพฺภาน	V-V	1	1	1	0	1	04Vin04
na-abhisaṅkhārakāyasaṅkhāraṇaṃ	น-อภิสงฺขารกายสงฺขารณํ	V-V	1	1	1	0	1	27khu10
Na-adhipati-ādi	น-อธิปติ-อาทิ	V-V	2	1	1	0	1	36Abhi08
Na-adhipatimūlake	น-อธิปติมูลเก	V-V	1	1	1	0	1	37Abhi09
na-adhipatipatipaccayā	น-อธิปติปติปจฺจยา	V-V	1	1	1	0	1	37Abhi09
na-adhipatisadisaṃ	น-อธิปติสทิสํ	V-V	1	1	1	0	1	37Abhi09
Na-adhipatisadisā	น-อธิปติสทิสา	V-V	1	1	1	0	1	37Abhi09
na-adukkhāmasukhāya	น-อทุกฺขามสุขาย	V-V	1	1	1	0	1	40Abhi12
na-ajjhattassa	น-อชฺฌตฺตสฺส	V-V	1	1	1	0	1	40Abhi12
Na-ajjhattikañca	น-อชฺฌตฺติกญฺจ	V-V	1	1	1	0	1	40Abhi12
Na-ajjhattārammaṇañca	น-อชฺฌตฺตารมฺมณญฺจ	V-V	1	1	1	0	1	40Abhi12
na-alamariyasaṅkhātā	น-อลมริยสงฺขาตา	V-V	1	1	1	0	1	08Di03
na-alamariyā	น-อลมริยา	V-V	1	1	1	0	1	08Di03
Na-anantarampi	น-อนนฺตรมฺปิ	V-V	1	1	1	0	1	37Abhi09
Na-anantarapaccayampi	น-อนนฺตรปจฺจยมฺปิ	V-V	1	1	1	0	1	36Abhi08
na-anantarapadādī	น-อนนฺตรปทาที	V-V	1	1	1	0	1	38Abhi10
na-anidassana-appaṭighamūlassa	น-อนิทสฺสน-อปฺปฏิฆมูลสฺส	V-V	2	1	1	0	1	40Abhi12
na-anidassana-appaṭighañca	น-อนิทสฺสน-อปฺปฏิฆญฺจ	V-V	2	1	1	0	1	40Abhi12
na-anidassanasappaṭighamūlassa	น-อนิทสฺสนสปฺปฏิฆมูลสฺส	V-V	1	1	1	0	1	40Abhi12
na-anidassanasappaṭighamūlepi	น-อนิทสฺสนสปฺปฏิฆมูเลปิ	V-V	1	1	1	0	1	40Abhi12
Na-anidassanasappaṭighana-abyākatamūlāni	น-อนิทสฺสนสปฺปฏิฆน-อพฺยากตมูลานิ	V-V	2	1	1	0	1	40Abhi12
na-anupādinnassa	น-อนุปาทินฺนสฺส	V-V	1	1	1	0	1	40Abhi12
na-anupādinnañca	น-อนุปาทินฺนญฺจ	V-V	1	1	1	0	1	40Abhi12
Na-apaccayaṃ	น-อปจฺจยํ	V-V	1	1	1	0	1	40Abhi12
na-aparāmaṭṭhaṃ	น-อปรามฏฺฐํ	V-V	1	1	1	0	1	40Abhi12
Na-appaccayana-anidassana-appaṭighamūlepi	น-อปฺปจฺจยน-อนิทสฺสน-อปฺปฏิฆมูเลปิ	V-V	3	1	1	0	1	40Abhi12
na-appītikañca	น-อปฺปีติกญฺจ	V-V	1	1	1	0	1	40Abhi12
na-arūpe	น-อรูเป	V-V	1	1	1	0	1	39Abhi11
na-arūpāvacaracittasamaṅgissa	น-อรูปาวจรจิตฺตสมงฺคิสฺส	V-V	1	1	1	0	1	39Abhi11
na-arūpāvacarādhipati	น-อรูปาวจราธิปติ	V-V	1	1	1	0	1	39Abhi11
na-asaṃkiliṭṭhasaṃkileko	น-อสํกิลิฏฺฐสํกิเลโก	V-V	1	1	1	0	1	40Abhi12
na-asaṅkhatassa	น-อสงฺขตสฺส	V-V	1	1	1	0	1	40Abhi12
na-asaṅkhato	น-อสงฺขโต	V-V	1	1	1	0	1	40Abhi12
Na-attapaññatti	น-อตฺตปญฺญตฺติ	V-V	1	1	1	0	1	07Di02
na-avicārañca	น-อวิจารญฺจ	V-V	1	1	1	0	1	40Abhi12
na-aññamaññampi	น-อญฺญมญฺญมฺปิ	V-V	1	1	1	0	1	37Abhi09
na-ehibhaddantikā	น-เอหิภทฺทนฺติกา	V-V	1	1	1	0	1	09Ma01
na-hetuṃ	น-เหตุํ	V-C	1	1	1	0	1	38Abhi10
Na-indriyamūlakaṃ	น-อินฺทฺริยมูลกํ	V-V	1	1	1	0	1	36Abhi08
Na-indriyādi	น-อินฺทฺริยาทิ	V-V	1	1	1	0	1	37Abhi09
na-kāro	น-กาโร	V-C	1	1	1	0	1	08Di03
na-uddissakataṃ	น-อุทฺทิสฺสกตํ	V-V	1	1	1	0	1	08Di03
Na-upakkhāsahagataṃ	น-อุปกฺขาสหคตํ	V-V	1	1	1	0	1	39Abhi11
na-upanisaye	น-อุปนิสเย	V-V	1	1	1	0	1	36Abhi08
na-upanissayampi	น-อุปนิสฺสยมฺปิ	V-V	1	1	1	0	1	37Abhi09
Na-upanissayapaccayaṃ	น-อุปนิสฺสยปจฺจยํ	V-V	1	1	1	0	1	36Abhi08
Na-upasampādetabbekavīsativāro	น-อุปสมฺปาเทตพฺเพกวีสติวาโร	V-V	1	1	1	0	1	03Vin03
Na-upādinnañca	น-อุปาทินฺนญฺจ	V-V	1	1	1	0	1	40Abhi12
na-upādinnu	น-อุปาทินฺนุ	V-V	1	1	1	0	1	40Abhi12
na-upādādhammaṃ	น-อุปาทาธมฺมํ	V-V	1	1	1	0	1	40Abhi12
na-upādāno	น-อุปาทาโน	V-V	1	1	1	0	1	40Abhi12
na-ādhipatiyā	น-อาธิปติยา	V-V	1	1	1	0	1	39Abhi11
Na-āhāramūlakaṃ	น-อาหารมูลกํ	V-V	1	1	1	0	1	36Abhi08
na-ārammaṇapaccayo	น-อารมฺมณปจฺจโย	V-V	1	1	1	0	1	38Abhi10
na-ārammaṇo	น-อารมฺมโณ	V-V	1	1	1	0	1	40Abhi12
Na-ārammaṇāpi	น-อารมฺมณาปิ	V-V	1	1	1	0	1	38Abhi10
Na-āsavasampayuttana-anidassanasappaṭighamūle	น-อาสวสมฺปยุตฺตน-อนิทสฺสนสปฺปฏิฆมูเล	V-V	2	1	1	0	1	40Abhi12
Na-āsavañca	น-อาสวญฺจ	V-V	1	1	1	0	1	40Abhi12
na-āsevanampi	น-อาเสวนมฺปิ	V-V	1	1	1	0	1	36Abhi08
Na-āsevanamūlakaṃ	น-อาเสวนมูลกํ	V-V	1	1	1	0	1	36Abhi08
Na-āsevanapaccayamūlakampi	น-อาเสวนปจฺจยมูลกมฺปิ	V-V	1	1	1	0	1	36Abhi08
na-āsevanapaccayañca	น-อาเสวนปจฺจยญฺจ	V-V	1	1	1	0	1	37Abhi09
na-āsevanepi	น-อาเสวเนปิ	V-V	1	1	1	0	1	37Abhi09
Nadīkassapatthera-apadāna	นทีกสฺสปตฺเถร-อปทาน	V-V	1	1	1	0	1	21Khu04
nahetu-ahetukacittasamaṅgissa	นเหตุ-อเหตุกจิตฺตสมงฺคิสฺส	V-V	1	1	1	0	1	38Abhi10
Nahetu-ahetukapada-hetu	นเหตุ-อเหตุกปท-เหตุ	V-V	2	1	1	0	1	39Abhi11
nahetu-ahetukā	นเหตุ-อเหตุกา	V-V	1	1	1	0	1	30Abhi02
Nahetuna-adhipati	นเหตุน-อธิปติ	V-V	1	1	1	0	1	39Abhi11
Nahetuna-anidassanasappaṭighamūlepi	นเหตุน-อนิทสฺสนสปฺปฏิฆมูเลปิ	V-V	1	1	1	0	1	40Abhi12
Nahetupada-hetu	นเหตุปท-เหตุ	V-C	1	1	1	0	1	39Abhi11
Nahetupada-ārammaṇa	นเหตุปท-อารมฺมณ	V-V	1	1	1	0	1	39Abhi11
Nahetupada-ārammaṇādi	นเหตุปท-อารมฺมณาทิ	V-V	1	1	1	0	1	39Abhi11
Nakāmāvacarapada-hetu	นกามาวจรปท-เหตุ	V-C	1	1	1	0	1	39Abhi11
nana-araṇo	นน-อรโณ	V-V	1	1	1	0	1	40Abhi12
nana-arūpāvacarañca	นน-อรูปาวจรญฺจ	V-V	1	1	1	0	1	40Abhi12
Nandatthera-apadāna	นนฺทตฺเถร-อปทาน	V-V	1	1	1	0	1	20Khu03
Nandātherī-apadāna	นนฺทาเถรี-อปทาน	V-V	1	1	1	0	1	21Khu04
naneva-ācayagāmiṃ	นเนว-อาจยคามิํ	V-V	1	1	1	0	1	40Abhi12
nano-anāsavo	นโน-อนาสโว	V-V	1	1	1	0	1	40Abhi12
nano-asaññojano	นโน-อสญฺโญชโน	V-V	1	1	1	0	1	40Abhi12
nano-upādānaṃ	นโน-อุปาทานํ	V-V	1	1	1	0	1	40Abhi12
Napacchājātana-āsevana	นปจฺฉาชาตน-อาเสวน	V-V	1	1	1	0	1	36Abhi08
Nasahetukana-anidassanasappaṭighamūlepi	นสเหตุกน-อนิทสฺสนสปฺปฏิฆมูเลปิ	V-V	1	1	1	0	1	40Abhi12
Natthi-arahato-akālamaccūtikathā	นตฺถิ-อรหโต-อกาลมจฺจูติกถา	V-V	2	1	1	0	1	32Abhi04
Navaka-uddesa	นวก-อุทฺเทส	V-V	1	1	1	0	1	31Abhi03
naḷa-avhayanena	นฬ-อวฺหยเนน	V-V	1	1	1	0	1	22Khu05
Naḷakuṭidāyakatthera-apadāna	นฬกุฏิทายกตฺเถร-อปทาน	V-V	1	1	1	0	1	21Khu04
Naḷinakesariyatthera-apadāna	นฬินเกสริยตฺเถร-อปทาน	V-V	1	1	1	0	1	20Khu03
Naḷāgārikatthera-apadāna	นฬาคาริกตฺเถร-อปทาน	V-V	1	1	1	0	1	20Khu03
Nerayikaggi-uṇhabhāvapañha	เนรยิกคฺคิ-อุณฺหภาวปญฺห	V-V	1	1	1	0	1	28Khu11
Nerayikaggi-uṇhabhāvapañho	เนรยิกคฺคิ-อุณฺหภาวปโญฺห	V-V	1	1	1	0	1	28Khu11
neva-sekkhanāsekkhānaṃ	เนว-เสกฺขนาเสกฺขานํ	V-C	1	1	1	0	1	37Abhi09
Nevarūpīnārūpī-attāsutta	เนวรูปีนารูปี-อตฺตาสุตฺต	V-V	1	1	1	0	1	13Sam02
ni-uddhaccā	นิ-อุทฺธจฺจา	V-V	1	1	1	0	1	26Khu09
niddiṭṭha-upādānamāha	นิทฺทิฏฺฐ-อุปาทานมาห	V-V	1	1	1	0	1	27khu10
niggaṇṭhisamasudhota-ujuvimalanārāco	นิคฺคณฺฐิสมสุโธต-อุชุวิมลนาราโจ	V-V	1	1	1	0	1	28Khu11
Nimittabyākaraṇiyatthera-apadāna	นิมิตฺตพฺยากรณิยตฺเถร-อปทาน	V-V	1	1	1	0	1	21Khu04
nimittaggahaṇa-anubyañjanaggahaṇavinodanaṃ	นิมิตฺตคฺคหณ-อนุพฺยญฺชนคฺคหณวิโนทนํ	V-V	1	1	1	0	1	27khu10
Nimittasaññakatthera-apadāna	นิมิตฺตสญฺญกตฺเถร-อปทาน	V-V	1	1	1	0	1	20Khu03
Nindābyārosa-uparambha	นินฺทาพฺยาโรส-อุปรมฺภ	V-V	1	1	1	0	1	13Sam02
Nindābyārosana-upārambhabhayāti	นินฺทาพฺยาโรสน-อุปารมฺภภยาติ	V-V	1	1	1	0	1	15An01
nindāpasaṃsāsukhadukkhasammānanavimānanabahuvidhadosa-ūmivegañca	นินฺทาปสํสาสุขทุกฺขสมฺมานนวิมานนพหุวิธโทส-อูมิเวคญฺจ	V-V	1	1	1	0	1	28Khu11
Nipannañjalikatthera-apadāna	นิปนฺนญฺชลิกตฺเถร-อปทาน	V-V	1	1	1	0	1	20Khu03
nisinnagabbha-ekikā	นิสินฺนคพฺภ-เอกิกา	V-V	1	1	1	0	1	04Vin04
Nissaya-amuccaka-aṅgāni	นิสฺสย-อมุจฺจก-องฺคานิ	V-V	2	1	1	0	1	05Vin05
Nissayamuccaka-aṅgāni	นิสฺสยมุจฺจก-องฺคานิ	V-V	1	1	1	0	1	05Vin05
Nisseṇi-upamā	นิสฺเสณิ-อุปมา	V-V	1	1	1	0	1	06Di01
Nisseṇidāyakatthera-apadāna	นิสฺเสณิทายกตฺเถร-อปทาน	V-V	1	1	1	0	1	20Khu03
Nisseṇī-upamā	นิสฺเสณี-อุปมา	V-V	1	1	1	0	1	06Di01
Nisīdanādi-anujānanā	นิสีทนาทิ-อนุชานนา	V-V	1	1	1	0	1	03Vin03
Nitiṇṇa-oghaṃ	นิติณฺณ-โอฆํ	V-V	1	1	1	0	1	07Di02
Nittiṇṇa-oghaṃ	นิตฺติณฺณ-โอฆํ	V-V	1	1	1	0	1	21Khu04
No-atthipaccayasadisaṃ	โน-อตฺถิปจฺจยสทิสํ	V-V	1	1	1	0	1	36Abhi08
No-avigatamūlakaṃ	โน-อวิคตมูลกํ	V-V	1	1	1	0	1	36Abhi08
no-okkācitavinītāti	โน-โอกฺกาจิตวินีตาติ	V-V	1	1	1	0	1	15An01
no-upādācittasamaṅgissa	โน-อุปาทาจิตฺตสมงฺคิสฺส	V-V	1	1	1	0	1	38Abhi10
no-upādānacittasamaṅgissa	โน-อุปาทานจิตฺตสมงฺคิสฺส	V-V	1	1	1	0	1	38Abhi10
no-āmisagarūti	โน-อามิสครูติ	V-V	1	1	1	0	1	15An01
no-āsavacittasamaṅgissa	โน-อาสวจิตฺตสมงฺคิสฺส	V-V	1	1	1	0	1	38Abhi10
Nāgakesariyatthera-apadāna	นาคเกสริยตฺเถร-อปทาน	V-V	1	1	1	0	1	20Khu03
Nāgapallavatthera-apadāna	นาคปลฺลวตฺเถร-อปทาน	V-V	1	1	1	0	1	20Khu03
Nāgasamālattera-apadāna	นาคสมาลตฺเตร-อปทาน	V-V	1	1	1	0	1	20Khu03
nāma-āpattikā	นาม-อาปตฺติกา	V-V	1	1	1	0	1	05Vin05
Nāmarūpa-ekattanānattapañha	นามรูป-เอกตฺตนานตฺตปญฺห	V-V	1	1	1	0	1	28Khu11
Nāmarūpa-ekattanānattapañho	นามรูป-เอกตฺตนานตฺตปโญฺห	V-V	1	1	1	0	1	28Khu11
nānā-upekkhā	นานา-อุเปกฺขา	V-V	1	1	1	0	1	39Abhi11
Nāḷikeraphaladāyakatthera-apadāna	นาฬิเกรผลทายกตฺเถร-อปทาน	V-V	1	1	1	0	1	21Khu04
ohanaṃ-iti	โอหนํ-อิติ	C-V	1	1	1	0	1	16An02
okamokata-ubbhato	โอกโมกต-อุพฺภโต	V-V	1	1	1	0	1	18Khu01
Okkhittukkhitta-ujjagghi	โอกฺขิตฺตุกฺขิตฺต-อุชฺชคฺฆิ	V-V	1	1	1	0	1	04Vin04
Okkācita-āmisañceva	โอกฺกาจิต-อามิสญฺเจว	V-V	1	1	1	0	1	15An01
Opavayhatthera-apadāna	โอปวยฺหตฺเถร-อปทาน	V-V	1	1	1	0	1	20Khu03
orambhāgiya-uddhambhāgiyā	โอรมฺภาคิย-อุทฺธมฺภาคิยา	V-V	1	1	1	0	1	27khu10
otatavitata-ākiṇṇabahuphalaṃ	โอตตวิตต-อากิณฺณพหุผลํ	V-V	1	1	1	0	1	28Khu11
Pabbajita-abhiṇhasutta	ปพฺพชิต-อภิณฺหสุตฺต	V-V	1	1	1	0	1	17An03
Pabbhāradāyakatthera-apadāna	ปพฺภารทายกตฺเถร-อปทาน	V-V	1	1	1	0	1	20Khu03
Pabhaṅkaratthera-apadāna	ปภงฺกรตฺเถร-อปทาน	V-V	1	1	1	0	1	20Khu03
Paccanīya-na-ārammaṇa	ปจฺจนีย-น-อารมฺมณ	V-C	2	1	1	0	1	40Abhi12
Paccanīya-nahetuna-ārammaṇa	ปจฺจนีย-นเหตุน-อารมฺมณ	V-C	2	1	1	0	1	40Abhi12
Paccanīya-suddha	ปจฺจนีย-สุทฺธ	V-C	1	1	1	0	1	36Abhi08
Paccayacatukka-hetu-ārammaṇādi	ปจฺจยจตุกฺก-เหตุ-อารมฺมณาทิ	V-C	2	1	1	0	1	40Abhi12
Paccayacatukka-sahajātādi	ปจฺจยจตุกฺก-สหชาตาทิ	V-C	1	1	1	0	1	39Abhi11
Paccayānulomādi-hetu	ปจฺจยานุโลมาทิ-เหตุ	V-C	1	1	1	0	1	39Abhi11
Paccekabuddha-apadāna	ปจฺเจกพุทฺธ-อปทาน	V-V	1	1	1	0	1	20Khu03
Pacchā-upasampannena	ปจฺฉา-อุปสมฺปนฺเนน	V-V	1	1	1	0	1	04Vin04
Paccuggamaniyatthera-apādāna	ปจฺจุคฺคมนิยตฺเถร-อปาทาน	V-V	1	1	1	0	1	20Khu03
Paccupaṭṭhānasaññakatthera-apadāna	ปจฺจุปฏฺฐานสญฺญกตฺเถร-อปทาน	V-V	1	1	1	0	1	20Khu03
Paccuppanna-atītā	ปจฺจุปฺปนฺน-อตีตา	V-V	1	1	1	0	1	33Abhi05
Paccuppannārammaṇapada-hetu	ปจฺจุปฺปนฺนารมฺมณปท-เหตุ	V-C	1	1	1	0	1	40Abhi12
Paccāgamaniyatthera-apadāna	ปจฺจาคมนิยตฺเถร-อปทาน	V-V	1	1	1	0	1	20Khu03
Padapūjakatthera-apadāna	ปทปูชกตฺเถร-อปทาน	V-V	1	1	1	0	1	20Khu03
Padasaññakatthera-apadāna	ปทสญฺญกตฺเถร-อปทาน	V-V	1	1	1	0	1	20Khu03
Padumacchadaniyatthera-apadāna	ปทุมจฺฉทนิยตฺเถร-อปทาน	V-V	1	1	1	0	1	20Khu03
Padumadhārikatthera-apadāna	ปทุมธาริกตฺเถร-อปทาน	V-V	1	1	1	0	1	21Khu04
Padumakesariyatthera-apadāna	ปทุมเกสริยตฺเถร-อปทาน	V-V	1	1	1	0	1	20Khu03
Padumakūṭāgāriyatthera-apadāna	ปทุมกูฏาคาริยตฺเถร-อปทาน	V-V	1	1	1	0	1	20Khu03
Padumapupphiyatthera-apadāna	ปทุมปุปฺผิยตฺเถร-อปทาน	V-V	1	1	1	0	1	20Khu03
Padumatthera-apadāna	ปทุมตฺเถร-อปทาน	V-V	1	1	1	0	1	20Khu03
Padīpadāyakatthera-apadāna	ปทีปทายกตฺเถร-อปทาน	V-V	1	1	1	0	1	20Khu03
pahātabba-hetuko	ปหาตพฺพ-เหตุโก	V-C	1	1	1	0	1	37Abhi09
pahātabbaduka-akusalasadisaṃ	ปหาตพฺพทุก-อกุสลสทิสํ	V-V	1	1	1	0	1	39Abhi11
pahātabbahetukaduka-akusalasadisaṃ	ปหาตพฺพเหตุกทุก-อกุสลสทิสํ	V-V	1	1	1	0	1	39Abhi11
Pahūtajivhā-brahmassaralakkhaṇāni	ปหูตชิวฺหา-พฺรหฺมสฺสรลกฺขณานิ	V-C	1	1	1	0	1	08Di03
pajjalitamahā-aggikkhandhopi	ปชฺชลิตมหา-อคฺคิกฺขนฺโธปิ	V-V	1	1	1	0	1	28Khu11
Pakkhagaṇanādi-uggahaṇānujānanā	ปกฺขคณนาทิ-อุคฺคหณานุชานนา	V-V	1	1	1	0	1	03Vin03
Pallaṅkadāyakatthera-apadāna	ปลฺลงฺกทายกตฺเถร-อปทาน	V-V	1	1	1	0	1	20Khu03
Panasaphaladāyakatthera-apadāna	ปนสผลทายกตฺเถร-อปทาน	V-V	1	1	1	0	1	20Khu03
papāta-uragopamā	ปปาต-อุรโคปมา	V-V	1	1	1	0	1	27khu10
parabhaṇḍanakalahaviggahavivādarittajjhāna-aratijananaṃ	ปรภณฺฑนกลหวิคฺคหวิวาทริตฺตชฺฌาน-อรติชนนํ	V-V	1	1	1	0	1	28Khu11
Parakicca-ttakiccāni	ปรกิจฺจ-ตฺตกิจฺจานิ	V-C	1	1	1	0	1	20Khu03
Paramannadāyakatthera-apadāna	ปรมนฺนทายกตฺเถร-อปทาน	V-V	1	1	1	0	1	20Khu03
paramparā-asammattakārīnaṃ	ปรมฺปรา-อสมฺมตฺตการีนํ	V-V	1	1	1	0	1	28Khu11
Parapakkhādi-avajānana	ปรปกฺขาทิ-อวชานน	V-V	1	1	1	0	1	05Vin05
Parapakkhādi-avajānanaṃ	ปรปกฺขาทิ-อวชานนํ	V-V	1	1	1	0	1	05Vin05
Parappasādakatthera-apadāna	ปรปฺปสาทกตฺเถร-อปทาน	V-V	1	1	1	0	1	20Khu03
Parimaṇḍasa-anonamajaṇṇuparimasanalakkhaṇāni	ปริมณฺฑส-อโนนมชณฺณุปริมสนลกฺขณานิ	V-V	1	1	1	0	1	08Di03
Parimāṇādivāra-aṭṭhaka	ปริมาณาทิวาร-อฏฺฐก	V-V	1	1	1	0	1	04Vin04
Parimāṇādivāra-aṭṭhakaṃ	ปริมาณาทิวาร-อฏฺฐกํ	V-V	1	1	1	0	1	04Vin04
Parissāvana-dhammakara	ปริสฺสาวน-ธมฺมกร	V-C	1	1	1	0	1	20Khu03
Parisuddha-aggappattasārappattakathā	ปริสุทฺธ-อคฺคปฺปตฺตสารปฺปตฺตกถา	V-V	1	1	1	0	1	08Di03
Parivajjanāpahātabba-āsava	ปริวชฺชนาปหาตพฺพ-อาสว	V-V	1	1	1	0	1	09Ma01
passāso-iti	ปสฺสาโส-อิติ	V-V	1	1	1	0	1	10Ma02
Pathavī-aṅgapañha	ปถวี-องฺคปญฺห	V-V	1	1	1	0	1	28Khu11
Pathavī-aṅgapañho	ปถวี-องฺคปโญฺห	V-V	1	1	1	0	1	28Khu11
pathavī-uppatanaṃ	ปถวี-อุปฺปตนํ	V-V	1	1	1	0	1	21Khu04
Pathavīdhātusanidassanāti-ādikathā	ปถวีธาตุสนิทสฺสนาติ-อาทิกถา	V-V	1	1	1	0	1	32Abhi04
Patta-ukkujjanakammavācā	ปตฺต-อุกฺกุชฺชนกมฺมวาจา	V-V	1	1	1	0	1	04Vin04
Patta-ukkujjanassa	ปตฺต-อุกฺกุชฺชนสฺส	V-V	1	1	1	0	1	04Vin04
Patta-ukkujjanā	ปตฺต-อุกฺกุชฺชนา	V-V	1	1	1	0	1	04Vin04
Pattadāyakatthera-apadāna	ปตฺตทายกตฺเถร-อปทาน	V-V	1	1	1	0	1	20Khu03
Patthodanadāyakatthera-apadāna	ปตฺโถทนทายกตฺเถร-อปทาน	V-V	1	1	1	0	1	20Khu03
Pañca-aṅgo	ปญฺจ-องฺโค	V-V	1	1	1	0	1	04Vin04
Pañcadīpadāyikātherī-apadāna	ปญฺจทีปทายิกาเถรี-อปทาน	V-V	1	1	1	0	1	21Khu04
Pañcadīpakatthera-apadāna	ปญฺจทีปกตฺเถร-อปทาน	V-V	1	1	1	0	1	20Khu03
Pañcadīpikātherī-apadāna	ปญฺจทีปิกาเถรี-อปทาน	V-V	1	1	1	0	1	21Khu04
Pañcagorasādi-anujānanā	ปญฺจโครสาทิ-อนุชานนา	V-V	1	1	1	0	1	03Vin03
Pañcaka-uddesa	ปญฺจก-อุทฺเทส	V-V	1	1	1	0	1	31Abhi03
Pañcasata-āgantukabhikkhuvatthu	ปญฺจสต-อาคนฺตุกภิกฺขุวตฺถุ	V-V	1	1	1	0	1	18Khu01
Pañcasīlasamādāniyatthera-apadāna	ปญฺจสีลสมาทานิยตฺเถร-อปทาน	V-V	1	1	1	0	1	20Khu03
Pañcaviññāṇākusalāpi-akusalāpītikathā	ปญฺจวิญฺญาณากุสลาปิ-อกุสลาปีติกถา	V-V	1	1	1	0	1	32Abhi04
Pañcaṅguliyatthera-apadāna	ปญฺจงฺคุลิยตฺเถร-อปทาน	V-V	1	1	1	0	1	20Khu03
pañhapucchana-opammayuttivasena	ปญฺหปุจฺฉน-โอปมฺมยุตฺติวเสน	V-V	1	1	1	0	1	28Khu11
Pañhāvāra-paccanīyuddhāra	ปญฺหาวาร-ปจฺจนียุทฺธาร	V-C	1	1	1	0	1	36Abhi08
Paññāparibhāvi-taṃ	ปญฺญาปริภาวิ-ตํ	V-C	1	1	1	0	1	07Di02
Paṃsukūlapūjakatthera-apadāna	ปํสุกูลปูชกตฺเถร-อปทาน	V-V	1	1	1	0	1	21Khu04
Paṃsukūlasaññakatthera-apadāna	ปํสุกูลสญฺญกตฺเถร-อปทาน	V-V	1	1	1	0	1	21Khu04
Paṇidhi-anupaṭṭhānakusalavasena	ปณิธิ-อนุปฏฺฐานกุสลวเสน	V-V	1	1	1	0	1	26Khu09
Paṇihita-acchavaggo	ปณิหิต-อจฺฉวคฺโค	V-V	1	1	1	0	1	15An01
Paṇītapada-hetu	ปณีตปท-เหตุ	V-C	1	1	1	0	1	40Abhi12
Paṭhama-abhisandasutta	ปฐม-อภิสนฺทสุตฺต	V-V	1	1	1	0	1	14Sam03
Paṭhama-agatisutta	ปฐม-อคติสุตฺต	V-V	1	1	1	0	1	15An01
Paṭhama-aggasutta	ปฐม-อคฺคสุตฺต	V-V	1	1	1	0	1	15An01
Paṭhama-agāriyavimānavatthu	ปฐม-อคาริยวิมานวตฺถุ	V-V	1	1	1	0	1	19Khu02
Paṭhama-agāriyavimānaṃ	ปฐม-อคาริยวิมานํ	V-V	1	1	1	0	1	19Khu02
Paṭhama-aniyatasikkhāpada	ปฐม-อนิยตสิกฺขาปท	V-V	1	1	1	0	1	01Vin01
Paṭhama-Anuruddhasutta	ปฐม-อนุรุทฺธสุตฺต	V-V	1	1	1	0	1	15An01
Paṭhama-anāthapiṇḍikasutta	ปฐม-อนาถปิณฺฑิกสุตฺต	V-V	1	1	1	0	1	14Sam03
Paṭhama-aparijānanasutta	ปฐม-อปริชานนสุตฺต	V-V	1	1	1	0	1	13Sam02
Paṭhama-appiyasutta	ปฐม-อปฺปิยสุตฺต	V-V	1	1	1	0	1	17An03
Paṭhama-aputtakasutta	ปฐม-อปุตฺตกสุตฺต	V-V	1	1	1	0	1	12Sam01
Paṭhama-arahantasutta	ปฐม-อรหนฺตสุตฺต	V-V	1	1	1	0	1	14Sam03
Paṭhama-ariyāvāsasutta	ปฐม-อริยาวาสสุตฺต	V-V	1	1	1	0	1	17An03
Paṭhama-asappurisasutta	ปฐม-อสปฺปุริสสุตฺต	V-V	1	1	1	0	1	14Sam03
Paṭhama-asekhasutta	ปฐม-อเสขสุตฺต	V-V	1	1	1	0	1	17An03
Paṭhama-assādapariyesanasutta	ปฐม-อสฺสาทปริเยสนสุตฺต	V-V	1	1	1	0	1	13Sam02
Paṭhama-assādasutta	ปฐม-อสฺสาทสุตฺต	V-V	1	1	1	0	1	15An01
Paṭhama-avijjāpahānasutta	ปฐม-อวิชฺชาปหานสุตฺต	V-V	1	1	1	0	1	13Sam02
Paṭhama-aññatarabhikkhusutta	ปฐม-อญฺญตรภิกฺขุสุตฺต	V-V	1	1	1	0	1	14Sam03
Paṭhama-ejāsutta	ปฐม-เอชาสุตฺต	V-V	1	1	1	0	1	13Sam02
Paṭhama-esanāsutta	ปฐม-เอสนาสุตฺต	V-V	1	1	1	0	1	18Khu01
Paṭhama-ibbhavāda	ปฐม-อิพฺภวาท	V-V	1	1	1	0	1	06Di01
Paṭhama-idhalokikasutta	ปฐม-อิธโลกิกสุตฺต	V-V	1	1	1	0	1	17An03
Paṭhama-isidattasutta	ปฐม-อิสิทตฺตสุตฺต	V-V	1	1	1	0	1	13Sam02
Paṭhama-udāharaṇe	ปฐม-อุทาหรเณ	V-V	1	1	1	0	1	37Abhi09
Paṭhama-uggasutta	ปฐม-อุคฺคสุตฺต	V-V	1	1	1	0	1	17An03
Paṭhama-upanisasutta	ปฐม-อุปนิสสุตฺต	V-V	1	1	1	0	1	17An03
Paṭhama-upanisāsutta	ปฐม-อุปนิสาสุตฺต	V-V	1	1	1	0	1	17An03
Paṭhama-upassayadāyakavimānavatthu	ปฐม-อุปสฺสยทายกวิมานวตฺถุ	V-V	1	1	1	0	1	19Khu02
Paṭhama-upassayadāyakavimānaṃ	ปฐม-อุปสฺสยทายกวิมานํ	V-V	1	1	1	0	1	19Khu02
Paṭhama-uppannasutta	ปฐม-อุปฺปนฺนสุตฺต	V-V	1	1	1	0	1	14Sam03
Paṭhama-Uruvelasutta	ปฐม-อุรุเวลสุตฺต	V-V	1	1	1	0	1	15An01
Paṭhama-ākāsasutta	ปฐม-อากาสสุตฺต	V-V	1	1	1	0	1	13Sam02
Paṭhama-āmakadhaññapeyyālavagga	ปฐม-อามกธญฺญเปยฺยาลวคฺค	V-V	1	1	1	0	1	14Sam03
Paṭhama-āmakadhaññapeyyālavaggo	ปฐม-อามกธญฺญเปยฺยาลวคฺโค	V-V	1	1	1	0	1	14Sam03
Paṭhama-āsavasutta	ปฐม-อาสวสุตฺต	V-V	1	1	1	0	1	18Khu01
Paṭhama-āyusutta	ปฐม-อายุสุตฺต	V-V	1	1	1	0	1	12Sam01
Paṭhamajhāna-upamā	ปฐมฌาน-อุปมา	V-V	1	1	1	0	1	06Di01
Paṭhamanoce-assādasutta	ปฐมโนเจ-อสฺสาทสุตฺต	V-V	1	1	1	0	1	13Sam02
Paṭhamatathāgata-acchariyasutta	ปฐมตถาคต-อจฺฉริยสุตฺต	V-V	1	1	1	0	1	15An01
paṭhamābhinibbatti-ārammaṇavasena	ปฐมาภินิพฺพตฺติ-อารมฺมณวเสน	V-V	1	1	1	0	1	27khu10
Paṭi-osakkitvā	ปฏิ-โอสกฺกิตฺวา	V-V	1	1	1	0	1	22Khu05
Paṭiccavāra-akusalapada-hetu	ปฏิจฺจวาร-อกุสลปท-เหตุ	V-V	2	1	1	0	1	39Abhi11
Paṭiccādivārapaccayacatukka-hetu	ปฏิจฺจาทิวารปจฺจยจตุกฺก-เหตุ	V-C	1	1	1	0	1	39Abhi11
paṭipadā-iriyāpathesu	ปฏิปทา-อิริยาปเถสุ	V-V	1	1	1	0	1	28Khu11
paṭisandhi-upahatā	ปฏิสนฺธิ-อุปหตา	V-V	1	1	1	0	1	28Khu11
Paṭisevanāpahātabba-āsava	ปฏิเสวนาปหาตพฺพ-อาสว	V-V	1	1	1	0	1	09Ma01
Paṭācārātherī-apadāna	ปฏาจาราเถรี-อปทาน	V-V	1	1	1	0	1	21Khu04
pemavaruttama-ekapadaṃ	เปมวรุตฺตม-เอกปทํ	V-V	1	1	1	0	1	22Khu05
Pesalātherī-apadāna	เปสลาเถรี-อปทาน	V-V	1	1	1	0	1	21Khu04
peyyā-lesupi	เปยฺยา-เลสุปิ	V-C	1	1	1	0	1	15An01
peyyāla-antaramhi	เปยฺยาล-อนฺตรมฺหิ	V-V	1	1	1	0	1	12Sam01
Pha-Ba	ผ-พ	V-C	1	1	1	0	1	05Vin05
Phalakadāyakatthera-apadāna	ผลกทายกตฺเถร-อปทาน	V-V	1	1	1	0	1	20Khu03
Phusitakampiyatthera-apadāna	ผุสิตกมฺปิยตฺเถร-อปทาน	V-V	1	1	1	0	1	20Khu03
Phārusadāyakatthera-apadāna	ผารุสทายกตฺเถร-อปทาน	V-V	1	1	1	0	1	20Khu03
pipāsā-itipi	ปิปาสา-อิติปิ	V-V	1	1	1	0	1	27khu10
pitu-aṅke	ปิตุ-องฺเก	V-V	1	1	1	0	1	07Di02
Piyāla-ambayāgado	ปิยาล-อมฺพยาคโท	V-V	1	1	1	0	1	20Khu03
Piyālapupphiyatthera-apadāna	ปิยาลปุปฺผิยตฺเถร-อปทาน	V-V	1	1	1	0	1	20Khu03
Piṇḍapātikatthera-apadāna	ปิณฺฑปาติกตฺเถร-อปทาน	V-V	1	1	1	0	1	20Khu03
Piṇḍolabhāradvājatthera-apadāna	ปิณฺโฑลภารทฺวาชตฺเถร-อปทาน	V-V	1	1	1	0	1	20Khu03
Pokkharasāti-upāsakattapaṭivedanā	โปกฺขรสาติ-อุปาสกตฺตปฏิเวทนา	V-V	1	1	1	0	1	06Di01
Porāṇaka-iṇamokkho	โปราณก-อิณโมกฺโข	V-V	1	1	1	0	1	23Khu06
Potthakadāyatthera-apadāna	โปตฺถกทายตฺเถร-อปทาน	V-V	1	1	1	0	1	20Khu03
Pubbaka-isibhāvānuyoga	ปุพฺพก-อิสิภาวานุโยค	V-V	1	1	1	0	1	06Di01
Pubbakammapilotikabuddha-apadāna	ปุพฺพกมฺมปิโลติกพุทฺธ-อปทาน	V-V	1	1	1	0	1	20Khu03
pubbalo-itā	ปุพฺพโล-อิตา	V-V	1	1	1	0	1	22Khu05
Pubbaṅgamiyatthera-apadāna	ปุพฺพงฺคมิยตฺเถร-อปทาน	V-V	1	1	1	0	1	20Khu03
puggale-uposatho	ปุคฺคเล-อุโปสโถ	V-V	1	1	1	0	1	05Vin05
Pulinacaṅkamiyatthera-apadāna	ปุลินจงฺกมิยตฺเถร-อปทาน	V-V	1	1	1	0	1	21Khu04
Pulinathūpiyatthera-apadāna	ปุลินถูปิยตฺเถร-อปทาน	V-V	1	1	1	0	1	21Khu04
Pulinuppādakatthera-apadāna	ปุลินุปฺปาทกตฺเถร-อปทาน	V-V	1	1	1	0	1	21Khu04
Puna-appamādavagga	ปุน-อปฺปมาทวคฺค	V-V	1	1	1	0	1	14Sam03
Puna-esanādisutta	ปุน-เอสนาทิสุตฺต	V-V	1	1	1	0	1	14Sam03
Puna-esanāvagga	ปุน-เอสนาวคฺค	V-V	1	1	1	0	1	14Sam03
Puna-esanāvaggo	ปุน-เอสนาวคฺโค	V-V	1	1	1	0	1	14Sam03
Puna-oghavagga	ปุน-โอฆวคฺค	V-V	1	1	1	0	1	14Sam03
puna-oghavaggo	ปุน-โอฆวคฺโค	V-V	1	1	1	0	1	14Sam03
Puna-oghādisutta	ปุน-โอฆาทิสุตฺต	V-V	1	1	1	0	1	14Sam03
Punagaṅgānadī-ādisutta	ปุนคงฺคานที-อาทิสุตฺต	V-V	1	1	1	0	1	14Sam03
punappuna-attabhāvāya	ปุนปฺปุน-อตฺตภาวาย	V-V	1	1	1	0	1	24Khu07
Pupphacaṅkoṭiyatthera-apadāna	ปุปฺผจงฺโกฏิยตฺเถร-อปทาน	V-V	1	1	1	0	1	20Khu03
Pupphacchadaniyatthera-apadāna	ปุปฺผจฺฉทนิยตฺเถร-อปทาน	V-V	1	1	1	0	1	20Khu03
Pupphacchattiyatthera-apadāna	ปุปฺผจฺฉตฺติยตฺเถร-อปทาน	V-V	1	1	1	0	1	20Khu03
Pupphadhārakatthera-apadāna	ปุปฺผธารกตฺเถร-อปทาน	V-V	1	1	1	0	1	20Khu03
Pupphathūpiyatthera-apadāna	ปุปฺผถูปิยตฺเถร-อปทาน	V-V	1	1	1	0	1	20Khu03
Pupphāsanadāyakatthera-apadāna	ปุปฺผาสนทายกตฺเถร-อปทาน	V-V	1	1	1	0	1	20Khu03
pure-upasampanno	ปุเร-อุปสมฺปนฺโน	V-V	1	1	1	0	1	04Vin04
purejāta-paccayena	ปุเรชาต-ปจฺจเยน	V-C	1	1	1	0	1	37Abhi09
purisa-ājānīyaṃ	ปุริส-อาชานียํ	V-V	1	1	1	0	1	12Sam01
puthu-attadaṇḍā	ปุถุ-อตฺตทณฺฑา	V-V	1	1	1	0	1	13Sam02
Puthunānā-abhiññāsu	ปุถุนานา-อภิญฺญาสุ	V-V	1	1	1	0	1	26Khu09
Puthunānā-ariyamagge	ปุถุนานา-อริยมคฺเค	V-V	1	1	1	0	1	26Khu09
puthunānā-ariyasaccesu	ปุถุนานา-อริยสจฺเจสุ	V-V	1	1	1	0	1	26Khu09
puthunānā-atthesu	ปุถุนานา-อตฺเถสุ	V-V	1	1	1	0	1	26Khu09
Puthunānā-iddhipādesu	ปุถุนานา-อิทฺธิปาเทสุ	V-V	1	1	1	0	1	26Khu09
Puthunānā-indriyesu	ปุถุนานา-อินฺทฺริเยสุ	V-V	1	1	1	0	1	26Khu09
puthunānā-āyatanesu	ปุถุนานา-อายตเนสุ	V-V	1	1	1	0	1	26Khu09
putta-uttame	ปุตฺต-อุตฺตเม	V-V	1	1	1	0	1	21Khu04
puññakaro-hamasmi	ปุญฺญกโร-หมสฺมิ	V-C	1	1	1	0	1	22Khu05
puññapāpa-samatikkamā	ปุญฺญปาป-สมติกฺกมา	V-C	1	1	1	0	1	27khu10
Puṇṇakatthera-apadāna	ปุณฺณกตฺเถร-อปทาน	V-V	1	1	1	0	1	20Khu03
Puṇṇamantāṇiputtatthera-apadāna	ปุณฺณมนฺตาณิปุตฺตตฺเถร-อปทาน	V-V	1	1	1	0	1	20Khu03
Puṇṇikātherī-apadāna	ปุณฺณิกาเถรี-อปทาน	V-V	1	1	1	0	1	21Khu04
pā-eva	ปา-เอว	V-V	1	1	1	0	1	04Vin04
Pādaphaliyatthera-apadāna	ปาทผลิยตฺเถร-อปทาน	V-V	1	1	1	0	1	21Khu04
Pādapīṭhiyatthera-apadāna	ปาทปีฐิยตฺเถร-อปทาน	V-V	1	1	1	0	1	21Khu04
Pādapūjakatthera-apadāna	ปาทปูชกตฺเถร-อปทาน	V-V	1	1	1	0	1	20Khu03
pākatika-aggito	ปากติก-อคฺคิโต	V-V	1	1	1	0	1	28Khu11
Pākatindriya-padumapupphena	ปากตินฺทฺริย-ปทุมปุปฺเผน	V-C	1	1	1	0	1	12Sam01
Pākārādi-anujānana	ปาการาทิ-อนุชานน	V-V	1	1	1	0	1	04Vin04
pāmukha-āsanasmiṃ	ปามุข-อาสนสฺมิํ	V-V	1	1	1	0	1	23Khu06
pāpa-ācāragocaraṃ	ปาป-อาจารโคจรํ	V-V	1	1	1	0	1	18Khu01
Pāpa-ācāragocaro	ปาป-อาจารโคจโร	V-V	1	1	1	0	1	08Di03
Pārājikādi-āpatti	ปาราชิกาทิ-อาปตฺติ	V-V	1	1	1	0	1	05Vin05
Pātimokkhuddesaka-ajjhesanādi	ปาติโมกฺขุทฺเทสก-อชฺเฌสนาทิ	V-V	1	1	1	0	1	03Vin03
Pāveyya-ājīvakavatthu	ปาเวยฺย-อาชีวกวตฺถุ	V-V	1	1	1	0	1	18Khu01
pāvusa-abbhamāliniṃ	ปาวุส-อพฺภมาลินิํ	V-V	1	1	1	0	1	19Khu02
Pāyasadāyakatthera-apadāna	ปายสทายกตฺเถร-อปทาน	V-V	1	1	1	0	1	20Khu03
pāṇātipātādidasa-akusalakammapatho	ปาณาติปาตาทิทส-อกุสลกมฺมปโถ	V-V	1	1	1	0	1	27khu10
Pāṭalijambu-asokarukkhavantaṃ	ปาฏลิชมฺพุ-อโสกรุกฺขวนฺตํ	V-V	1	1	1	0	1	19Khu02
Pāṭihīrasaññakatthera-apadāna	ปาฏิหีรสญฺญกตฺเถร-อปทาน	V-V	1	1	1	0	1	21Khu04
pīta-uppalamālinī	ปีต-อุปฺปลมาลินี	V-V	1	1	1	0	1	19Khu02
Rahosaññakatthera-apadāna	รโหสญฺญกตฺเถร-อปทาน	V-V	1	1	1	0	1	20Khu03
Rattipupphiyatthera-apadāna	รตฺติปุปฺผิยตฺเถร-อปทาน	V-V	1	1	1	0	1	20Khu03
Reṇupūjakatthera-apadāna	เรณุปูชกตฺเถร-อปทาน	V-V	1	1	1	0	1	20Khu03
Rukkha-acetanābhāvapañha	รุกฺข-อเจตนาภาวปญฺห	V-V	1	1	1	0	1	28Khu11
Rukkha-acetanābhāvapañho	รุกฺข-อเจตนาภาวปโญฺห	V-V	1	1	1	0	1	28Khu11
Rādha-anattasutta	ราธ-อนตฺตสุตฺต	V-V	1	1	1	0	1	13Sam02
Rādha-aniccasutta	ราธ-อนิจฺจสุตฺต	V-V	1	1	1	0	1	13Sam02
Rādhatthera-apadāna	ราธตฺเถร-อปทาน	V-V	1	1	1	0	1	21Khu04
Rāhulatthera-apadāna	ราหุลตฺเถร-อปทาน	V-V	1	1	1	0	1	20Khu03
Rājaggicora-udakappiyehi	ราชคฺคิโจร-อุทกปฺปิเยหิ	V-V	1	1	1	0	1	19Khu02
Rūpa-adassanādisuttapañcaka	รูป-อทสฺสนาทิสุตฺตปญฺจก	V-V	1	1	1	0	1	13Sam02
Rūpa-anabhisamayādisuttapañcaka	รูป-อนภิสมยาทิสุตฺตปญฺจก	V-V	1	1	1	0	1	13Sam02
Rūpa-ananubodhādisuttapañcaka	รูป-อนนุโพธาทิสุตฺตปญฺจก	V-V	1	1	1	0	1	13Sam02
Rūpa-anupalakkhaṇādisuttapañcaka	รูป-อนุปลกฺขณาทิสุตฺตปญฺจก	V-V	1	1	1	0	1	13Sam02
Rūpa-appaccakkhakammādisuttacatukka	รูป-อปฺปจฺจกฺขกมฺมาทิสุตฺตจตุกฺก	V-V	1	1	1	0	1	13Sam02
Rūpa-appaccupalakkhaṇādisuttapañcaka	รูป-อปฺปจฺจุปลกฺขณาทิสุตฺตปญฺจก	V-V	1	1	1	0	1	13Sam02
Rūpa-appaccupekkhaṇādisuttapañcaka	รูป-อปฺปจฺจุเปกฺขณาทิสุตฺตปญฺจก	V-V	1	1	1	0	1	13Sam02
Rūpa-appaṭivedhādisuttapañcaka	รูป-อปฺปฏิเวธาทิสุตฺตปญฺจก	V-V	1	1	1	0	1	13Sam02
Rūpa-asallakkhaṇādisuttapañcaka	รูป-อสลฺลกฺขณาทิสุตฺตปญฺจก	V-V	1	1	1	0	1	13Sam02
Rūpa-asamapekkhaṇādisuttapañcaka	รูป-อสมเปกฺขณาทิสุตฺตปญฺจก	V-V	1	1	1	0	1	13Sam02
Rūpa-aññāṇasutta	รูป-อญฺญาณสุตฺต	V-V	1	1	1	0	1	13Sam02
rūpa-āyatanāni	รูป-อายตนานิ	V-V	1	1	1	0	1	27khu10
Rūpadhātu-arūpadhātupaṭisaṃyutto	รูปธาตุ-อรูปธาตุปฏิสํยุตฺโต	V-V	1	1	1	0	1	30Abhi02
rūpadhātu-arūpadhātūpagaṃ	รูปธาตุ-อรูปธาตูปคํ	V-V	1	1	1	0	1	32Abhi04
Rūpadhātuyā-āyatanakathā	รูปธาตุยา-อายตนกถา	V-V	1	1	1	0	1	32Abhi04
rūparāga-arūparāgamāna-uddhacca	รูปราค-อรูปราคมาน-อุทฺธจฺจ	V-V	2	1	1	0	1	29Abhi01
Rūparāga-arūparāgamāna-uddhacca-avijjāya	รูปราค-อรูปราคมาน-อุทฺธจฺจ-อวิชฺชาย	V-V	3	1	1	0	1	31Abhi03
rūpārūpa-aṭṭhasamāpattiyo	รูปารูป-อฏฺฐสมาปตฺติโย	V-V	1	1	1	0	1	28Khu11
rūpāvacara-arūpāvacarasamāpattīsu	รูปาวจร-อรูปาวจรสมาปตฺตีสุ	V-V	1	1	1	0	1	24Khu07
rūpāvacara-ekakadukajjhānā	รูปาวจร-เอกกทุกชฺฌานา	V-V	1	1	1	0	1	29Abhi01
Rūpī-attāsutta	รูปี-อตฺตาสุตฺต	V-V	1	1	1	0	1	13Sam02
Rūpīca-arūpīca-attāsutta	รูปีจ-อรูปีจ-อตฺตาสุตฺต	V-V	2	1	1	0	1	13Sam02
sa-ahirikoti	ส-อหิริโกติ	V-V	1	1	1	0	1	32Abhi04
sa-anottappīti	ส-อโนตฺตปฺปีติ	V-V	1	1	1	0	1	32Abhi04
sa-assaka	ส-อสฺสก	V-V	1	1	1	0	1	22Khu05
sa-assukā	ส-อสฺสุกา	V-V	1	1	1	0	1	19Khu02
Sa-Ha	ส-ห	V-C	1	1	1	0	1	05Vin05
Sa-mahaṇṇava	ส-มหณฺณว	V-C	1	1	1	0	1	22Khu05
sa-opammaṃ	ส-โอปมฺมํ	V-V	1	1	1	0	1	27khu10
sa-oṭṭhagadrabhānampi	ส-โอฏฺฐคทฺรภานมฺปิ	V-V	1	1	1	0	1	28Khu11
Sa-ubbhāro	ส-อุพฺภาโร	V-V	1	1	1	0	1	05Vin05
Sa-ubbhārāti	ส-อุพฺภาราติ	V-V	1	1	1	0	1	03Vin03
Sa-udakaṃ	ส-อุทกํ	V-V	1	1	1	0	1	04Vin04
sa-udariyo	ส-อุทริโย	V-V	1	1	1	0	1	23Khu06
sa-udariyā	ส-อุทริยา	V-V	1	1	1	0	1	10Ma02
sa-udayabbayaṃ	ส-อุทยพฺพยํ	V-V	1	1	1	0	1	21Khu04
sa-uddhaccoti	ส-อุทฺธจฺโจติ	V-V	1	1	1	0	1	32Abhi04
sa-uddhaccā	ส-อุทฺธจฺจา	V-V	1	1	1	0	1	26Khu09
sa-ummadantivaro	ส-อุมฺมทนฺติวโร	V-V	1	1	1	0	1	23Khu06
sa-upanise	ส-อุปนิเส	V-V	1	1	1	0	1	12Sam01
sa-upavattati	ส-อุปวตฺตติ	V-V	1	1	1	0	1	27khu10
sa-uppīḷe	ส-อุปฺปีเฬ	V-V	1	1	1	0	1	06Di01
sa-uppīḷo	ส-อุปฺปีโฬ	V-V	1	1	1	0	1	06Di01
sa-upā	ส-อุปา	V-V	1	1	1	0	1	23Khu06
Sa-upādisesasutta	ส-อุปาทิเสสสุตฺต	V-V	1	1	1	0	1	17An03
sa-upādisesoti	ส-อุปาทิเสโสติ	V-V	1	1	1	0	1	11Ma03
sa-upādisesāya	ส-อุปาทิเสสาย	V-V	1	1	1	0	1	27khu10
sa-upādānassā	ส-อุปาทานสฺสา	V-V	1	1	1	0	1	09Ma01
sa-upādānoti	ส-อุปาทาโนติ	V-V	1	1	1	0	1	24Khu07
Sa-upārambhacitto	ส-อุปารมฺภจิตฺโต	V-V	1	1	1	0	1	16An02
sa-usabhāmiva	ส-อุสภามิว	V-V	1	1	1	0	1	22Khu05
Sa-uttaracchadapaññāsaṃ	ส-อุตฺตรจฺฉทปญฺญาสํ	V-V	1	1	1	0	1	23Khu06
Sa-uttaracchadapaññāso	ส-อุตฺตรจฺฉทปญฺญาโส	V-V	1	1	1	0	1	23Khu06
sa-uttaracchade	ส-อุตฺตรจฺฉเท	V-V	1	1	1	0	1	16An02
Sa-uttaradukaṃ	ส-อุตฺตรทุกํ	V-V	1	1	1	0	1	39Abhi11
sa-uttaramassa	ส-อุตฺตรมสฺส	V-V	1	1	1	0	1	30Abhi02
sa-uttaran	ส-อุตฺตรนฺ	V-V	1	1	1	0	1	17An03
sa-uttarasapacchado	ส-อุตฺตรสปจฺฉโท	V-V	1	1	1	0	1	20Khu03
Sa-uttarehi	ส-อุตฺตเรหิ	V-V	1	1	1	0	1	31Abhi03
sa-yantaṃ	ส-ยนฺตํ	V-C	1	1	1	0	1	22Khu05
sa-ūmi	ส-อูมิ	V-V	1	1	1	0	1	18Khu01
Sa-ūmīti	ส-อูมีติ	V-V	1	1	1	0	1	18Khu01
sabba-abbhantarimaṃ	สพฺพ-อพฺภนฺตริมํ	V-V	1	1	1	0	1	07Di02
sabba-ahaṃkāramamaṃkāramānānusayānaṃ	สพฺพ-อหํการมมํการมานานุสยานํ	V-V	1	1	1	0	1	10Ma02
Sabba-aniccavagga	สพฺพ-อนิจฺจวคฺค	V-V	1	1	1	0	1	13Sam02
Sabba-aniccavaggo	สพฺพ-อนิจฺจวคฺโค	V-V	1	1	1	0	1	13Sam02
sabba-āyatanaloketi	สพฺพ-อายตนโลเกติ	V-V	1	1	1	0	1	25Khu08
sabbabhayasuññakhema-abhayavarapavaranibbānanagarasampāpanaṭṭhena	สพฺพภยสุญฺญเขม-อภยวรปวรนิพฺพานนครสมฺปาปนฏฺเฐน	V-V	1	1	1	0	1	28Khu11
Sabbacirappaṭicchanna-agghasamodhāna	สพฺพจิรปฺปฏิจฺฉนฺน-อคฺฆสโมธาน	V-V	1	1	1	0	1	04Vin04
Sabbadhamma-abhinivesalakkhaṇā	สพฺพธมฺม-อภินิเวสลกฺขณา	V-V	1	1	1	0	1	27khu10
Sabbadhamma-anupagamanalakkhaṇā	สพฺพธมฺม-อนุปคมนลกฺขณา	V-V	1	1	1	0	1	27khu10
sabbadhammayāthāva-asampaṭivedhalakkhaṇā	สพฺพธมฺมยาถาว-อสมฺปฏิเวธลกฺขณา	V-V	1	1	1	0	1	27khu10
sabbadhana-anuppadānena	สพฺพธน-อนุปฺปทาเนน	V-V	1	1	1	0	1	23Khu06
Sabbadāyakatthera-apadāna	สพฺพทายกตฺเถร-อปทาน	V-V	1	1	1	0	1	20Khu03
Sabbagandhiyatthera-apadāna	สพฺพคนฺธิยตฺเถร-อปทาน	V-V	1	1	1	0	1	20Khu03
Sabbakittikatthera-apadāna	สพฺพกิตฺติกตฺเถร-อปทาน	V-V	1	1	1	0	1	20Khu03
Sabbaphaladāyakatthera-apadāna	สพฺพผลทายกตฺเถร-อปทาน	V-V	1	1	1	0	1	21Khu04
sabbasāmaññaguṇapariyesana-avisaṃvādakaṭṭhena	สพฺพสามญฺญคุณปริเยสน-อวิสํวาทกฏฺเฐน	V-V	1	1	1	0	1	28Khu11
sabbaññū-aparājite	สพฺพญฺญู-อปราชิเต	V-V	1	1	1	0	1	19Khu02
sabhattu-itthiyo	สภตฺตุ-อิตฺถิโย	V-V	1	1	1	0	1	23Khu06
sabhāva-isibhattiko	สภาว-อิสิภตฺติโก	V-V	1	1	1	0	1	28Khu11
Saccasaññakatthera-apadāna	สจฺจสญฺญกตฺเถร-อปทาน	V-V	1	1	1	0	1	20Khu03
saccābhiññehi-iti-attho	สจฺจาภิญฺเญหิ-อิติ-อตฺโถ	V-V	2	1	1	0	1	07Di02
Saddasaññakattera-apadāna	สทฺทสญฺญกตฺเตร-อปทาน	V-V	1	1	1	0	1	20Khu03
saddhindriyādi-indriyaṃ	สทฺธินฺทฺริยาทิ-อินฺทฺริยํ	V-V	1	1	1	0	1	27khu10
saddhā-esikaṃ	สทฺธา-เอสิกํ	V-V	1	1	1	0	1	28Khu11
Sahetu-adhipatimaggaghaṭanā	สเหตุ-อธิปติมคฺคฆฏนา	V-V	1	1	1	0	1	36Abhi08
Sahetu-anattasutta	สเหตุ-อนตฺตสุตฺต	V-V	1	1	1	0	1	13Sam02
Sahetu-aniccasutta	สเหตุ-อนิจฺจสุตฺต	V-V	1	1	1	0	1	13Sam02
Sakacintaniyatthera-apadāna	สกจินฺตนิยตฺเถร-อปทาน	V-V	1	1	1	0	1	20Khu03
sakalasāmañña-ariyadhammavasavattanāya	สกลสามญฺญ-อริยธมฺมวสวตฺตนาย	V-V	1	1	1	0	1	28Khu11
Sakiṃsammajjakatthera-apadāna	สกิํสมฺมชฺชกตฺเถร-อปทาน	V-V	1	1	1	0	1	21Khu04
Sakosakakoraṇḍadāyakatthera-apadāna	สโกสกโกรณฺฑทายกตฺเถร-อปทาน	V-V	1	1	1	0	1	20Khu03
Sakulātherī-apadāna	สกุลาเถรี-อปทาน	V-V	1	1	1	0	1	21Khu04
Salalamāliyatthera-apadāna	สลลมาลิยตฺเถร-อปทาน	V-V	1	1	1	0	1	20Khu03
sallo-itipi	สลฺโล-อิติปิ	V-V	1	1	1	0	1	27khu10
sallā-iti	สลฺลา-อิติ	V-V	1	1	1	0	1	27khu10
Samadanta-susukkadāṭhālakkhaṇāni	สมทนฺต-สุสุกฺกทาฐาลกฺขณานิ	V-C	1	1	1	0	1	08Di03
Samantakhātāparikhā-upetaṃ	สมนฺตขาตาปริขา-อุเปตํ	V-V	1	1	1	0	1	22Khu05
Sambahula-adhimānikabhikkhuvatthu	สมฺพหุล-อธิมานิกภิกฺขุวตฺถุ	V-V	1	1	1	0	1	18Khu01
Samiddhi-ujjayasañjayā	สมิทฺธิ-อุชฺชยสญฺชยา	V-V	1	1	1	0	1	19Khu02
Sammukhāthavikatthera-apadāna	สมฺมุขาถวิกตฺเถร-อปทาน	V-V	1	1	1	0	1	20Khu03
sammā-ājīvañca	สมฺมา-อาชีวญฺจ	V-V	1	1	1	0	1	27khu10
Sammā-ājīvaṃpahaṃbhikkhave	สมฺมา-อาชีวํปหํภิกฺขเว	V-V	1	1	1	0	1	11Ma03
sammā-ājīve	สมฺมา-อาชีเว	V-V	1	1	1	0	1	15An01
Sampasādakatthera-apadāna	สมฺปสาทกตฺเถร-อปทาน	V-V	1	1	1	0	1	20Khu03
sampayutta-abyākatamūlampi	สมฺปยุตฺต-อพฺยากตมูลมฺปิ	V-V	1	1	1	0	1	40Abhi12
sampayutta-abyākatamūlaṃ	สมฺปยุตฺต-อพฺยากตมูลํ	V-V	1	1	1	0	1	40Abhi12
Samudda-ekarasapañha	สมุทฺท-เอกรสปญฺห	V-V	1	1	1	0	1	28Khu11
Samudda-ekarasapañho	สมุทฺท-เอกรสปโญฺห	V-V	1	1	1	0	1	28Khu11
samā-ājīvena	สมา-อาชีเวน	V-V	1	1	1	0	1	26Khu09
Samādapakatthera-apadāna	สมาทปกตฺเถร-อปทาน	V-V	1	1	1	0	1	20Khu03
Samādhi-andhakavindaṃ	สมาธิ-อนฺธกวินฺทํ	V-V	1	1	1	0	1	16An02
Samādhimūlaka-abhinīhārasutta	สมาธิมูลก-อภินีหารสุตฺต	V-V	1	1	1	0	1	13Sam02
Samādhimūlaka-ārammaṇasutta	สมาธิมูลก-อารมฺมณสุตฺต	V-V	1	1	1	0	1	13Sam02
Samāpanno-assādetikathā	สมาปนฺโน-อสฺสาเทติกถา	V-V	1	1	1	0	1	32Abhi04
Samāpattimūlaka-abhinīhārasutta	สมาปตฺติมูลก-อภินีหารสุตฺต	V-V	1	1	1	0	1	13Sam02
Samāpattimūlaka-ārammaṇasutta	สมาปตฺติมูลก-อารมฺมณสุตฺต	V-V	1	1	1	0	1	13Sam02
Sandaka-udāyimuṇḍikaputto	สนฺทก-อุทายิมุณฺฑิกปุตฺโต	V-V	1	1	1	0	1	10Ma02
Sandhitatthera-apadāna	สนฺธิตตฺเถร-อปทาน	V-V	1	1	1	0	1	20Khu03
sanegamajānapadabhaṭabalabrāhmaṇagahapatika-amaccajanamajjhe	สเนคมชานปทภฏพลพฺราหฺมณคหปติก-อมจฺจชนมชฺเฌ	V-V	1	1	1	0	1	28Khu11
sanidassananti-ādikathā	สนิทสฺสนนฺติ-อาทิกถา	V-V	1	1	1	0	1	32Abhi04
sanidassanāti-ādikathā	สนิทสฺสนาติ-อาทิกถา	V-V	1	1	1	0	1	32Abhi04
Sanniṭṭhāpakatthera-apadāna	สนฺนิฏฺฐาปกตฺเถร-อปทาน	V-V	1	1	1	0	1	20Khu03
Santatta-ayoguḷa-upamā	สนฺตตฺต-อโยคุฬ-อุปมา	V-V	2	1	1	0	1	07Di02
Saparivārachattadārakatthera-apadāna	สปริวารฉตฺตทารกตฺเถร-อปทาน	V-V	1	1	1	0	1	20Khu03
Saparivāriyatthera-apadāna	สปริวาริยตฺเถร-อปทาน	V-V	1	1	1	0	1	20Khu03
Saparivārāsanatthera-apadāna	สปริวาราสนตฺเถร-อปทาน	V-V	1	1	1	0	1	20Khu03
Sappidāyakatthera-apadāna	สปฺปิทายกตฺเถร-อปทาน	V-V	1	1	1	0	1	20Khu03
Sappītikaduka-abyākatasadisaṃ	สปฺปีติกทุก-อพฺยากตสทิสํ	V-V	1	1	1	0	1	39Abhi11
saritā-itipi	สริตา-อิติปิ	V-V	1	1	1	0	1	27khu10
Sarāga-ahirājā	สราค-อหิราชา	V-V	1	1	1	0	1	15An01
Sati-uppajjanapañha	สติ-อุปฺปชฺชนปญฺห	V-V	1	1	1	0	1	28Khu11
Sati-uppajjanapañho	สติ-อุปฺปชฺชนปโญฺห	V-V	1	1	1	0	1	28Khu11
satipaṭṭhāna-āḷakaṃ	สติปฏฺฐาน-อาฬกํ	V-V	1	1	1	0	1	28Khu11
Satta-aggi	สตฺต-อคฺคิ	V-V	1	1	1	0	1	16An02
Sattaka-uddesa	สตฺตก-อุทฺเทส	V-V	1	1	1	0	1	31Abhi03
Sattakadambapupphiyatthera-apadāna	สตฺตกทมฺพปุปฺผิยตฺเถร-อปทาน	V-V	1	1	1	0	1	21Khu04
Sattalipupphapūjakatthera-apadāna	สตฺตลิปุปฺผปูชกตฺเถร-อปทาน	V-V	1	1	1	0	1	20Khu03
Sattapadumiyatthera-apadāna	สตฺตปทุมิยตฺเถร-อปทาน	V-V	1	1	1	0	1	20Khu03
Sattapaṇṇiyatthera-apadāna	สตฺตปณฺณิยตฺเถร-อปทาน	V-V	1	1	1	0	1	20Khu03
Sattapāṭaliyatthera-apadāna	สตฺตปาฏลิยตฺเถร-อปทาน	V-V	1	1	1	0	1	20Khu03
Sattuppalamālikātherī-apadāna	สตฺตุปฺปลมาลิกาเถรี-อปทาน	V-V	1	1	1	0	1	21Khu04
Sattāhapabbajitatthera-apadāna	สตฺตาหปพฺพชิตตฺเถร-อปทาน	V-V	1	1	1	0	1	20Khu03
Savitakkaduka-abyākatasadisaṃ	สวิตกฺกทุก-อพฺยากตสทิสํ	V-V	1	1	1	0	1	39Abhi11
Savitakkaduka-akusalasadisaṃ	สวิตกฺกทุก-อกุสลสทิสํ	V-V	1	1	1	0	1	39Abhi11
Sayaṃpaṭibhāniyatthera-apadāna	สยํปฏิภานิยตฺเถร-อปทาน	V-V	1	1	1	0	1	21Khu04
Saññā-attakathā	สญฺญา-อตฺตกถา	V-V	1	1	1	0	1	06Di01
Saññā-aññāṇasutta	สญฺญา-อญฺญาณสุตฺต	V-V	1	1	1	0	1	13Sam02
Saḷalamaṇḍapiyatthera-apadāna	สฬลมณฺฑปิยตฺเถร-อปทาน	V-V	1	1	1	0	1	20Khu03
Saḷalapupphikātherī-apadāna	สฬลปุปฺผิกาเถรี-อปทาน	V-V	1	1	1	0	1	21Khu04
Saṃbhejja-udakasutta	สํเภชฺช-อุทกสุตฺต	V-V	1	1	1	0	1	12Sam01
Saṃbhejja-udake	สํเภชฺช-อุทเก	V-V	1	1	1	0	1	12Sam01
Saṃghabhattādi-anujānana	สํฆภตฺตาทิ-อนุชานน	V-V	1	1	1	0	1	04Vin04
saṃghe-uposatho	สํเฆ-อุโปสโถ	V-V	1	1	1	0	1	05Vin05
Saṃghupaṭṭhākatthera-apadāna	สํฆุปฏฺฐากตฺเถร-อปทาน	V-V	1	1	1	0	1	20Khu03
saṃsaṭṭha-anto	สํสฏฺฐ-อนฺโต	V-V	1	1	1	0	1	05Vin05
Saṃvarāpahātabba-āsava	สํวราปหาตพฺพ-อาสว	V-V	1	1	1	0	1	09Ma01
Saṅgahitena-asaṅgahitapadaniddesa	สงฺคหิเตน-อสงฺคหิตปทนิทฺเทส	V-V	1	1	1	0	1	31Abhi03
Saṅkamanatthātherī-apadāna	สงฺกมนตฺถาเถรี-อปทาน	V-V	1	1	1	0	1	21Khu04
Saṅkharitvā-saṃharitvā	สงฺขริตฺวา-สํหริตฺวา	V-C	1	1	1	0	1	16An02
Saṅkharāja-uppatti	สงฺขราช-อุปฺปตฺติ	V-V	1	1	1	0	1	08Di03
Saṅkhāra-aññāṇasutta	สงฺขาร-อญฺญาณสุตฺต	V-V	1	1	1	0	1	13Sam02
saṇhasukhuma-aṇurajasamaṃ	สณฺหสุขุม-อณุรชสมํ	V-V	1	1	1	0	1	28Khu11
saṇhasukhuma-aṇurajo	สณฺหสุขุม-อณุรโช	V-V	1	1	1	0	1	28Khu11
sekkha-āraññakena	เสกฺข-อารญฺญเกน	V-V	1	1	1	0	1	05Vin05
Selatthera-apadāna	เสลตฺเถร-อปทาน	V-V	1	1	1	0	1	20Khu03
Senāsanadāyakatthera-apadāna	เสนาสนทายกตฺเถร-อปทาน	V-V	1	1	1	0	1	20Khu03
Sereyyakatthera-apadāna	เสเรยฺยกตฺเถร-อปทาน	V-V	1	1	1	0	1	20Khu03
Setavaṇṇādi-anujānana	เสตวณฺณาทิ-อนุชานน	V-V	1	1	1	0	1	04Vin04
Setudāyakatthera-apadāna	เสตุทายกตฺเถร-อปทาน	V-V	1	1	1	0	1	21Khu04
sevitabba-asevitabbesu	เสวิตพฺพ-อเสวิตพฺเพสุ	V-V	1	1	1	0	1	27khu10
sikkhāpaccakkha-antimaṃ	สิกฺขาปจฺจกฺข-อนฺติมํ	V-V	1	1	1	0	1	04Vin04
Sikkhāsuttādipeyyāla-ekādasaka	สิกฺขาสุตฺตาทิเปยฺยาล-เอกาทสก	V-V	1	1	1	0	1	12Sam01
sineho-itipi	สิเนโห-อิติปิ	V-V	1	1	1	0	1	27khu10
Sippa-uggahaṇena	สิปฺป-อุคฺคหเณน	V-V	1	1	1	0	1	08Di03
sitthera-apadāna	สิตฺเถร-อปทาน	V-V	1	1	1	0	1	20Khu03
Sivakatthera-apadāna	สิวกตฺเถร-อปทาน	V-V	1	1	1	0	1	21Khu04
Siṅgālamātutherī-apadāna	สิงฺคาลมาตุเถรี-อปทาน	V-V	1	1	1	0	1	21Khu04
So-attā	โส-อตฺตา	V-V	1	1	1	0	1	13Sam02
Sobhitatthera-apadāna	โสภิตตฺเถร-อปทาน	V-V	1	1	1	0	1	20Khu03
sokaparidevadukkhadomanassa-upāyāsāti	โสกปริเทวทุกฺขโทมนสฺส-อุปายาสาติ	V-V	1	1	1	0	1	32Abhi04
Sopākatthera-apadāna	โสปากตฺเถร-อปทาน	V-V	1	1	1	0	1	20Khu03
sotāpannasakadāgāmi-anāgāmi	โสตาปนฺนสกทาคามิ-อนาคามิ	V-V	1	1	1	0	1	28Khu11
Sovaṇṇakiṅkaṇiyatthera-apadāna	โสวณฺณกิงฺกณิยตฺเถร-อปทาน	V-V	1	1	1	0	1	21Khu04
Sovaṇṇavaṭaṃsakiyatthera-apadāna	โสวณฺณวฏํสกิยตฺเถร-อปทาน	V-V	1	1	1	0	1	20Khu03
Soṇaka-arindamasavhayano	โสณก-อรินฺทมสวฺหยโน	V-V	1	1	1	0	1	23Khu06
Soṇakoḷivisatthera-apadāna	โสณโกฬิวิสตฺเถร-อปทาน	V-V	1	1	1	0	1	20Khu03
Soṇakoṭivīsatthera-apadāna	โสณโกฏิวีสตฺเถร-อปทาน	V-V	1	1	1	0	1	20Khu03
Soṇātherī-apadāna	โสณาเถรี-อปทาน	V-V	1	1	1	0	1	21Khu04
Soṇṇakontarikatthera-apadāna	โสณฺณโกนฺตริกตฺเถร-อปทาน	V-V	1	1	1	0	1	21Khu04
Subhaddatthera-apadāna	สุภทฺทตฺเถร-อปทาน	V-V	1	1	1	0	1	20Khu03
Subhaddādevi-upasaṅkamana	สุภทฺทาเทวิ-อุปสงฺกมน	V-V	1	1	1	0	1	07Di02
Subhūtitthera-apadāna	สุภูติตฺเถร-อปทาน	V-V	1	1	1	0	1	20Khu03
Sucintikatthera-apadāna	สุจินฺติกตฺเถร-อปทาน	V-V	1	1	1	0	1	20Khu03
Sudassanatthera-apadāna	สุทสฺสนตฺเถร-อปทาน	V-V	1	1	1	0	1	20Khu03
suddhi-asuddhiyā	สุทฺธิ-อสุทฺธิยา	V-V	1	1	1	0	1	24Khu07
Suddhika-appaṇihita	สุทฺธิก-อปฺปณิหิต	V-V	1	1	1	0	1	29Abhi01
Suddhika-appaṇihitaṃ	สุทฺธิก-อปฺปณิหิตํ	V-V	1	1	1	0	1	29Abhi01
Sudhāpiṇḍiyatthera-apadāna	สุธาปิณฺฑิยตฺเถร-อปทาน	V-V	1	1	1	0	1	20Khu03
Sugandhatthera-apadāna	สุคนฺธตฺเถร-อปทาน	V-V	1	1	1	0	1	21Khu04
sugatāgamapariyatti-ācārasaṃyamasīlasaṃvaraguṇā	สุคตาคมปริยตฺติ-อาจารสํยมสีลสํวรคุณา	V-V	1	1	1	0	1	28Khu11
Sukatāveḷiyatthera-apadāna	สุกตาเวฬิยตฺเถร-อปทาน	V-V	1	1	1	0	1	20Khu03
sukha-avipākinī	สุข-อวิปากินี	V-V	1	1	1	0	1	27khu10
sukha-dukkhaṃ	สุข-ทุกฺขํ	V-C	1	1	1	0	1	08Di03
sukhumaka-assāsapassāsānaṃ	สุขุมก-อสฺสาสปสฺสาสานํ	V-V	1	1	1	0	1	26Khu09
Sukkātherī-apadāna	สุกฺกาเถรี-อปทาน	V-V	1	1	1	0	1	21Khu04
Sumanabījaniyatthera-apadāna	สุมนพีชนิยตฺเถร-อปทาน	V-V	1	1	1	0	1	21Khu04
Sumanadāmiyatthera-apadāna	สุมนทามิยตฺเถร-อปทาน	V-V	1	1	1	0	1	20Khu03
Sumanatthera-apadāna	สุมนตฺเถร-อปทาน	V-V	1	1	1	0	1	20Khu03
Sumanāveḷiyatthera-apadāna	สุมนาเวฬิยตฺเถร-อปทาน	V-V	1	1	1	0	1	20Khu03
Sumedhātherī-apadāna	สุเมธาเถรี-อปทาน	V-V	1	1	1	0	1	21Khu04
Sunetta-arakena	สุเนตฺต-อรเกน	V-V	1	1	1	0	1	16An02
Supaṭadāyakatthera-apadāna	สุปฏทายกตฺเถร-อปทาน	V-V	1	1	1	0	1	21Khu04
Supuṭakapūjakatthera-apadāna	สุปุฏกปูชกตฺเถร-อปทาน	V-V	1	1	1	0	1	20Khu03
Supāricariyatthera-apadāna	สุปาริจริยตฺเถร-อปทาน	V-V	1	1	1	0	1	20Khu03
Surāmeraya-odakā	สุราเมรย-โอทกา	V-V	1	1	1	0	1	14Sam03
Sutasoma-arindhamarājavaro	สุตโสม-อรินฺธมราชวโร	V-V	1	1	1	0	1	23Khu06
Suvaṇṇabibbohaniyatthera-apadāna	สุวณฺณพิพฺโพหนิยตฺเถร-อปทาน	V-V	1	1	1	0	1	20Khu03
Suvaṇṇanikkhasuttādi-aṭṭhaka	สุวณฺณนิกฺขสุตฺตาทิ-อฏฺฐก	V-V	1	1	1	0	1	12Sam01
Suvaṇṇapupphiyatthera-apadāna	สุวณฺณปุปฺผิยตฺเถร-อปทาน	V-V	1	1	1	0	1	20Khu03
suvibhatta-antarāpaṇaṃ	สุวิภตฺต-อนฺตราปณํ	V-V	1	1	1	0	1	28Khu11
Suvivajjita-ubbego	สุวิวชฺชิต-อุพฺเพโค	V-V	1	1	1	0	1	20Khu03
Syā-I-Ka-potthakesu	สฺยา-อิ-ก-โปตฺถเกสุ	V-V	3	1	1	0	1	17An03
Syā-I-potthakesu	สฺยา-อิ-โปตฺถเกสุ	V-V	2	1	1	0	1	15An01
Syā-Kaṃ	สฺยา-กํ	V-C	1	1	1	0	1	16An02
Syā-Kaṃ-potthakesu	สฺยา-กํ-โปตฺถเกสุ	V-C	2	1	1	0	1	15An01
Syāma-potthake	สฺยาม-โปตฺถเก	V-C	1	1	1	0	1	08Di03
Sāgatatthera-apadāna	สาคตตฺเถร-อปทาน	V-V	1	1	1	0	1	20Khu03
Sālakusumiyatthera-apadāna	สาลกุสุมิยตฺเถร-อปทาน	V-V	1	1	1	0	1	21Khu04
Sālamaṇḍapiyatthera-apadāna	สาลมณฺฑปิยตฺเถร-อปทาน	V-V	1	1	1	0	1	21Khu04
Sālapupphadāyakatthera-apadāna	สาลปุปฺผทายกตฺเถร-อปทาน	V-V	1	1	1	0	1	20Khu03
Sālapupphiyattera-apadāna	สาลปุปฺผิยตฺเตร-อปทาน	V-V	1	1	1	0	1	20Khu03
sāmaggi-uposatho	สามคฺคิ-อุโปสโถ	V-V	1	1	1	0	1	05Vin05
sāmaggī-uposathoyeva	สามคฺคี-อุโปสโถเยว	V-V	1	1	1	0	1	05Vin05
sāravarapavara-abhijātajātimantarattalohitacandanaṃ	สารวรปวร-อภิชาตชาติมนฺตรตฺตโลหิตจนฺทนํ	V-V	1	1	1	0	1	28Khu11
Sāriputta-upasamasutta	สาริปุตฺต-อุปสมสุตฺต	V-V	1	1	1	0	1	18Khu01
Sāriputtatthera-apadāna	สาริปุตฺตตฺเถร-อปทาน	V-V	1	1	1	0	1	20Khu03
sāvajja-anavajjesu	สาวชฺช-อนวชฺเชสุ	V-V	1	1	1	0	1	27khu10
Sāṇabhārika-upamā	สาณภาริก-อุปมา	V-V	1	1	1	0	1	07Di02
Sī-I-Majjhimapaṇṇāsake	สี-อิ-มชฺฌิมปณฺณาสเก	V-V	2	1	1	0	1	17An03
Sī-Rūpasiddhi	สี-รูปสิทฺธิ	V-C	1	1	1	0	1	06Di01
Sī-Syā-I	สี-สฺยา-อิ	V-C	2	1	1	0	1	07Di02
Sīhaḷa-potthake	สีหฬ-โปตฺถเก	V-C	1	1	1	0	1	24Khu07
Sīhāsanabījiyatthera-apadāna	สีหาสนพีชิยตฺเถร-อปทาน	V-V	1	1	1	0	1	21Khu04
Sīhāsanikatthera-apadāna	สีหาสนิกตฺเถร-อปทาน	V-V	1	1	1	0	1	21Khu04
sīlaguṇa-ācārapaṇṇatti	สีลคุณ-อาจารปณฺณตฺติ	V-V	1	1	1	0	1	28Khu11
Sīlavanta-ānisaṃsa	สีลวนฺต-อานิสํส	V-V	1	1	1	0	1	07Di02
sīlavarapavara-asamasucigandhaparibhāvito	สีลวรปวร-อสมสุจิคนฺธปริภาวิโต	V-V	1	1	1	0	1	28Khu11
sīlavisuddhi-abhisamayo	สีลวิสุทฺธิ-อภิสมโย	V-V	1	1	1	0	1	26Khu09
sīlādi-abhirati	สีลาทิ-อภิรติ	V-V	1	1	1	0	1	28Khu11
Sīvalitthera-apadāna	สีวลิตฺเถร-อปทาน	V-V	1	1	1	0	1	21Khu04
Sūci-ānisaṃsa	สูจิ-อานิสํส	V-V	1	1	1	0	1	20Khu03
Sūrā-apaṭikkhepanalakkhaṇaṃ	สูรา-อปฏิกฺเขปนลกฺขณํ	V-V	1	1	1	0	1	27khu10
Ta-Tha	ต-ถ	V-C	1	1	1	0	1	27khu10
tabba-avippaṭisārā	ตพฺพ-อวิปฺปฏิสารา	V-V	1	1	1	0	1	04Vin04
tadā-āsiṃ	ตทา-อาสิํ	V-V	1	1	1	0	1	20Khu03
Tambapupphiyatthera-apadāna	ตมฺพปุปฺผิยตฺเถร-อปทาน	V-V	1	1	1	0	1	20Khu03
Tamālapupphiyatthera-apadāna	ตมาลปุปฺผิยตฺเถร-อปทาน	V-V	1	1	1	0	1	20Khu03
Taraṇīyatthera-apadāna	ตรณียตฺเถร-อปทาน	V-V	1	1	1	0	1	20Khu03
Tatiya-abhisandasutta	ตติย-อภิสนฺทสุตฺต	V-V	1	1	1	0	1	14Sam03
Tatiya-agatisutta	ตติย-อคติสุตฺต	V-V	1	1	1	0	1	15An01
Tatiya-anattasutta	ตติย-อนตฺตสุตฺต	V-V	1	1	1	0	1	13Sam02
Tatiya-aniccasutta	ตติย-อนิจฺจสุตฺต	V-V	1	1	1	0	1	13Sam02
Tatiya-anudhammasutta	ตติย-อนุธมฺมสุตฺต	V-V	1	1	1	0	1	13Sam02
Tatiya-assādasutta	ตติย-อสฺสาทสุตฺต	V-V	1	1	1	0	1	13Sam02
Tatiya-ibbhavāda	ตติย-อิพฺภวาท	V-V	1	1	1	0	1	06Di01
Tatiya-ovādasutta	ตติย-โอวาทสุตฺต	V-V	1	1	1	0	1	12Sam01
Tatiya-upanisasutta	ตติย-อุปนิสสุตฺต	V-V	1	1	1	0	1	17An03
Tatiya-upanisāsutta	ตติย-อุปนิสาสุตฺต	V-V	1	1	1	0	1	17An03
Tatiya-uposathasutta	ตติย-อุโปสถสุตฺต	V-V	1	1	1	0	1	13Sam02
Tatiya-ājānīyasutta	ตติย-อาชานียสุตฺต	V-V	1	1	1	0	1	15An01
Tatiya-āmakadhaññapeyyālavagga	ตติย-อามกธญฺญเปยฺยาลวคฺค	V-V	1	1	1	0	1	14Sam03
Tatiya-āmakadhaññapeyyālavaggo	ตติย-อามกธญฺญเปยฺยาลวคฺโค	V-V	1	1	1	0	1	14Sam03
Tatiyajhāna-upamā	ตติยฌาน-อุปมา	V-V	1	1	1	0	1	06Di01
Tatiyapada-hetu	ตติยปท-เหตุ	V-C	1	1	1	0	1	40Abhi12
Tatra-etadavoca	ตตฺร-เอตทโวจ	V-V	1	1	1	0	1	12Sam01
tatta-ayoguḷasannibhaṃ	ตตฺต-อโยคุฬสนฺนิภํ	V-V	1	1	1	0	1	18Khu01
Tayo-eva	ตโย-เอว	V-V	1	1	1	0	1	33Abhi05
taṇhā-itipi	ตณฺหา-อิติปิ	V-V	1	1	1	0	1	27khu10
te-asītiyā	เต-อสีติยา	V-V	1	1	1	0	1	20Khu03
Telamakkhiyatthera-apadāna	เตลมกฺขิยตฺเถร-อปทาน	V-V	1	1	1	0	1	20Khu03
tevijjā-iriṇantipi	เตวิชฺชา-อิริณนฺติปิ	V-V	1	1	1	0	1	06Di01
Tevijjā-iriṇaṃ	เตวิชฺชา-อิริณํ	V-V	1	1	1	0	1	06Di01
Tha-Da	ถ-ท	V-C	1	1	1	0	1	05Vin05
Thambhāropakatthera-apadāna	ถมฺภาโรปกตฺเถร-อปทาน	V-V	1	1	1	0	1	20Khu03
Theragāthā-aṭṭhakathāya	เถรคาถา-อฏฺฐกถาย	V-V	1	1	1	0	1	19Khu02
Theyya-itthi-avadesaṃ	เถยฺย-อิตฺถิ-อวเทสํ	V-V	2	1	1	0	1	05Vin05
Thomakatthera-apadāna	โถมกตฺเถร-อปทาน	V-V	1	1	1	0	1	20Khu03
Ti-acchati	ติ-อจฺฉติ	V-V	1	1	1	0	1	19Khu02
Ti-uppalamāliyo	ติ-อุปฺปลมาลิโย	V-V	1	1	1	0	1	20Khu03
ti-ādīni	ติ-อาทีนิ	V-V	1	1	1	0	1	26Khu09
ti-ādīsu	ติ-อาทีสุ	V-V	1	1	1	0	1	03Vin03
Ticampakapupphiyatthera-apadāna	ติจมฺปกปุปฺผิยตฺเถร-อปทาน	V-V	1	1	1	0	1	20Khu03
Tika-atthuddhāra	ติก-อตฺถุทฺธาร	V-V	1	1	1	0	1	29Abhi01
Tika-uddesa	ติก-อุทฺเทส	V-V	1	1	1	0	1	31Abhi03
Tikaṇikārapupphiyatthera-apadāna	ติกณิการปุปฺผิยตฺเถร-อปทาน	V-V	1	1	1	0	1	21Khu04
Tikaṇṇipupphiyatthera-apadāna	ติกณฺณิปุปฺผิยตฺเถร-อปทาน	V-V	1	1	1	0	1	20Khu03
Tikicchakatthera-apadāna	ติกิจฺฉกตฺเถร-อปทาน	V-V	1	1	1	0	1	20Khu03
Tikiṅkaṇipupphiyatthera-apadāna	ติกิงฺกณิปุปฺผิยตฺเถร-อปทาน	V-V	1	1	1	0	1	21Khu04
Tikiṅkaṇipūjakatthera-apadāna	ติกิงฺกณิปูชกตฺเถร-อปทาน	V-V	1	1	1	0	1	20Khu03
Tilamuṭṭhidāyakatthera-apadāna	ติลมุฏฺฐิทายกตฺเถร-อปทาน	V-V	1	1	1	0	1	20Khu03
Tindukadāyakatthera-apadāna	ตินฺทุกทายกตฺเถร-อปทาน	V-V	1	1	1	0	1	20Khu03
Tindukaphaladāyakatthera-apadāna	ตินฺทุกผลทายกตฺเถร-อปทาน	V-V	1	1	1	0	1	20Khu03
Tipadumiyattera-apadāna	ติปทุมิยตฺเตร-อปทาน	V-V	1	1	1	0	1	20Khu03
Tipupphiyatthera-apadāna	ติปุปฺผิยตฺเถร-อปทาน	V-V	1	1	1	0	1	20Khu03
Tiraṃsiyatthera-apadāna	ติรํสิยตฺเถร-อปทาน	V-V	1	1	1	0	1	20Khu03
Tisaraṇagamaniyatthera-apadāna	ติสรณคมนิยตฺเถร-อปทาน	V-V	1	1	1	0	1	20Khu03
Tissametteyyatthera-apadāna	ติสฺสเมตฺเตยฺยตฺเถร-อปทาน	V-V	1	1	1	0	1	20Khu03
Tissopi-anusayakathā	ติสฺโสปิ-อนุสยกถา	V-V	1	1	1	0	1	32Abhi04
Tivaṇṭipupphiyatthera-apadāna	ติวณฺฏิปุปฺผิยตฺเถร-อปทาน	V-V	1	1	1	0	1	20Khu03
Tiṃsa-itthisahassāni	ติํส-อิตฺถิสหสฺสานิ	V-V	1	1	1	0	1	21Khu04
Tiṇakuṭidāyakatthera-apadāna	ติณกุฏิทายกตฺเถร-อปทาน	V-V	1	1	1	0	1	20Khu03
tiṇarukkhalatāgumba-osadhivanappatayo	ติณรุกฺขลตาคุมฺพ-โอสธิวนปฺปตโย	V-V	1	1	1	0	1	28Khu11
Tiṇasantharadāyakatthera-apadāna	ติณสนฺถรทายกตฺเถร-อปทาน	V-V	1	1	1	0	1	20Khu03
Tiṇasanthārakatthera-apadāna	ติณสนฺถารกตฺเถร-อปทาน	V-V	1	1	1	0	1	20Khu03
Tiṇasūlakachādaniyatthera-apadāna	ติณสูลกฉาทนิยตฺเถร-อปทาน	V-V	1	1	1	0	1	20Khu03
Tiṇasūlakatthera-apadāna	ติณสูลกตฺเถร-อปทาน	V-V	1	1	1	0	1	20Khu03
Tiṇukkadhāriyatthera-apadāna	ติณุกฺกธาริยตฺเถร-อปทาน	V-V	1	1	1	0	1	21Khu04
Tiṇuppalamāliyatthera-apadāna	ติณุปฺปลมาลิยตฺเถร-อปทาน	V-V	1	1	1	0	1	20Khu03
Todeyyatthera-apadāna	โตเทยฺยตฺเถร-อปทาน	V-V	1	1	1	0	1	20Khu03
Tuccha-udapāne	ตุจฺฉ-อุทปาเน	V-V	1	1	1	0	1	32Abhi04
Tumbaka-karaṇḍa	ตุมฺพก-กรณฺฑ	V-C	1	1	1	0	1	20Khu03
Tuvaradāyakatthera-apadāna	ตุวรทายกตฺเถร-อปทาน	V-V	1	1	1	0	1	20Khu03
Tuvaṭaka-attadaṇḍasāriputtā	ตุวฏก-อตฺตทณฺฑสาริปุตฺตา	V-V	1	1	1	0	1	18Khu01
Tvaṃ-nātho	ตฺวํ-นาโถ	C-C	1	1	1	0	1	22Khu05
Tālaphaladāyakatthera-apadāna	ตาลผลทายกตฺเถร-อปทาน	V-V	1	1	1	0	1	21Khu04
Tālavaṇṭadāyakatthera-apadāna	ตาลวณฺฏทายกตฺเถร-อปทาน	V-V	1	1	1	0	1	20Khu03
Tāvatiṃsadeva-upamā	ตาวติํสเทว-อุปมา	V-V	1	1	1	0	1	07Di02
Tīṇuppalamāliyatthera-apadāna	ตีณุปฺปลมาลิยตฺเถร-อปทาน	V-V	1	1	1	0	1	20Khu03
U-Ū	อุ-อู	V-V	1	1	1	0	1	05Vin05
ubbega-uttāsabhayaṃ	อุพฺเพค-อุตฺตาสภยํ	V-V	1	1	1	0	1	08Di03
Ubbhega-uttāsabhayāpanūdano	อุพฺเภค-อุตฺตาสภยาปนูทโน	V-V	1	1	1	0	1	08Di03
ubhato-anavassutā	อุภโต-อนวสฺสุตา	V-V	1	1	1	0	1	02Vin02
Ucchaṅgapupphiyatthera-apadāna	อุจฺฉงฺคปุปฺผิยตฺเถร-อปทาน	V-V	1	1	1	0	1	20Khu03
uccheda-sassatena	อุจฺเฉท-สสฺสเตน	V-C	1	1	1	0	1	27khu10
ucchiṭṭhapaṭiggahaṇa-ucchādananahāpanapādaparikammena	อุจฺฉิฏฺฐปฏิคฺคหณ-อุจฺฉาทนนหาปนปาทปริกมฺเมน	V-V	1	1	1	0	1	28Khu11
Ucchukhaṇḍikattera-apadāna	อุจฺฉุขณฺฑิกตฺเตร-อปทาน	V-V	1	1	1	0	1	21Khu04
Udakadāyikātherī-apadāna	อุทกทายิกาเถรี-อปทาน	V-V	1	1	1	0	1	21Khu04
Udakāsanadāyakatthera-apadāna	อุทกาสนทายกตฺเถร-อปทาน	V-V	1	1	1	0	1	20Khu03
Udapānadāyakatthera-apadāna	อุทปานทายกตฺเถร-อปทาน	V-V	1	1	1	0	1	20Khu03
Udda-ekantalomī	อุทฺท-เอกนฺตโลมี	V-V	1	1	1	0	1	21Khu04
Uddesa-araṇā	อุทฺเทส-อรณา	V-V	1	1	1	0	1	11Ma03
Uddhalomika-ekantaṃ	อุทฺธโลมิก-เอกนฺตํ	V-V	1	1	1	0	1	21Khu04
uddhareyya-antamaso	อุทฺธเรยฺย-อนฺตมโส	V-V	1	1	1	0	1	15An01
uddhata-avūpasantacittasandosahetu	อุทฺธต-อวูปสนฺตจิตฺตสนฺโทสเหตุ	V-V	1	1	1	0	1	09Ma01
uddhaṃsoto-akaniṭṭhagāmīti	อุทฺธํโสโต-อกนิฏฺฐคามีติ	V-V	1	1	1	0	1	32Abhi04
Uddālakadāyakatthera-apadāna	อุทฺทาลกทายกตฺเถร-อปทาน	V-V	1	1	1	0	1	20Khu03
Uddālakapupphiyatthera-apadāna	อุทฺทาลกปุปฺผิยตฺเถร-อปทาน	V-V	1	1	1	0	1	20Khu03
Udenatthera-apadāna	อุเทนตฺเถร-อปทาน	V-V	1	1	1	0	1	20Khu03
Udumbaraphaladāyakatthera-apadāna	อุทุมฺพรผลทายกตฺเถร-อปทาน	V-V	1	1	1	0	1	20Khu03
Ukkhittapadumiyatthera-apadāna	อุกฺขิตฺตปทุมิยตฺเถร-อปทาน	V-V	1	1	1	0	1	20Khu03
Ukkāsatikatthera-apadāna	อุกฺกาสติกตฺเถร-อปทาน	V-V	1	1	1	0	1	21Khu04
Umāpupphiyattera-apadāna	อุมาปุปฺผิยตฺเตร-อปทาน	V-V	1	1	1	0	1	20Khu03
Umāpupphiyatthera-apadāna	อุมาปุปฺผิยตฺเถร-อปทาน	V-V	1	1	1	0	1	20Khu03
upanissaya-upasampadā	อุปนิสฺสย-อุปสมฺปทา	V-V	1	1	1	0	1	27khu10
upapajja-aparāpariyavedanīyaṃ	อุปปชฺช-อปราปริยเวทนียํ	V-V	1	1	1	0	1	27khu10
Upasena-āsīvisasutta	อุปเสน-อาสีวิสสุตฺต	V-V	1	1	1	0	1	13Sam02
Upasenavaṅgantaputtatthera-apadāna	อุปเสนวงฺคนฺตปุตฺตตฺเถร-อปทาน	V-V	1	1	1	0	1	20Khu03
Upasīvatthera-apadāna	อุปสีวตฺเถร-อปทาน	V-V	1	1	1	0	1	20Khu03
Upaḍḍhadussadāyakatthera-apadāna	อุปฑฺฒทุสฺสทายกตฺเถร-อปทาน	V-V	1	1	1	0	1	21Khu04
Upaṭṭhākadāyakatthera-apadāna	อุปฏฺฐากทายกตฺเถร-อปทาน	V-V	1	1	1	0	1	20Khu03
Upaṭṭhānasālā-anujānana	อุปฏฺฐานสาลา-อนุชานน	V-V	1	1	1	0	1	04Vin04
Uposathika-itthīnaṃvatthu	อุโปสถิก-อิตฺถีนํวตฺถุ	V-V	1	1	1	0	1	18Khu01
Uppaladāyikātherī-apadāna	อุปฺปลทายิกาเถรี-อปทาน	V-V	1	1	1	0	1	21Khu04
Uppalahatthiyatthera-apadāna	อุปฺปลหตฺถิยตฺเถร-อปทาน	V-V	1	1	1	0	1	20Khu03
Uppalavaṇṇātherī-apadāna	อุปฺปลวณฺณาเถรี-อปทาน	V-V	1	1	1	0	1	21Khu04
Uppādakakamma-āyuppamāṇavāra	อุปฺปาทกกมฺม-อายุปฺปมาณวาร	V-V	1	1	1	0	1	30Abhi02
Upādāna-upādānasampayuttadukaṃ	อุปาทาน-อุปาทานสมฺปยุตฺตทุกํ	V-V	1	1	1	0	1	38Abhi10
Upādāna-upādāniyadukaṃ	อุปาทาน-อุปาทานิยทุกํ	V-V	1	1	1	0	1	38Abhi10
Upādānavippayutta-upādāniyadukaṃ	อุปาทานวิปฺปยุตฺต-อุปาทานิยทุกํ	V-V	1	1	1	0	1	38Abhi10
Upādānārambha-āhārā	อุปาทานารมฺภ-อาหารา	V-V	1	1	1	0	1	18Khu01
Upāgatāsayatthera-apadāna	อุปาคตาสยตฺเถร-อปทาน	V-V	1	1	1	0	1	20Khu03
Upāhanadāyakatthera-apadāna	อุปาหนทายกตฺเถร-อปทาน	V-V	1	1	1	0	1	20Khu03
Upālitthera-apadāna	อุปาลิตฺเถร-อปทาน	V-V	1	1	1	0	1	20Khu03
Uruveḷakassapatthera-apadāna	อุรุเวฬกสฺสปตฺเถร-อปทาน	V-V	1	1	1	0	1	21Khu04
Ussaṅkhapāda-uddhaggalomatālakkhaṇāni	อุสฺสงฺขปาท-อุทฺธคฺคโลมตาลกฺขณานิ	V-V	1	1	1	0	1	08Di03
Uttalipupphiyatthera-apadāna	อุตฺตลิปุปฺผิยตฺเถร-อปทาน	V-V	1	1	1	0	1	21Khu04
Uttaratthera-apadāna	อุตฺตรตฺเถร-อปทาน	V-V	1	1	1	0	1	21Khu04
Uttareyyadāyakatthera-apadāna	อุตฺตเรยฺยทายกตฺเถร-อปทาน	V-V	1	1	1	0	1	20Khu03
Uttarā-upāsikavatthu	อุตฺตรา-อุปาสิกวตฺถุ	V-V	1	1	1	0	1	18Khu01
Uttiyatthera-apadāna	อุตฺติยตฺเถร-อปทาน	V-V	1	1	1	0	1	20Khu03
uttānī-akāsiṃ	อุตฺตานี-อกาสิํ	V-V	1	1	1	0	1	24Khu07
uttānī-ākāsi	อุตฺตานี-อากาสิ	V-V	1	1	1	0	1	25Khu08
uṇhakaṭṭhitatattasantatta-accijālāmālake	อุณฺหกฏฺฐิตตตฺตสนฺตตฺต-อจฺจิชาลามาลเก	V-V	1	1	1	0	1	28Khu11
Vajjīputtatthera-apadāna	วชฺชีปุตฺตตฺเถร-อปทาน	V-V	1	1	1	0	1	21Khu04
Vakkalitthera-apadāna	วกฺกลิตฺเถร-อปทาน	V-V	1	1	1	0	1	21Khu04
Vallikāraphaladāyakatthera-apadāna	วลฺลิการผลทายกตฺเถร-อปทาน	V-V	1	1	1	0	1	21Khu04
Valliphaladāyakatthera-apadāna	วลฺลิผลทายกตฺเถร-อปทาน	V-V	1	1	1	0	1	20Khu03
Vanakoraṇḍiyatthera-apadāna	วนโกรณฺฑิยตฺเถร-อปทาน	V-V	1	1	1	0	1	21Khu04
Vanavacchatthera-apadāna	วนวจฺฉตฺเถร-อปทาน	V-V	1	1	1	0	1	21Khu04
Vara-amba	วร-อมฺพ	V-V	1	1	1	0	1	22Khu05
Varāha-eṇeyyavigāḷhasevite	วราห-เอเณยฺยวิคาฬฺหเสวิเต	V-V	1	1	1	0	1	19Khu02
Vatthadāyakatthera-apadāna	วตฺถทายกตฺเถร-อปทาน	V-V	1	1	1	0	1	20Khu03
Vatthu-appaṭihatalakkhaṇo	วตฺถุ-อปฺปฏิหตลกฺขโณ	V-V	1	1	1	0	1	27khu10
Vatthu-avippaṭipādānalakkhaṇo	วตฺถุ-อวิปฺปฏิปาทานลกฺขโณ	V-V	1	1	1	0	1	27khu10
vayo-anuppattassa	วโย-อนุปฺปตฺตสฺส	V-V	1	1	1	0	1	25Khu08
Vaṅgantaputta-upasenattheragāthā	วงฺคนฺตปุตฺต-อุปเสนตฺเถรคาถา	V-V	1	1	1	0	1	19Khu02
Vaṅgīsatthera-apadāna	วงฺคีสตฺเถร-อปทาน	V-V	1	1	1	0	1	21Khu04
Vaṇṇakāratthera-apadāna	วณฺณการตฺเถร-อปทาน	V-V	1	1	1	0	1	20Khu03
Vaṭaṃsakiyatthera-apadāna	วฏํสกิยตฺเถร-อปทาน	V-V	1	1	1	0	1	20Khu03
Vedanā-aññāṇasutta	เวทนา-อญฺญาณสุตฺต	V-V	1	1	1	0	1	13Sam02
vedanānirodhagāminī-iccādīsupi	เวทนานิโรธคามินี-อิจฺจาทีสุปิ	V-V	1	1	1	0	1	16An02
vedanānirodho-iccādīsupi	เวทนานิโรโธ-อิจฺจาทีสุปิ	V-V	1	1	1	0	1	16An02
velā-anatikkamosetughāto	เวลา-อนติกฺกโมเสตุฆาโต	V-V	1	1	1	0	1	30Abhi02
Verocana-asurindasutta	เวโรจน-อสุรินฺทสุตฺต	V-V	1	1	1	0	1	12Sam01
Veyyāvaccakatthera-apadāna	เวยฺยาวจฺจกตฺเถร-อปทาน	V-V	1	1	1	0	1	20Khu03
veḷuriya-maye	เวฬุริย-มเย	V-C	1	1	1	0	1	07Di02
vi-iti	วิ-อิติ	V-V	1	1	1	0	1	27khu10
Vibhītakamiñjiyatthera-apadāna	วิภีตกมิญฺชิยตฺเถร-อปทาน	V-V	1	1	1	0	1	21Khu04
vicarimha-atanditā	วิจริมฺห-อตนฺทิตา	V-V	1	1	1	0	1	21Khu04
Vicitta-vāneyya-vaṭaṃsakānaṃ	วิจิตฺต-วาเนยฺย-วฏํสกานํ	V-C	2	1	1	0	1	19Khu02
Vidhūpanadāyakatthera-apadāna	วิธูปนทายกตฺเถร-อปทาน	V-V	1	1	1	0	1	20Khu03
vigata-ūmiko	วิคต-อูมิโก	V-V	1	1	1	0	1	16An02
vigatapipāso-ajjhattaṃ	วิคตปิปาโส-อชฺฌตฺตํ	V-V	1	1	1	0	1	10Ma02
vihaga-gamano	วิหค-คมโน	V-C	1	1	1	0	1	28Khu11
vimutti-abhisamayo	วิมุตฺติ-อภิสมโย	V-V	1	1	1	0	1	26Khu09
Vinodanāpahātabba-āsava	วิโนทนาปหาตพฺพ-อาสว	V-V	1	1	1	0	1	09Ma01
vinā-assāsapassāsehi	วินา-อสฺสาสปสฺสาเสหิ	V-V	1	1	1	0	1	34Abhi06
Vinīlakavipubbaka-uddhumātakasamuggahaṇalakkhaṇā	วินีลกวิปุพฺพก-อุทฺธุมาตกสมุคฺคหณลกฺขณา	V-V	1	1	1	0	1	27khu10
viparāmosa-ālopasahasākārā	วิปราโมส-อาโลปสหสาการา	V-V	1	1	1	0	1	14Sam03
Vippa-onaggā	วิปฺป-โอนคฺคา	V-V	1	1	1	0	1	22Khu05
Viravapupphiyatthera-apadāna	วิรวปุปฺผิยตฺเถร-อปทาน	V-V	1	1	1	0	1	20Khu03
visattikā-itipi	วิสตฺติกา-อิติปิ	V-V	1	1	1	0	1	27khu10
visuddhi-abhisamayo	วิสุทฺธิ-อภิสมโย	V-V	1	1	1	0	1	26Khu09
vitakka-anāvilatāya	วิตกฺก-อนาวิลตาย	V-V	1	1	1	0	1	27khu10
Viññāṇa-appaccakkhakammasutta	วิญฺญาณ-อปฺปจฺจกฺขกมฺมสุตฺต	V-V	1	1	1	0	1	13Sam02
Viññāṇa-aññāṇasutta	วิญฺญาณ-อญฺญาณสุตฺต	V-V	1	1	1	0	1	13Sam02
Vāsi-ānisaṃsa	วาสิ-อานิสํส	V-V	1	1	1	0	1	20Khu03
Vāsidāyakatthera-apadāna	วาสิทายกตฺเถร-อปทาน	V-V	1	1	1	0	1	20Khu03
vātapittasemhasannipāta-utupariṇāmavisamaparihāra-opakkamikopakkantaṃ	วาตปิตฺตเสมฺหสนฺนิปาต-อุตุปริณามวิสมปริหาร-โอปกฺกมิโกปกฺกนฺตํ	V-V	2	1	1	0	1	28Khu11
vīriya-aṭṭālakaṃ	วีริย-อฏฺฏาลกํ	V-V	1	1	1	0	1	28Khu11
vīsati-tivassasatāyukā	วีสติ-ติวสฺสสตายุกา	V-C	1	1	1	0	1	08Di03
Vīsati-tivassasatāyukānaṃ	วีสติ-ติวสฺสสตายุกานํ	V-C	1	1	1	0	1	08Di03
vītarāgavītadosavītamoha-ariyadhammehi	วีตราควีตโทสวีตโมห-อริยธมฺเมหิ	V-V	1	1	1	0	1	27khu10
Vīthisammajjakatthera-apadāna	วีถิสมฺมชฺชกตฺเถร-อปทาน	V-V	1	1	1	0	1	20Khu03
Ya-Ra-La	ย-ร-ล	V-C	2	1	1	0	1	05Vin05
Yasatthera-apadāna	ยสตฺเถร-อปทาน	V-V	1	1	1	0	1	21Khu04
Yasavatīpamukha-aṭṭhārasa	ยสวตีปมุข-อฏฺฐารส	V-V	1	1	1	0	1	21Khu04
Yasavatīpamukha-aṭṭhārasabhikkhunīsahassāpadānaṃ	ยสวตีปมุข-อฏฺฐารสภิกฺขุนีสหสฺสาปทานํ	V-V	1	1	1	0	1	21Khu04
Yasavatīpamukhabhikkhunīsahassa-apadāna	ยสวตีปมุขภิกฺขุนีสหสฺส-อปทาน	V-V	1	1	1	0	1	21Khu04
Yasodharāpamukha-aṭṭhārasabhikkhunīsahassa-apadāna	ยโสธราปมุข-อฏฺฐารสภิกฺขุนีสหสฺส-อปทาน	V-V	2	1	1	0	1	21Khu04
Yasodharāpamukha-aṭṭhārasabhikkhunīsahassāpadānaṃ	ยโสธราปมุข-อฏฺฐารสภิกฺขุนีสหสฺสาปทานํ	V-V	1	1	1	0	1	21Khu04
Yasodharāpamukhadasabhikkhunīsahassa-apadāna	ยโสธราปมุขทสภิกฺขุนีสหสฺส-อปทาน	V-V	1	1	1	0	1	21Khu04
Yasodharātherī-apadāna	ยโสธราเถรี-อปทาน	V-V	1	1	1	0	1	21Khu04
yathā-akusalenāti	ยถา-อกุสเลนาติ	V-V	1	1	1	0	1	08Di03
yathā-bhūtañāṇadassanaṃ	ยถา-ภูตญาณทสฺสนํ	V-C	1	1	1	0	1	27khu10
Yavakalāpiyatthera-apadāna	ยวกลาปิยตฺเถร-อปทาน	V-V	1	1	1	0	1	20Khu03
yaññabhūmito-iti	ยญฺญภูมิโต-อิติ	V-V	1	1	1	0	1	06Di01
Yaññasāmikatthera-apadāna	ยญฺญสามิกตฺเถร-อปทาน	V-V	1	1	1	0	1	20Khu03
yaññaṭṭhāna-attharaṇanti	ยญฺญฏฺฐาน-อตฺถรณนฺติ	V-V	1	1	1	0	1	06Di01
yaññaṭṭhāna-attharaṇaṃ	ยญฺญฏฺฐาน-อตฺถรณํ	V-V	1	1	1	0	1	10Ma02
yogāvacarena-evaṃcintayitabbaṃ	โยคาวจเรน-เอวํจินฺตยิตพฺพํ	V-V	1	1	1	0	1	28Khu11
Yāgu-ānisaṃsa	ยาคุ-อานิสํส	V-V	1	1	1	0	1	16An02
Yāgudāyakatthera-apadāna	ยาคุทายกตฺเถร-อปทาน	V-V	1	1	1	0	1	20Khu03
yāva-ābādhā	ยาว-อาพาธา	V-V	1	1	1	0	1	03Vin03
Yāva-āḷāhanā	ยาว-อาฬาหนา	V-V	1	1	1	0	1	10Ma02
Ña-Ṭha	ญ-ฐ	V-C	1	1	1	0	1	05Vin05
ñāṇasampayutta-upekkhāvipayuttacittassa	ญาณสมฺปยุตฺต-อุเปกฺขาวิปยุตฺตจิตฺตสฺส	V-V	1	1	1	0	1	35Abhi07
ñāṇasampayutta-upekkhāvippayuttacittassa	ญาณสมฺปยุตฺต-อุเปกฺขาวิปฺปยุตฺตจิตฺตสฺส	V-V	1	1	1	0	1	35Abhi07
Ñāṇathavikatthera-apadāna	ญาณถวิกตฺเถร-อปทาน	V-V	1	1	1	0	1	21Khu04
Ñāṇatthavikatthera-apadāna	ญาณตฺถวิกตฺเถร-อปทาน	V-V	1	1	1	0	1	21Khu04
Ñāṇavipphārā-iddhi	ญาณวิปฺผารา-อิทฺธิ	V-V	1	1	1	0	1	26Khu09
Ā-I-U-E	อา-อิ-อุ-เอ	V-V	3	1	1	0	1	04Vin04
Ācāra-upacāraññū	อาจาร-อุปจารญฺญู	V-V	1	1	1	0	1	20Khu03
Ādhāradāyakatthera-apadāna	อาธารทายกตฺเถร-อปทาน	V-V	1	1	1	0	1	20Khu03
āgu-ācārasodhānaṃ	อาคุ-อาจารโสธานํ	V-V	1	1	1	0	1	20Khu03
ākāra-akovido	อาการ-อโกวิโท	V-V	1	1	1	0	1	05Vin05
Ākāsukkhipiyatthera-apadāna	อากาสุกฺขิปิยตฺเถร-อปทาน	V-V	1	1	1	0	1	20Khu03
Ālambaṇadāyakatthera-apadāna	อาลมฺพณทายกตฺเถร-อปทาน	V-V	1	1	1	0	1	20Khu03
Āluvadāyakatthera-apadāna	อาลุวทายกตฺเถร-อปทาน	V-V	1	1	1	0	1	20Khu03
Āmaṇḍaphaladāyakatthera-apadāna	อามณฺฑผลทายกตฺเถร-อปทาน	V-V	1	1	1	0	1	21Khu04
Ānanda-acchariyasutta	อานนฺท-อจฺฉริยสุตฺต	V-V	1	1	1	0	1	15An01
Ānandatthera-apadāna	อานนฺทตฺเถร-อปทาน	V-V	1	1	1	0	1	20Khu03
Āpatti-anāpattiyā	อาปตฺติ-อนาปตฺติยา	V-V	1	1	1	0	1	21Khu04
āra-bbha	อาร-พฺภ	V-C	1	1	1	0	1	05Vin05
Ārammaṇa-purejātaṃ	อารมฺมณ-ปุเรชาตํ	V-C	1	1	1	0	1	37Abhi09
ārammaṇa-upanissayā	อารมฺมณ-อุปนิสฺสยา	V-V	1	1	1	0	1	37Abhi09
ārammaṇa-upādānavasena	อารมฺมณ-อุปาทานวเสน	V-V	1	1	1	0	1	27khu10
ārāma-gamanasīlā	อาราม-คมนสีลา	V-C	1	1	1	0	1	23Khu06
Ārāmadāyakatthera-apadāna	อารามทายกตฺเถร-อปทาน	V-V	1	1	1	0	1	20Khu03
Ārāmaparikkhepa-anujānana	อารามปริกฺเขป-อนุชานน	V-V	1	1	1	0	1	04Vin04
ārāmuyyānataḷākapokkharaṇi-udapānasampannaṃ	อารามุยฺยานตฬากโปกฺขรณิ-อุทปานสมฺปนฺนํ	V-V	1	1	1	0	1	28Khu11
Āsanasanthavikatthera-apadāna	อาสนสนฺถวิกตฺเถร-อปทาน	V-V	1	1	1	0	1	20Khu03
Āsanupaṭṭhāhakatthera-apadāna	อาสนุปฏฺฐาหกตฺเถร-อปทาน	V-V	1	1	1	0	1	20Khu03
Āsava-āsavasampayuttaduke	อาสว-อาสวสมฺปยุตฺตทุเก	V-V	1	1	1	0	1	40Abhi12
Āsavavippayuttanasāsavana-anidassanasappaṭighamūlepi	อาสววิปฺปยุตฺตนสาสวน-อนิทสฺสนสปฺปฏิฆมูเลปิ	V-V	1	1	1	0	1	40Abhi12
āsā-itipi	อาสา-อิติปิ	V-V	1	1	1	0	1	27khu10
āvaṭṭa-ūmivegajanitaṃ	อาวฏฺฏ-อูมิเวคชนิตํ	V-V	1	1	1	0	1	28Khu11
Āyukkhayajīvita-uparodhalakkhaṇaṃ	อายุกฺขยชีวิต-อุปโรธลกฺขณํ	V-V	1	1	1	0	1	27khu10
Āyāgadāyakatthera-apadāna	อายาคทายกตฺเถร-อปทาน	V-V	1	1	1	0	1	20Khu03
īsā-nemi-rathassa	อีสา-เนมิ-รถสฺส	V-C	2	1	1	0	1	22Khu05
ṭhape-tvā	ฐเป-ตฺวา	V-C	1	1	1	0	1	04Vin04
Ṭhapetvā-ariyamaggantikathā	ฐเปตฺวา-อริยมคฺคนฺติกถา	V-V	1	1	1	0	1	32Abhi04
Ṭhitañjaliyatthera-apadāna	ฐิตญฺชลิยตฺเถร-อปทาน	V-V	1	1	1	0	1	20Khu03
Ṭhitimūlakavuṭṭhānasuttādi-aṭṭhaka	ฐิติมูลกวุฏฺฐานสุตฺตาทิ-อฏฺฐก	V-V	1	1	1	0	1	13Sam02
