thai_len	count	volumes	roman	thai
16	224	22	nevasaññānāsaññāyatanaṃ	เนวสญฺญานาสญฺญายตนํ
19	214	4	nevavipākanavipākadhammadhammo	เนววิปากนวิปากธมฺมธมฺโม
17	202	9	anaññātaññassāmītindriyaṃ	อนญฺญาตญฺญสฺสามีตินฺทฺริยํ
17	181	4	nevācayagāmināpacayagāmī	เนวาจยคามินาปจยคามี
15	167	3	anupādinnupādāniyassa	อนุปาทินฺนุปาทานิยสฺส
15	138	12	upekkhāsambojjhaṅgo	อุเปกฺขาสมฺโพชฺฌงฺโค
23	119	17	sokaparidevadukkhadomanassupāyāsā	โสกปริเทวทุกฺขโทมนสฺสุปายาสา
18	111	5	nevavipākanavipākadhammadhammaṃ	เนววิปากนวิปากธมฺมธมฺมํ
15	96	1	dvemāsappaṭicchannānaṃ	เทฺวมาสปฺปฏิจฺฉนฺนานํ
15	93	14	dhammavicayasambojjhaṅgo	ธมฺมวิจยสมฺโพชฺฌงฺโค
20	83	2	nevavipākanavipākadhammadhammassa	เนววิปากนวิปากธมฺมธมฺมสฺส
15	83	11	dhammānudhammappaṭipanno	ธมฺมานุธมฺมปฺปฏิปนฺโน
18	80	7	nevasaññānāsaññāyatanassa	เนวสญฺญานาสญฺญายตนสฺส
15	80	17	evaṃsukhadukkhappaṭisaṃvedī	เอวํสุขทุกฺขปฺปฏิสํเวที
17	75	3	Nevācayagāmināpacayagāmiṃ	เนวาจยคามินาปจยคามิํ
16	72	1	dvemāsappaṭicchannāyo	เทฺวมาสปฺปฏิจฺฉนฺนาโย
15	72	1	dvemāsappaṭicchannāya	เทฺวมาสปฺปฏิจฺฉนฺนาย
15	72	1	saccikaṭṭhaparamatthenāti	สจฺจิกฏฺฐปรมตฺเถนาติ
19	65	2	nevācayagāmināpacayagāmissa	เนวาจยคามินาปจยคามิสฺส
15	63	3	nevasekkhanāsekkhassa	เนวเสกฺขนาเสกฺขสฺส
19	61	4	paraparitāpanānuyogamanuyutto	ปรปริตาปนานุโยคมนุยุตฺโต
15	59	15	ācāragocarasampanno	อาจารโคจรสมฺปนฺโน
15	56	3	kammavācāpariyosāne	กมฺมวาจาปริโยสาเน
16	55	3	nocittasaṃsaṭṭhasamuṭṭhāno	โนจิตฺตสํสฏฺฐสมุฏฺฐาโน
16	55	2	ārohapariṇāhasampanno	อาโรหปริณาหสมฺปนฺโน
20	53	3	nevavipākanavipākadhammadhammañca	เนววิปากนวิปากธมฺมธมฺมญฺจ
19	53	3	anaññātaññassāmītindriyañca	อนญฺญาตญฺญสฺสามีตินฺทฺริยญฺจ
19	51	4	Nevavipākanavipākadhammadhammā	เนววิปากนวิปากธมฺมธมฺมา
17	48	3	nevasaññānāsaññāyatane	เนวสญฺญานาสญฺญายตเน
20	42	4	attaparitāpanānuyogamanuyutto	อตฺตปริตาปนานุโยคมนุยุตฺโต
15	41	9	viññāṇupādānakkhandho	วิญฺญาณุปาทานกฺขนฺโธ
24	36	3	chandasamādhippadhānasaṅkhārasamannāgataṃ	ฉนฺทสมาธิปฺปธานสงฺขารสมนฺนาคตํ
19	36	3	nevācayagāmināpacayagāmiñca	เนวาจยคามินาปจยคามิญฺจ
15	36	3	Anupādinnupādāniyañca	อนุปาทินฺนุปาทานิยญฺจ
15	36	2	Dassanenapahātabbattika	ทสฺสเนนปหาตพฺพตฺติก
15	36	12	addhānamaggappaṭipanno	อทฺธานมคฺคปฺปฏิปนฺโน
15	35	5	dhammānudhammappaṭipannā	ธมฺมานุธมฺมปฺปฏิปนฺนา
16	33	1	naupādinnupādāniyo	นฺเอาปาทินฺนุปาทานิโย
25	32	3	Vīmaṃsāsamādhippadhānasaṅkhārasamannāgataṃ	วีมํสาสมาธิปฺปธานสงฺขารสมนฺนาคตํ
15	31	3	nevasekkhanāsekkhañca	เนวเสกฺขนาเสกฺขญฺจ
17	28	4	alamariyañāṇadassanaviseso	อลมริยญาณทสฺสนวิเสโส
17	28	8	vimuttiñāṇadassanakkhandhena	วิมุตฺติญาณทสฺสนกฺขนฺเธน
15	28	2	sabbākusalābhisaṅkhārā	สพฺพากุสลาภิสงฺขารา
15	27	9	saṅkhārupādānakkhandho	สงฺขารุปาทานกฺขนฺโธ
15	26	3	Nocittasaṃsaṭṭhasamuṭṭhānaṃ	โนจิตฺตสํสฏฺฐสมุฏฺฐานํ
16	25	6	khīṇāpāyaduggativinipāto	ขีณาปายทุคฺคติวินิปาโต
15	25	2	anāgāmimaggasamaṅgiñca	อนาคามิมคฺคสมงฺคิญฺจ
18	24	7	lokāyatamahāpurisalakkhaṇesu	โลกายตมหาปุริสลกฺขเณสุ
16	24	5	Sāriputtamoggallānesu	สาริปุตฺตโมคฺคลฺลาเนสุ
16	24	4	atītānāgatapaccuppanne	อตีตานาคตปจฺจุปฺปนฺเน
15	24	1	yathāpaṭicchannānañcassa	ยถาปฏิจฺฉนฺนานญฺจสฺส
17	23	3	anupādinnaanupādāniyañca	อนุปาทินฺนอนุปาทานิยญฺจ
15	23	3	rājantepurappavesane	ราชนฺเตปุรปฺปเวสเน
24	22	4	sokaparidevadukkhadomanassupāyāsāti	โสกปริเทวทุกฺขโทมนสฺสุปายาสาติ
17	22	4	dvattiṃsamahāpurisalakkhaṇāni	ทฺวตฺติํสมหาปุริสลกฺขณานิ
17	22	1	nocittasaṃsaṭṭhasamuṭṭhānassa	โนจิตฺตสํสฏฺฐสมุฏฺฐานสฺส
15	22	1	mūlāyapaṭikassanārahena	มูลายปฏิกสฺสนารเหน
17	21	5	dvattiṃsamahāpurisalakkhaṇehi	ทฺวตฺติํสมหาปุริสลกฺขเณหิ
19	20	8	udakorohanānuyogamanuyutto	อุทโกโรหนานุโยคมนุยุตฺโต
18	20	6	surāmerayamajjapamādaṭṭhāyī	สุราเมรยมชฺชปมาทฏฺฐายี
16	20	1	pācittiyāpattikkhandhena	ปาจิตฺติยาปตฺติกฺขนฺเธน
16	20	5	seyyāvasathapadīpeyyassa	เสยฺยาวสถปทีเปยฺยสฺส
16	20	1	thullaccayāpattikkhandhena	ถุลฺลจฺจยาปตฺติกฺขนฺเธน
15	20	6	parisuddhakāyasamācāro	ปริสุทฺธกายสมาจาโร
18	19	1	yonisomanasikārabahulīkāro	โยนิโสมนสิการพหุลีกาโร
17	19	3	Aññamaññapariyantaṭṭhāyino	อญฺญมญฺญปริยนฺตฏฺฐายิโน
16	19	2	Sabbākusalābhisaṅkhārānaṃ	สพฺพากุสลาภิสงฺขารานํ
15	19	5	addhānamaggappaṭipannā	อทฺธานมคฺคปฺปฏิปนฺนา
20	18	9	Surāmerayamajjappamādaṭṭhānā	สุราเมรยมชฺชปฺปมาทฏฺฐานา
17	18	5	vimuttiñāṇadassanasampanno	วิมุตฺติญาณทสฺสนสมฺปนฺโน
17	18	1	yonisomanasikārasampanno	โยนิโสมนสิการสมฺปนฺโน
21	17	2	nāttaparitāpanānuyogamanuyutto	นาตฺตปริตาปนานุโยคมนุยุตฺโต
16	17	1	pārājikāpattikkhandhena	ปาราชิกาปตฺติกฺขนฺเธน
15	17	8	janapadatthāvariyappatto	ชนปทตฺถาวริยปฺปตฺโต
19	16	2	nevācayagāmināpacayagāmino	เนวาจยคามินาปจยคามิโน
15	16	1	byañjananiruttābhilāpā	พฺยญฺชนนิรุตฺตาภิลาปา
19	15	1	Asallīnattapahitattapaggahaṭṭhe	อสลฺลีนตฺตปหิตตฺตปคฺคหฏฺเฐ
17	15	5	Ākāsānañcāyatanūpagānaṃ	อากาสานญฺจายตนูปคานํ
15	15	1	Cittasaṃsaṭṭhasamuṭṭhānañca	จิตฺตสํสฏฺฐสมุฏฺฐานญฺจ
17	14	1	nocittasaṃsaṭṭhasamuṭṭhānañca	โนจิตฺตสํสฏฺฐสมุฏฺฐานญฺจ
16	14	2	Saññojanasampayuttañceva	สญฺโญชนสมฺปยุตฺตญฺเจว
16	14	4	diṭṭhasutamutaviññātabbesu	ทิฏฺฐสุตมุตวิญฺญาตพฺเพสุ
15	14	1	Naāsavavippayuttañceva	นอาสววิปฺปยุตฺตญฺเจว
15	14	4	vimuttiñāṇadassanakkhandhaṃ	วิมุตฺติญาณทสฺสนกฺขนฺธํ
24	13	6	sokaparidevadukkhadomanassupāyāsehi	โสกปริเทวทุกฺขโทมนสฺสุปายาเสหิ
23	13	6	pariyāyabhattabhojanānuyogamanuyutto	ปริยายภตฺตโภชนานุโยคมนุยุตฺโต
19	13	1	Mettāgūmāṇavapucchāniddesa	เมตฺตาคูมาณวปุจฺฉานิทฺเทส
16	13	3	aparisuddhakāyasamācāro	อปริสุทฺธกายสมาจาโร
16	13	10	saṅghāṭipattacīvaradhāraṇe	สงฺฆาฏิปตฺตจีวรธารเณ
15	13	6	saṃghāṭipattacīvaradhāraṇe	สํฆาฏิปตฺตจีวรธารเณ
29	12	9	mālāgandhavilepanadhāraṇamaṇḍanavibhūsanaṭṭhānā	มาลาคนฺธวิเลปนธารณมณฺฑนวิภูสนฏฺฐานา
19	12	2	anaññātaññassāmītindriyanti	อนญฺญาตญฺญสฺสามีตินฺทฺริยนฺติ
17	12	1	saṃghādisesāpattikkhandhena	สํฆาทิเสสาปตฺติกฺขนฺเธน
16	12	2	Sammāsambuddhappavedito	สมฺมาสมฺพุทฺธปฺปเวทิโต
15	12	2	Diṭṭhasutamutaviññātabbe	ทิฏฺฐสุตมุตวิญฺญาตพฺเพ
15	12	3	aparisuddhavacīsamācāro	อปริสุทฺธวจีสมาจาโร
15	12	6	brāhmaṇamahāsālakule	พฺราหฺมณมหาสาลกุเล
24	11	3	chandasamādhipadhānasaṅkhārasamannāgato	ฉนฺทสมาธิปธานสงฺขารสมนฺนาคโต
18	11	4	Uddhaccakukkuccapariyuṭṭhitena	อุทฺธจฺจกุกฺกุจฺจปริยุฏฺฐิเตน
17	11	1	Taṃpayogappaṭippassaddhattā	ตํปโยคปฺปฏิปฺปสฺสทฺธตฺตา
16	11	2	Sabbākusalābhisaṅkhārehi	สพฺพากุสลาภิสงฺขาเรหิ
16	11	2	diṭṭhadhammanibbānappatto	ทิฏฺฐธมฺมนิพฺพานปฺปตฺโต
16	11	6	Ākāsānañcāyatanūpagā	อากาสานญฺจายตนูปคา
16	11	4	Ānāpānassatisamādhissa	อานาปานสฺสติสมาธิสฺส
15	11	1	Naupādinnupādāniyaṃ	นฺเอาปาทินฺนุปาทานิยํ
15	11	1	anupādinnupādāniyānaṃ	อนุปาทินฺนุปาทานิยานํ
15	11	3	mahāpuññakkhandhotveva	มหาปุญฺญกฺขนฺโธเตฺวว
26	10	8	sokaparidevadukkhadomanassupāyāsadhammā	โสกปริเทวทุกฺขโทมนสฺสุปายาสธมฺมา
21	10	3	Jātijarāmaraṇadukkhasamudayasambhavo	ชาติชรามรณทุกฺขสมุทยสมฺภโว
21	10	7	kesamassulocanānuyogamanuyutto	เกสมสฺสุโลจนานุโยคมนุยุตฺโต
20	10	2	Gilānapaccayabhesajjaparikkhāro	คิลานปจฺจยเภสชฺชปริกฺขาโร
19	10	1	ayonisomanasikārabahulīkāro	อโยนิโสมนสิการพหุลีกาโร
18	10	2	Nocittasaṃsaṭṭhasamuṭṭhānasahabhuṃ	โนจิตฺตสํสฏฺฐสมุฏฺฐานสหภุํ
17	10	5	atītānāgatapaccuppannesu	อตีตานาคตปจฺจุปฺปนฺเนสุ
16	10	1	naanupādinnupādāniyassa	นอนุปาทินฺนุปาทานิยสฺส
16	10	7	ukkuṭikappadhānamanuyutto	อุกฺกุฏิกปฺปธานมนุยุตฺโต
16	10	3	upādānasampayuttañceva	อุปาทานสมฺปยุตฺตญฺเจว
15	10	3	Cittasaṅkhārappaṭisaṃvedī	จิตฺตสงฺขารปฺปฏิสํเวที
15	10	2	maccheramalapariyuṭṭhitena	มจฺเฉรมลปริยุฏฺฐิเตน
15	10	7	sikkhāsājīvasamāpanno	สิกฺขาสาชีวสมาปนฺโน
37	9	5	cīvarapiṇḍapātasenāsanagilānappaccayabhesajjaparikkhārehi	จีวรปิณฺฑปาตเสนาสนคิลานปฺปจฺจยเภสชฺชปริกฺขาเรหิ
37	9	2	cīvarapiṇḍapātasenāsanagilānappaccayabhesajjaparikkhārena	จีวรปิณฺฑปาตเสนาสนคิลานปฺปจฺจยเภสชฺชปริกฺขาเรน
25	9	3	vīmaṃsāsamādhipadhānasaṅkhārasamannāgato	วีมํสาสมาธิปธานสงฺขารสมนฺนาคโต
23	9	5	ātāpanaparitāpanānuyogamanuyutto	อาตาปนปริตาปนานุโยคมนุยุตฺโต
22	9	1	nocittasaṃsaṭṭhasamuṭṭhānānuparivattī	โนจิตฺตสํสฏฺฐสมุฏฺฐานานุปริวตฺตี
20	9	4	Nevasaññānāsaññāyatanūpagānaṃ	เนวสญฺญานาสญฺญายตนูปคานํ
20	9	1	Yonisomanasikārasampannassetaṃ	โยนิโสมนสิการสมฺปนฺนสฺเสตํ
19	9	2	anaññātaññassāmītindriyena	อนญฺญาตญฺญสฺสามีตินฺทฺริเยน
19	9	1	saṃyojanavippayuttaasaṃyojaniyā	สํโยชนวิปฺปยุตฺตอสํโยชนิยา
19	9	2	viññāṇavipariṇāmaññathābhāvā	วิญฺญาณวิปริณามญฺญถาภาวา
18	9	1	Nanevācayagāmināpacayagāmiṃ	นเนวาจยคามินาปจยคามิํ
18	9	1	nocittasaṃsaṭṭhasamuṭṭhānasahabhū	โนจิตฺตสํสฏฺฐสมุฏฺฐานสหภู
18	9	1	pāṭidesanīyāpattikkhandhena	ปาฏิเทสนียาปตฺติกฺขนฺเธน
18	9	6	sasaṅkhāraniggayhavāritagato	สสงฺขารนิคฺคยฺหวาริตคโต
16	9	1	nibbānārammaṇatājātā	นิพฺพานารมฺมณตาชาตา
16	9	2	rūpavipariṇāmaññathābhāvā	รูปวิปริณามญฺญถาภาวา
16	9	3	uddhaccakukkuccaparetena	อุทฺธจฺจกุกฺกุจฺจปเรเตน
15	9	2	Accharāsaṅghātamattampi	อจฺฉราสงฺฆาตมตฺตมฺปิ
15	9	5	Sāriputtamoggallāne	สาริปุตฺตโมคฺคลฺลาเน
15	9	2	parisuddhañāṇadassanomhī	ปริสุทฺธญาณทสฺสโนมฺหี
38	8	7	cīvarapiṇḍapātasenāsanagilānappaccayabhesajjaparikkhārānan	จีวรปิณฺฑปาตเสนาสนคิลานปฺปจฺจยเภสชฺชปริกฺขารานนฺ
37	8	2	cīvarapiṇḍapātasenāsanagilānapaccayabhesajjaparikkhārānan	จีวรปิณฺฑปาตเสนาสนคิลานปจฺจยเภสชฺชปริกฺขารานนฺ
22	8	2	Nocittasaṃsaṭṭhasamuṭṭhānānuparivattiṃ	โนจิตฺตสํสฏฺฐสมุฏฺฐานานุปริวตฺติํ
21	8	1	Nacittasaṃsaṭṭhasamuṭṭhānānuparivattiṃ	นจิตฺตสํสฏฺฐสมุฏฺฐานานุปริวตฺติํ
18	8	1	nevācayagāmināpacayagāminī	เนวาจยคามินาปจยคามินี
17	8	1	Ariyasaccappakāsanapaṭhamabhūmi	อริยสจฺจปฺปกาสนปฐมภูมิ
17	8	5	Hatthigavassavaḷavapaṭiggahaṇā	หตฺถิควสฺสวฬวปฏิคฺคหณา
17	8	1	Nacittasaṃsaṭṭhasamuṭṭhānasahabhuṃ	นจิตฺตสํสฏฺฐสมุฏฺฐานสหภุํ
17	8	3	alamariyañāṇadassanavisesan	อลมริยญาณทสฺสนวิเสสนฺ
17	8	3	asammāsambuddhappavedite	อสมฺมาสมฺพุทฺธปฺปเวทิเต
17	8	5	paripuṇṇakosakoṭṭhāgāro	ปริปุณฺณโกสโกฏฺฐาคาโร
17	8	1	sattakkhattuparamatāniyatoti	สตฺตกฺขตฺตุปรมตานิยโตติ
16	8	3	sammādukkhakkhayagāminiyā	สมฺมาทุกฺขกฺขยคามินิยา
16	8	4	vimuttiñāṇadassanakkhandhe	วิมุตฺติญาณทสฺสนกฺขนฺเธ
15	8	1	Asītivassasahassāyukesu	อสีติวสฺสสหสฺสายุเกสุ
15	8	2	Sammādiṭṭhipurekkhāro	สมฺมาทิฏฺฐิปุเรกฺขาโร
15	8	1	chandarāgappaṭibaddhattā	ฉนฺทราคปฺปฏิพทฺธตฺตา
15	8	6	jīvitindriyassupacchedo	ชีวิตินฺทฺริยสฺสุปจฺเฉโท
15	8	1	naanupādinnupādāniyo	นอนุปาทินฺนุปาทานิโย
15	8	2	naupekkhāsahagatañca	นฺเอาเปกฺขาสหคตญฺจ
15	8	2	parisuddhetthāyasmanto	ปริสุทฺเธตฺถายสฺมนฺโต
15	8	1	sammukhāvinayapatirūpakena	สมฺมุขาวินยปติรูปเกน
15	8	2	upādānakkhayādhimutto	อุปาทานกฺขยาธิมุตฺโต
28	7	2	aniccucchādanaparimaddanabhedanaviddhaṃsanadhammo	อนิจฺจุจฺฉาทนปริมทฺทนเภทนวิทฺธํสนธมฺโม
20	7	4	idappaccayatāpaṭiccasamuppādo	อิทปฺปจฺจยตาปฏิจฺจสมุปฺปาโท
19	7	2	Anaññātaññassāmītindriyassa	อนญฺญาตญฺญสฺสามีตินฺทฺริยสฺส
19	7	1	Nevavipākanavipākadhammadhamme	เนววิปากนวิปากธมฺมธมฺเม
19	7	1	saṃyojanavippayuttaasaṃyojaniyo	สํโยชนวิปฺปยุตฺตอสํโยชนิโย
18	7	1	nanevācayagāmināpacayagāmī	นเนวาจยคามินาปจยคามี
17	7	1	Paccayacatukkahetuārammaṇa	ปจฺจยจตุกฺกเหตุอารมฺมณ
16	7	5	asucisaṅkassarasamācāro	อสุจิสงฺกสฺสรสมาจาโร
16	7	2	cakkhuviññāṇaviññātabbe	จกฺขุวิญฺญาณวิญฺญาตพฺเพ
16	7	2	manoviññāṇaviññātabbe	มโนวิญฺญาณวิญฺญาตพฺเพ
15	7	4	Viññāṇañcāyatanūpagānaṃ	วิญฺญาณญฺจายตนูปคานํ
15	7	1	arūpadhātupariyāpannoti	อรูปธาตุปริยาปนฺโนติ
15	7	3	bhāvanānuyogamanuyutto	ภาวนานุโยคมนุยุตฺโต
15	7	1	nasaññojanavippayuttañca	นสญฺโญชนวิปฺปยุตฺตญฺจ
15	7	1	nevasekkhanāsekkhānaṃ	เนวเสกฺขนาเสกฺขานํ
15	7	1	pokkharaṇīrāmaṇeyyakan	โปกฺขรณีรามเณยฺยกนฺ
15	7	2	pārivāsikachandadānena	ปาริวาสิกฉนฺททาเนน
15	7	1	pārājikāpattikkhandho	ปาราชิกาปตฺติกฺขนฺโธ
15	7	1	sabbacirappaṭicchannāyo	สพฺพจิรปฺปฏิจฺฉนฺนาโย
15	7	1	saṃyojanasampayuttañceva	สํโยชนสมฺปยุตฺตญฺเจว
15	7	3	ubhatolohitakūpadhānāni	อุภโตโลหิตกูปธานานิ
20	6	2	gilānapaccayabhesajjaparikkhāre	คิลานปจฺจยเภสชฺชปริกฺขาเร
19	6	3	Sāriputtamoggallānappamukho	สาริปุตฺตโมคฺคลฺลานปฺปมุโข
19	6	1	Tindukakhāṇuparibbājakārāmo	ตินฺทุกขาณุปริพฺพาชการาโม
19	6	5	nevasaññānāsaññāyatanūpagā	เนวสญฺญานาสญฺญายตนูปคา
18	6	2	Mahāviyūhakūṭāgārappamukhāni	มหาวิยูหกูฏาคารปฺปมุขานิ
18	6	1	pubbenivāsānussatiñāṇena	ปุพฺเพนิวาสานุสฺสติญาเณน
17	6	2	Citakapūjakattherassāpadānaṃ	จิตกปูชกตฺเถรสฺสาปทานํ
17	6	2	Kusāvatīrājadhānippamukhāni	กุสาวตีราชธานิปฺปมุขานิ
17	6	1	adhipaññādhammavipassanāyā	อธิปญฺญาธมฺมวิปสฺสนายา
17	6	1	sabbupādānapariññāvādā	สพฺพุปาทานปริญฺญาวาทา
17	6	4	sammāpaṭipattādhikaraṇahetu	สมฺมาปฏิปตฺตาธิกรณเหตุ
16	6	1	asaññattabhāvapaṭilābhoti	อสญฺญตฺตภาวปฏิลาโภติ
16	6	1	oghavippayuttaanoghaniyo	โอฆวิปฺปยุตฺตอโนฆนิโย
16	6	4	pañcupādānakkhandhātissa	ปญฺจุปาทานกฺขนฺธาติสฺส
16	6	3	tiracchānayonisaṃvattaniko	ติรจฺฉานโยนิสํวตฺตนิโก
16	6	1	vimuttiñāṇadassanānisaṃso	วิมุตฺติญาณทสฺสนานิสํโส
15	6	2	Citakapūjakattheraapadāna	จิตกปูชกตฺเถรอปทาน
15	6	1	Sīlasampadādisuttapañcaka	สีลสมฺปทาทิสุตฺตปญฺจก
15	6	4	bhāvanānuyogamanuyuttā	ภาวนานุโยคมนุยุตฺตา
15	6	2	pariṇāyakaratanappamukhāni	ปริณายกรตนปฺปมุขานิ
15	6	1	yathābhūtañāṇadassanattho	ยถาภูตญาณทสฺสนตฺโถ
15	6	2	Ñāṇadassanappaṭilābhāya	ญาณทสฺสนปฺปฏิลาภาย
15	6	3	Ākiñcaññāyatanūpagānaṃ	อากิญฺจญฺญายตนูปคานํ
35	5	1	diṭṭhirāgābhinivesavinibandhapaligedhapariyuṭṭhānajjhosānaṃ	ทิฏฺฐิราคาภินิเวสวินิพนฺธปลิเคธปริยุฏฺฐานชฺโฌสานํ
35	5	1	kāmarāgābhinivesavinibandhapaligedhapariyuṭṭhānajjhosānaṃ	กามราคาภินิเวสวินิพนฺธปลิเคธปริยุฏฺฐานชฺโฌสานํ
23	5	2	qaṃsamakasavātātapasarīsapasamphassena	qอํสมกสวาตาตปสรีสปสมฺผสฺเสน
22	5	3	gilānappaccayabhesajjaparikkhārena	คิลานปฺปจฺจยเภสชฺชปริกฺขาเรน
19	5	3	lābhasakkārasilokapaṭisaṃyutto	ลาภสกฺการสิโลกปฏิสํยุตฺโต
19	5	1	vedanāvipariṇāmaññathābhāvā	เวทนาวิปริณามญฺญถาภาวา
18	5	1	Saṅkhārakkhandhapariyāpannoti	สงฺขารกฺขนฺธปริยาปนฺโนติ
18	5	3	asubhabhāvanānuyogamanuyuttā	อสุภภาวนานุโยคมนุยุตฺตา
18	5	3	diṭṭhadhammasukhavihāramanuyutto	ทิฏฺฐธมฺมสุขวิหารมนุยุตฺโต
18	5	3	lābhasakkārasilokānisaṃsatthaṃ	ลาภสกฺการสิโลกานิสํสตฺถํ
18	5	1	nevācayagāmināpacayagāmīnaṃ	เนวาจยคามินาปจยคามีนํ
18	5	1	saṅkhārakkhandhapariyāpannanti	สงฺขารกฺขนฺธปริยาปนฺนนฺติ
18	5	1	saṅkhārakkhandhapariyāpannāti	สงฺขารกฺขนฺธปริยาปนฺนาติ
17	5	2	Uposathanāgarājappamukhāni	อุโปสถนาคราชปฺปมุขานิ
17	5	1	adhipaññāsikkhāsamādāne	อธิปญฺญาสิกฺขาสมาทาเน
17	5	2	asammāsambuddhappavedito	อสมฺมาสมฺพุทฺธปฺปเวทิโต
17	5	2	cakkhuviññāṇaviññātabbesu	จกฺขุวิญฺญาณวิญฺญาตพฺเพสุ
17	5	2	manoviññāṇaviññātabbesu	มโนวิญฺญาณวิญฺญาตพฺเพสุ
17	5	1	naupādinnupādāniyassa	นฺเอาปาทินฺนุปาทานิยสฺส
17	5	1	yathābhūtañāṇadassanānisaṃso	ยถาภูตญาณทสฺสนานิสํโส
16	5	1	Sāriputtamoggallānehi	สาริปุตฺตโมคฺคลฺลาเนหิ
16	5	1	adhicittasikkhāsamādāne	อธิจิตฺตสิกฺขาสมาทาเน
16	5	1	itivādappamokkhānisaṃsā	อิติวาทปฺปโมกฺขานิสํสา
16	5	4	nevasaññānāsaññāyatana	เนวสญฺญานาสญฺญายตน
16	5	2	parisuddhaveyyākaraṇomhī	ปริสุทฺธเวยฺยากรโณมฺหี
16	5	1	santarabāhirabandhanabaddho	สนฺตรพาหิรพนฺธนพทฺโธ
15	5	3	Anupādāparinibbānatthaṃ	อนุปาทาปรินิพฺพานตฺถํ
15	5	1	Uppannuppajjamānavāra	อุปฺปนฺนุปฺปชฺชมานวาร
15	5	3	acchariyabbhutacittajātā	อจฺฉริยพฺภุตจิตฺตชาตา
15	5	1	adhisīlasikkhāsamādāne	อธิสีลสิกฺขาสมาทาเน
15	5	1	anunayappaṭighavippamutto	อนุนยปฺปฏิฆวิปฺปมุตฺโต
15	5	1	anunayappaṭighavippamuttā	อนุนยปฺปฏิฆวิปฺปมุตฺตา
15	5	2	aparisuddhaveyyākaraṇo	อปริสุทฺธเวยฺยากรโณ
15	5	3	asaṅkhāraparinibbāyissa	อสงฺขารปรินิพฺพายิสฺส
15	5	3	dukkhadomanassupāyāsā	ทุกฺขโทมนสฺสุปายาสา
15	5	3	mahāudakakkhandhotveva	มหาอุทกกฺขนฺโธเตฺวว
15	5	2	parisuddhadhammadesanomhī	ปริสุทฺธธมฺมเทสโนมฺหี
15	5	2	paṭhamajjhānasamāpattiyā	ปฐมชฺฌานสมาปตฺติยา
15	5	1	saññattabhāvapaṭilābhoti	สญฺญตฺตภาวปฏิลาโภติ
15	5	3	udakāḷhakasatasahassānī	อุทกาฬฺหกสตสหสฺสานี
41	4	1	itarītaracīvarapiṇḍapātasenāsanagilānapaccayabhesajjaparikkhārehi	อิตรีตรจีวรปิณฺฑปาตเสนาสนคิลานปจฺจยเภสชฺชปริกฺขาเรหิ
30	4	1	sokaparidevadukkhadomanassupāyāsasaṃvattanikesu	โสกปริเทวทุกฺขโทมนสฺสุปายาสสํวตฺตนิเกสุ
27	4	2	sokaparidevadukkhadomanassupāyāsadhammato	โสกปริเทวทุกฺขโทมนสฺสุปายาสธมฺมโต
24	4	1	sokaparidevadukkhadomanassūpāyāsāti	โสกปริเทวทุกฺขโทมนสฺสูปายาสาติ
24	4	2	vīriyasamādhipadhānasaṅkhārasamannāgato	วีริยสมาธิปธานสงฺขารสมนฺนาคโต
23	4	1	sokaparidevadukkhadomanassūpāyāsā	โสกปริเทวทุกฺขโทมนสฺสูปายาสา
23	4	1	vedanānupassanāsatipaṭṭhānabhāvanā	เวทนานุปสฺสนาสติปฏฺฐานภาวนา
22	4	2	nevasaññānāsaññāyatanūpapattiyā	เนวสญฺญานาสญฺญายตนูปปตฺติยา
21	4	1	Nappaṭippassambhetabbaaṭṭhārasaka	นปฺปฏิปฺปสฺสมฺเภตพฺพอฏฺฐารสก
21	4	1	Nappaṭippassambhetabbaaṭṭhārasakaṃ	นปฺปฏิปฺปสฺสมฺเภตพฺพอฏฺฐารสกํ
21	4	2	gilānapaccayabhesajjaparikkhārena	คิลานปจฺจยเภสชฺชปริกฺขาเรน
20	4	1	nevavipākanavipākadhammadhammānaṃ	เนววิปากนวิปากธมฺมธมฺมานํ
19	4	1	kāmasukhallikānuyogamanuyuttā	กามสุขลฺลิกานุโยคมนุยุตฺตา
19	4	2	puttadāradāsakammakaraporise	ปุตฺตทารทาสกมฺมกรโปริเส
19	4	1	pādukamaṇḍanānuyogamanuyuttā	ปาทุกมณฺฑนานุโยคมนุยุตฺตา
18	4	2	Buddhasaññakattherassāpadānaṃ	พุทฺธสญฺญกตฺเถรสฺสาปทานํ
18	4	1	Saddasaññakattherassāpadānaṃ	สทฺทสญฺญกตฺเถรสฺสาปทานํ
18	4	2	Tissametteyyamāṇavapucchā	ติสฺสเมตฺเตยฺยมาณวปุจฺฉา
18	4	2	abbhantaradhātuppakopavasena	อพฺภนฺตรธาตุปฺปโกปวเสน
18	4	1	phoṭṭhabbadhātupariyāpannoti	โผฏฺฐพฺพธาตุปริยาปนฺโนติ
18	4	1	tiracchānagatamanussaviggahena	ติรจฺฉานคตมนุสฺสวิคฺคเหน
17	4	1	Nasaññojanavippayuttañceva	นสญฺโญชนวิปฺปยุตฺตญฺเจว
17	4	1	Phaladāyakattherassāpadānaṃ	ผลทายกตฺเถรสฺสาปทานํ
17	4	1	Tiracchānagatubhatobyañjanakaṃ	ติรจฺฉานคตุภโตพฺยญฺชนกํ
17	4	2	Valāhakaassarājappamukhāni	วลาหกอสฺสราชปฺปมุขานิ
17	4	1	jivhāviññāṇaviññātabbe	ชิวฺหาวิญฺญาณวิญฺญาตพฺเพ
17	4	3	micchāpaṭipattādhikaraṇahetu	มิจฺฉาปฏิปตฺตาธิกรณเหตุ
17	4	3	nevasaññānāsaññāyatanan	เนวสญฺญานาสญฺญายตนนฺ
17	4	1	phoṭṭhabbadhātupariyāpanno	โผฏฺฐพฺพธาตุปริยาปนฺโน
17	4	2	ākiñcaññāyatanūpapattiyā	อากิญฺจญฺญายตนูปปตฺติยา
16	4	1	Amanussubhatobyañjanakassa	อมนุสฺสุภโตพฺยญฺชนกสฺส
16	4	2	Buddhasaññakattheraapadāna	พุทฺธสญฺญกตฺเถรอปทาน
16	4	1	Dhammānudhammappaṭipannassa	ธมฺมานุธมฺมปฺปฏิปนฺนสฺส
16	4	1	Katamakkhandhapariyāpannanti	กตมกฺขนฺธปริยาปนฺนนฺติ
16	4	1	Katamakkhandhapariyāpannoti	กตมกฺขนฺธปริยาปนฺโนติ
16	4	1	Paccayacatukkaārammaṇādi	ปจฺจยจตุกฺกอารมฺมณาทิ
16	4	2	Saraṇagamaniyattheraapadāna	สรณคมนิยตฺเถรอปทาน
16	4	1	Vajjappaṭicchādanapaccayā	วชฺชปฺปฏิจฺฉาทนปจฺจยา
16	4	2	jāgariyānuyogamanuyutto	ชาคริยานุโยคมนุยุตฺโต
16	4	4	kadalimigapavarapaccattharaṇo	กทลิมิคปวรปจฺจตฺถรโณ
16	4	1	lābhasakkārasilokassetaṃ	ลาภสกฺการสิโลกสฺเสตํ
16	4	1	nanaupekkhāsahagatañca	นนฺเอาเปกฺขาสหคตญฺจ
16	4	2	parānuddayatāpaṭisaṃyutto	ปรานุทฺทยตาปฏิสํยุตฺโต
16	4	2	sevālapaṇakapariyonaddho	เสวาลปณกปริโยนทฺโธ
16	4	2	upekkhāsambojjhaṅgoti	อุเปกฺขาสมฺโพชฺฌงฺโคติ
16	4	2	viññāṇupādānakkhandhoti	วิญฺญาณุปาทานกฺขนฺโธติ
15	4	1	Manussubhatobyañjanakassa	มนุสฺสุภโตพฺยญฺชนกสฺส
15	4	1	Phaladāyakattheraapadāna	ผลทายกตฺเถรอปทาน
15	4	1	Sabbākusalābhisaṅkhāre	สพฺพากุสลาภิสงฺขาเร
15	4	1	Tathāgatappavediteheva	ตถาคตปฺปเวทิเตเหว
15	4	1	anabhiratasaññāparicitena	อนภิรตสญฺญาปริจิเตน
15	4	3	anurodhavirodhavippahīno	อนุโรธวิโรธวิปฺปหีโน
15	4	1	assaddhammasamannāgato	อสฺสทฺธมฺมสมนฺนาคโต
15	4	1	domanassupāyāsadhammā	โทมนสฺสุปายาสธมฺมา
15	4	1	kāmarāgapariyuṭṭhānanti	กามราคปริยุฏฺฐานนฺติ
15	4	1	nanaupekkhāsahagato	นนฺเอาเปกฺขาสหคโต
15	4	1	nevattānukkaṃsessāma	เนวตฺตานุกฺกํเสสฺสาม
15	4	1	nibbānādhimuttohamasmī	นิพฺพานาธิมุตฺโตหมสฺมี
15	4	2	niruttipaṭisambhidāpatto	นิรุตฺติปฏิสมฺภิทาปตฺโต
15	4	1	paracittapariyāyakusalena	ปรจิตฺตปริยายกุสเลน
15	4	2	pañcahupādānakkhandhehi	ปญฺจหุปาทานกฺขนฺเธหิ
15	4	1	pācittiyāpattikkhandho	ปาจิตฺติยาปตฺติกฺขนฺโธ
15	4	1	saddadhātupariyāpannoti	สทฺทธาตุปริยาปนฺโนติ
15	4	1	upādānasampayuttañcā	อุปาทานสมฺปยุตฺตญฺจา
15	4	2	upāsakaupāsikāyo	อุปาสกฺเอาปาสิกาโย
36	3	3	cīvarapiṇḍapātasenāsanagilānapaccayabhesajjaparikkhārehi	จีวรปิณฺฑปาตเสนาสนคิลานปจฺจยเภสชฺชปริกฺขาเรหิ
30	3	1	sokaparidevadukkhadomanassupāyāsasaṃvattanikepi	โสกปริเทวทุกฺขโทมนสฺสุปายาสสํวตฺตนิเกปิ
29	3	2	aniccucchādanaparimaddanabhedanaviddhaṃsanadhammassa	อนิจฺจุจฺฉาทนปริมทฺทนเภทนวิทฺธํสนธมฺมสฺส
28	3	1	gambhīranipuṇaduddasaduranubodhasukhumaduppaṭivedhataṃ	คมฺภีรนิปุณทุทฺทสทุรนุโพธสุขุมทุปฺปฏิเวธตํ
28	3	2	sokaparidevadukkhadomanassupāyāsapapātampi	โสกปริเทวทุกฺขโทมนสฺสุปายาสปปาตมฺปิ
27	3	3	Sokaparidevadukkhadomanassupāyāsadhammānaṃ	โสกปริเทวทุกฺขโทมนสฺสุปายาสธมฺมานํ
26	3	1	samaṇabrāhmaṇakapaṇaddhikavanibbakayācakānaṃ	สมณพฺราหฺมณกปณทฺธิกวนิพฺพกยาจกานํ
26	3	3	samaṇabrāhmaṇakapaṇaddhikavaṇibbakayācakānaṃ	สมณพฺราหฺมณกปณทฺธิกวณิพฺพกยาจกานํ
26	3	1	vīmaṃsāsamādhippadhānasaṅkhārasamannāgato	วีมํสาสมาธิปฺปธานสงฺขารสมนฺนาคโต
25	3	1	chandasamādhippadhānasaṅkhārasamannāgato	ฉนฺทสมาธิปฺปธานสงฺขารสมนฺนาคโต
25	3	1	cittasamādhippadhānasaṅkhārasamannāgato	จิตฺตสมาธิปฺปธานสงฺขารสมนฺนาคโต
25	3	3	utuparissayavinodanapaṭisallānārāmatthaṃ	อุตุปริสฺสยวิโนทนปฏิสลฺลานารามตฺถํ
25	3	1	vīriyasamādhippadhānasaṅkhārasamannāgato	วีริยสมาธิปฺปธานสงฺขารสมนฺนาคโต
24	3	2	Cittasamādhippadhānasaṅkhārasamannāgataṃ	จิตฺตสมาธิปฺปธานสงฺขารสมนฺนาคตํ
24	3	2	Vīriyasamādhippadhānasaṅkhārasamannāgataṃ	วีริยสมาธิปฺปธานสงฺขารสมนฺนาคตํ
24	3	1	sokaparidevadukkhadomanussupāyāsāti	โสกปริเทวทุกฺขโทมนุสฺสุปายาสาติ
23	3	2	qaṃsamakasavātātapasarīsapasamphassehi	qอํสมกสวาตาตปสรีสปสมฺผสฺเสหิ
22	3	1	cittānupassanāsatipaṭṭhānabhāvanā	จิตฺตานุปสฺสนาสติปฏฺฐานภาวนา
22	3	2	sokaparidevadukkhadomanassupāyāsa	โสกปริเทวทุกฺขโทมนสฺสุปายาส
22	3	2	ḍaṃsamakasavātātapasarīsapasamphassehi	ฑํสมกสวาตาตปสรีสปสมฺผสฺเสหิ
21	3	1	sakkāyanirodhagāminippaṭipadanto	สกฺกายนิโรธคามินิปฺปฏิปทนฺโต
20	3	2	Koraṇḍapupphiyattherassāpadānaṃ	โกรณฺฑปุปฺผิยตฺเถรสฺสาปทานํ
20	3	1	Sāriputtamoggallānappamukhāni	สาริปุตฺตโมคฺคลฺลานปฺปมุขานิ
20	3	2	cittālaṅkāracittaparikkhāratthaṃ	จิตฺตาลงฺการจิตฺตปริกฺขารตฺถํ
20	3	1	lābhasakkārasilokappaṭilābhāya	ลาภสกฺการสิโลกปฺปฏิลาภาย
20	3	1	punappunaattabhāvābhinibbattiyā	ปุนปฺปุนอตฺตภาวาภินิพฺพตฺติยา
20	3	1	tiracchānagatamanussaviggahitthiyā	ติรจฺฉานคตมนุสฺสวิคฺคหิตฺถิยา
20	3	1	upekkhāsambojjhaṅgaṭṭhānīyā	อุเปกฺขาสมฺโพชฺฌงฺคฏฺฐานียา
19	3	2	Sāriputtamoggallānappamukhe	สาริปุตฺตโมคฺคลฺลานปฺปมุเข
19	3	1	Tiracchānagatubhatobyañjanakassa	ติรจฺฉานคตุภโตพฺยญฺชนกสฺส
19	3	2	aniccucchādanaparimaddanabhedana	อนิจฺจุจฺฉาทนปริมทฺทนเภทน
19	3	1	saṅkhāravipariṇāmaññathābhāvā	สงฺขารวิปริณามญฺญถาภาวา
19	3	2	surāmerayamajjapamādaṭṭhāyinī	สุราเมรยมชฺชปมาทฏฺฐายินี
18	3	1	Ambalaṭṭhikarāhulovādasutta	อมฺพลฏฺฐิกราหุโลวาทสุตฺต
18	3	2	Koraṇḍapupphiyattheraapadāna	โกรณฺฑปุปฺผิยตฺเถรอปทาน
18	3	2	Mañcadāyakattherassāpadānaṃ	มญฺจทายกตฺเถรสฺสาปทานํ
18	3	1	Nevasaññānāsaññāyatanato	เนวสญฺญานาสญฺญายตนโต
18	3	2	Saraṇagamaniyattherassāpadānaṃ	สรณคมนิยตฺเถรสฺสาปทานํ
18	3	3	Sasaṅkhāraniggayhavāritavato	สสงฺขารนิคฺคยฺหวาริตวโต
18	3	2	Vedikārakattherassāpadānaṃ	เวทิการกตฺเถรสฺสาปทานํ
18	3	1	evaṃsukhadukkhappaṭisaṃvediniyo	เอวํสุขทุกฺขปฺปฏิสํเวทินิโย
18	3	1	khandhasārasākhāparivitthiṇṇā	ขนฺธสารสาขาปริวิตฺถิณฺณา
18	3	1	kilesavippayuttaasaṃkilesikan	กิเลสวิปฺปยุตฺตอสํกิเลสิกนฺ
18	3	1	kāyānupassanāsatipaṭṭhāne	กายานุปสฺสนาสติปฏฺฐาเน
18	3	2	nevasaññānāsaññāyatananti	เนวสญฺญานาสญฺญายตนนฺติ
18	3	1	saṃyojanavippayuttasaṃyojaniyan	สํโยชนวิปฺปยุตฺตสํโยชนิยนฺ
18	3	3	vikaṭabhojanānuyogamanuyutto	วิกฏโภชนานุโยคมนุยุตฺโต
17	3	1	Payogappaṭippassaddhipaññā	ปโยคปฺปฏิปฺปสฺสทฺธิปญฺญา
17	3	1	Sādhipatiindriyamaggaghaṭanā	สาธิปติอินฺทฺริยมคฺคฆฏนา
17	3	1	jūtappamādaṭṭhānānuyoge	ชูตปฺปมาทฏฺฐานานุโยเค
17	3	1	kilesavippayuttasaṃkilesikan	กิเลสวิปฺปยุตฺตสํกิเลสิกนฺ
17	3	1	nevācayagāmināpacayagāmi	เนวาจยคามินาปจยคามิ
17	3	1	Ākāsānañcāyatanampāhaṃ	อากาสานญฺจายตนมฺปาหํ
16	3	2	Mañcadāyakattheraapadāna	มญฺจทายกตฺเถรอปทาน
16	3	1	Saddasaññakattheraapadāna	สทฺทสญฺญกตฺเถรอปทาน
16	3	1	Sahāvasaddassanasampadāya	สหาวสทฺทสฺสนสมฺปทาย
16	3	2	Sammāsambuddhappavedite	สมฺมาสมฺพุทฺธปฺปเวทิเต
16	3	2	Vedikārakattheraapadāna	เวทิการกตฺเถรอปทาน
16	3	1	aparāpariyavedanīyaṭṭhena	อปราปริยเวทนียฏฺเฐน
16	3	1	cittapārisuddhipadhāniyaṅgaṃ	จิตฺตปาริสุทฺธิปธานิยงฺคํ
16	3	1	dhammānudhammappaṭipattiyā	ธมฺมานุธมฺมปฺปฏิปตฺติยา
16	3	1	diṭṭhipārisuddhipadhāniyaṅgaṃ	ทิฏฺฐิปาริสุทฺธิปธานิยงฺคํ
16	3	1	nīvaraṇavippayuttanīvaraṇiyan	นีวรณวิปฺปยุตฺตนีวรณิยนฺ
16	3	2	paṭibhānapaṭisambhidāpatto	ปฏิภานปฏิสมฺภิทาปตฺโต
16	3	1	paṭinissayaghātapaññattiyā	ปฏินิสฺสยฆาตปญฺญตฺติยา
16	3	1	pītisambojjhaṅgaṭṭhānīyā	ปีติสมฺโพชฺฌงฺคฏฺฐานียา
16	3	1	satisambojjhaṅgaṭṭhānīyā	สติสมฺโพชฺฌงฺคฏฺฐานียา
16	3	1	uccāliṅgapāṇakadaṭṭhena	อุจฺจาลิงฺคปาณกทฏฺเฐน
16	3	1	vipākanavipākadhammadhammā	วิปากนวิปากธมฺมธมฺมา
16	3	3	ādesanāpāṭihāriyena	อาเทสนาปาฏิหาริเยน
16	3	1	āhārūparodhasseveso	อาหารูปโรธสฺเสเวโส
16	3	1	ānāpānassatisamādhimhi	อานาปานสฺสติสมาธิมฺหิ
16	3	1	āsavavippayuttaanāsavan	อาสววิปฺปยุตฺตอนาสวนฺ
15	3	1	Anāthapiṇḍikovādasutta	อนาถปิณฺฑิโกวาทสุตฺต
15	3	1	Atirekadvattipariyāye	อติเรกทฺวตฺติปริยาเย
15	3	1	Atirekadvattipattapūre	อติเรกทฺวตฺติปตฺตปูเร
15	3	1	Nakilesavippayuttañceva	นกิเลสวิปฺปยุตฺตญฺเจว
15	3	1	Nasaññojanasampayuttañca	นสญฺโญชนสมฺปยุตฺตญฺจ
15	3	1	Pārāpariyattheragāthā	ปาราปริยตฺเถรคาถา
15	3	1	Sīlapārisuddhipadhāniyaṅgaṃ	สีลปาริสุทฺธิปธานิยงฺคํ
15	3	2	Taraṇiyattherassāpadānaṃ	ตรณิยตฺเถรสฺสาปทานํ
15	3	3	Vāseṭṭhabhāradvājānaṃ	วาเสฏฺฐภารทฺวาชานํ
15	3	1	arūpattabhāvapaṭilābhoti	อรูปตฺตภาวปฏิลาโภติ
15	3	1	assaramānappaṭicchanno	อสฺสรมานปฺปฏิจฺฉนฺโน
15	3	1	assaramānappaṭicchannā	อสฺสรมานปฺปฏิจฺฉนฺนา
15	3	1	aññamaññavuṭṭhāpanenā	อญฺญมญฺญวุฏฺฐาปเนนา
15	3	1	aṭṭhārasamanopavicāro	อฏฺฐารสมโนปวิจาโร
15	3	1	brahmacariyapariyosānan	พฺรหฺมจริยปริโยสานนฺ
15	3	1	diṭṭhadhammavedanīyaṭṭhena	ทิฏฺฐธมฺมเวทนียฏฺเฐน
15	3	3	jighacchādubbalyapareto	ชิฆจฺฉาทุพฺพลฺยปเรโต
15	3	1	lokuttaradukatikajjhānā	โลกุตฺตรทุกติกชฺฌานา
15	3	1	nibbattanibbattaṭṭhāne	นิพฺพตฺตนิพฺพตฺตฏฺฐาเน
15	3	1	nibbematikappaṭicchanno	นิพฺเพมติกปฺปฏิจฺฉนฺโน
15	3	1	nibbematikappaṭicchannā	นิพฺเพมติกปฺปฏิจฺฉนฺนา
15	3	2	pārisuddhipadhāniyaṅgāni	ปาริสุทฺธิปธานิยงฺคานิ
15	3	1	rūpāvacaradukatikajjhānā	รูปาวจรทุกติกชฺฌานา
15	3	1	sammāsaṅkappagocaroti	สมฺมาสงฺกปฺปโคจโรติ
15	3	2	āneñjābhisaṅkhārena	อาเนญฺชาภิสงฺขาเรน
15	3	1	ārammaṇūpaṭṭhānakusalo	อารมฺมณูปฏฺฐานกุสโล
15	3	1	āsavavippayuttasāsavan	อาสววิปฺปยุตฺตสาสวนฺ
42	2	1	itarītaracīvarapiṇḍapātasenāsanagilānappaccayabhesajjaparikkhārena	อิตรีตรจีวรปิณฺฑปาตเสนาสนคิลานปฺปจฺจยเภสชฺชปริกฺขาเรน
36	2	1	cīvarapiṇḍapātasenāsanagilānappaccayabhesajjaparikkhāran	จีวรปิณฺฑปาตเสนาสนคิลานปฺปจฺจยเภสชฺชปริกฺขารนฺ
32	2	1	diṭṭhiṭṭhānādhiṭṭhānapariyuṭṭhānābhinivesānusayānaṃ	ทิฏฺฐิฏฺฐานาธิฏฺฐานปริยุฏฺฐานาภินิเวสานุสยานํ
29	2	1	gilānappaccayabhesajjaparikkhārānuppadānena	คิลานปฺปจฺจยเภสชฺชปริกฺขารานุปฺปทาเนน
29	2	2	itarītaracīvarapiṇḍapātasenāsanagilānappaccaya	อิตรีตรจีวรปิณฺฑปาตเสนาสนคิลานปฺปจฺจย
29	2	1	sokaparidevadukkhadomanassupāyāsandhakārampi	โสกปริเทวทุกฺขโทมนสฺสุปายาสนฺธการมฺปิ
28	2	1	Nevadassanenanabhāvanāyapahātabbahetukapada	เนวทสฺสเนนนภาวนายปหาตพฺพเหตุกปท
27	2	1	nānattekattaviññāṇacariyāpariyogāhaṇe	นานตฺเตกตฺตวิญฺญาณจริยาปริโยคาหเณ
26	2	1	nevācayagāmināpacayagāmicittasamaṅgissa	เนวาจยคามินาปจยคามิจิตฺตสมงฺคิสฺส
26	2	1	sandosabyāpattiakusalasañcetanikāhetu	สนฺโทสพฺยาปตฺติอกุสลสญฺเจตนิกาเหตุ
25	2	1	saṃyojanābhinivesavinibandhājjhosānāti	สํโยชนาภินิเวสวินิพนฺธาชฺโฌสานาติ
25	2	1	surāmerayamajjappamādaṭṭhānānuyoge	สุราเมรยมชฺชปฺปมาทฏฺฐานานุโยเค
24	2	1	cittasamādhipadhānasaṅkhārasamannāgato	จิตฺตสมาธิปธานสงฺขารสมนฺนาคโต
24	2	1	saṃyojanābhinivesavinibandhājjhosānā	สํโยชนาภินิเวสวินิพนฺธาชฺโฌสานา
23	2	1	anavaññattipaṭisaṃyuttavitakkavaḍḍhananti	อนวญฺญตฺติปฏิสํยุตฺตวิตกฺกวฑฺฒนนฺติ
23	2	1	gilānappaccayabhesajjaparikkhārānan	คิลานปฺปจฺจยเภสชฺชปริกฺขารานนฺ
23	2	1	nanocittasaṃsaṭṭhasamuṭṭhānānuparivattiṃ	นโนจิตฺตสํสฏฺฐสมุฏฺฐานานุปริวตฺติํ
23	2	2	sokaparidevadukkhadomanussupāyāsā	โสกปริเทวทุกฺขโทมนุสฺสุปายาสา
22	2	1	nevasaññānāsaññāyatanādhimutto	เนวสญฺญานาสญฺญายตนาธิมุตฺโต
22	2	1	samādhijapītisukhassādasaṃyojanasaṃyuttaṃ	สมาธิชปีติสุขสฺสาทสํโยชนสํยุตฺตํ
22	2	1	vivekajapītisukhassādasaṃyojanasaṃyuttaṃ	วิเวกชปีติสุขสฺสาทสํโยชนสํยุตฺตํ
21	2	2	Ekadussadāyakattherassāpadānaṃ	เอกทุสฺสทายกตฺเถรสฺสาปทานํ
21	2	2	Ekāsanadāyakattherassāpadānaṃ	เอกาสนทายกตฺเถรสฺสาปทานํ
21	2	1	nacittasaṃsaṭṭhasamuṭṭhānānuparivattī	นจิตฺตสํสฏฺฐสมุฏฺฐานานุปริวตฺตี
21	2	1	upekkhāsukhassādasaṃyojanasaṃyuttaṃ	อุเปกฺขาสุขสฺสาทสํโยชนสํยุตฺตํ
21	2	1	ussoḷhipannarasaṅgasamannāgato	อุสฺโสฬฺหิปนฺนรสงฺคสมนฺนาคโต
20	2	1	Anulepadāyakattherassāpadānaṃ	อนุเลปทายกตฺเถรสฺสาปทานํ
20	2	1	Aṅkolapupphiyattherassāpadānaṃ	องฺโกลปุปฺผิยตฺเถรสฺสาปทานํ
20	2	1	Nevavipākanavipākadhammadhammehi	เนววิปากนวิปากธมฺมธมฺเมหิ
20	2	1	Nigguṇḍipupphiyattherassāpadānaṃ	นิคฺคุณฺฑิปุปฺผิยตฺเถรสฺสาปทานํ
20	2	1	Punnāgapupphiyattherassāpadānaṃ	ปุนฺนาคปุปฺผิยตฺเถรสฺสาปทานํ
20	2	2	Tiṇamuṭṭhidāyakattherassāpadānaṃ	ติณมุฏฺฐิทายกตฺเถรสฺสาปทานํ
20	2	2	Upayupādānābhinivesavinibandho	อุปยุปาทานาภินิเวสวินิพนฺโธ
20	2	2	accantaanupādāvimokkhenāti	อจฺจนฺตอนุปาทาวิโมกฺเขนาติ
20	2	1	dhammanimittassādasaṃyojanasaṃyuttaṃ	ธมฺมนิมิตฺตสฺสาทสํโยชนสํยุตฺตํ
20	2	1	maggāmaggañāṇadassanavisuddhatthaṃ	มคฺคามคฺคญาณทสฺสนวิสุทฺธตฺถํ
20	2	1	sappitelanavanītadadhimadhuphāṇitena	สปฺปิเตลนวนีตทธิมธุผาณิเตน
20	2	2	sasaṅkhāraniggayhavāriyādhigato	สสงฺขารนิคฺคยฺหวาริยาธิคโต
20	2	1	uccāliṅgapāṇakadaṭṭhūpatthambhe	อุจฺจาลิงฺคปาณกทฏฺฐูปตฺถมฺเภ
20	2	1	Ārakkhadāyakattherassāpadānaṃ	อารกฺขทายกตฺเถรสฺสาปทานํ
19	2	2	Abbhañjanadāyakattheraapadāna	อพฺภญฺชนทายกตฺเถรอปทาน
19	2	1	Animittavihārasamāpattatthāya	อนิมิตฺตวิหารสมาปตฺตตฺถาย
19	2	1	Annasaṃsāvakattherassāpadānaṃ	อนฺนสํสาวกตฺเถรสฺสาปทานํ
19	2	1	Biḷālidāyakattherassāpadānaṃ	พิฬาลิทายกตฺเถรสฺสาปทานํ
19	2	1	Campakapupphiyattherassāpadānaṃ	จมฺปกปุปฺผิยตฺเถรสฺสาปทานํ
19	2	2	Ekadussadāyakattheraapadāna	เอกทุสฺสทายกตฺเถรอปทาน
19	2	2	Ekāsanadāyakattheraapadāna	เอกาสนทายกตฺเถรอปทาน
19	2	1	Kadambapupphiyattherassāpadānaṃ	กทมฺพปุปฺผิยตฺเถรสฺสาปทานํ
19	2	2	Nevasaññānāsaññāyatanūpage	เนวสญฺญานาสญฺญายตนูปเค
19	2	2	Nevasaññānāsaññāyatanūpago	เนวสญฺญานาสญฺญายตนูปโค
19	2	1	Nevācayagāmināpacayagāmipada	เนวาจยคามินาปจยคามิปท
19	2	2	Pilakkhaphaladāyakattheraapadāna	ปิลกฺขผลทายกตฺเถรอปทาน
19	2	2	Piyālaphaladāyakattheraapadāna	ปิยาลผลทายกตฺเถรอปทาน
19	2	1	Pāpanivāriyattherassāpadānaṃ	ปาปนิวาริยตฺเถรสฺสาปทานํ
19	2	1	Pāṭalipupphiyattherassāpadānaṃ	ปาฏลิปุปฺผิยตฺเถรสฺสาปทานํ
19	2	2	Sumanatālavaṇṭiyattheraapadāna	สุมนตาลวณฺฏิยตฺเถรอปทาน
19	2	1	Sāriputtamoggallānānañcā	สาริปุตฺตโมคฺคลฺลานานญฺจา
19	2	1	Sīlabbataparāmāsapariyuṭṭhitena	สีลพฺพตปรามาสปริยุฏฺฐิเตน
19	2	1	khaṇḍaphullapaṭisaṅkharaṇamattenapi	ขณฺฑผุลฺลปฏิสงฺขรณมตฺเตนปิ
19	2	1	nanocittasaṃsaṭṭhasamuṭṭhānasahabhuṃ	นโนจิตฺตสํสฏฺฐสมุฏฺฐานสหภุํ
19	2	1	naparalokavajjabhayadassāvinoti	นปรโลกวชฺชภยทสฺสาวิโนติ
19	2	1	rūpanimittassādasaṃyojanasaṃyuttaṃ	รูปนิมิตฺตสฺสาทสํโยชนสํยุตฺตํ
19	2	1	sabbossukkapaṭippassaddhattā	สพฺโพสฺสุกฺกปฏิปฺปสฺสทฺธตฺตา
19	2	2	sasaṅkhāraniggayhavārivāvato	สสงฺขารนิคฺคยฺหวาริวาวโต
19	2	2	sasaṅkhāraniggayhavārivāvaṭo	สสงฺขารนิคฺคยฺหวาริวาวโฏ
19	2	2	surāmerayamajjapamādaṭṭhāne	สุราเมรยมชฺชปมาทฏฺฐาเน
19	2	2	surāmerayamajjappamādaṭṭhāyī	สุราเมรยมชฺชปฺปมาทฏฺฐายี
19	2	1	ākāsānañcāyatanasaññāyā	อากาสานญฺจายตนสญฺญายา
18	2	2	Ambapiṇḍiyattherassāpadānaṃ	อมฺพปิณฺฑิยตฺเถรสฺสาปทานํ
18	2	1	Anulepadāyakattheraapadāna	อนุเลปทายกตฺเถรอปทาน
18	2	1	Aṅkolapupphiyattheraapadāna	องฺโกลปุปฺผิยตฺเถรอปทาน
18	2	2	Daṇḍadāyakattherassāpadānaṃ	ทณฺฑทายกตฺเถรสฺสาปทานํ
18	2	2	Ekachattiyattherassāpadānaṃ	เอกฉตฺติยตฺเถรสฺสาปทานํ
18	2	1	Ekasaññakattherassāpadānaṃ	เอกสญฺญกตฺเถรสฺสาปทานํ
18	2	1	Ekañjalikattherassāpadānaṃ	เอกญฺชลิกตฺเถรสฺสาปทานํ
18	2	1	Gandhodakiyattherassāpadānaṃ	คนฺโธทกิยตฺเถรสฺสาปทานํ
18	2	1	Ghatamaṇḍadāyakattheraapadāna	ฆตมณฺฑทายกตฺเถรอปทาน
18	2	1	Kumudamāliyattherassāpadānaṃ	กุมุทมาลิยตฺเถรสฺสาปทานํ
18	2	1	Nigguṇḍipupphiyattheraapadāna	นิคฺคุณฺฑิปุปฺผิยตฺเถรอปทาน
18	2	2	Nāgapupphiyattherassāpadānaṃ	นาคปุปฺผิยตฺเถรสฺสาปทานํ
18	2	1	Pañcahatthiyattherassāpadānaṃ	ปญฺจหตฺถิยตฺเถรสฺสาปทานํ
18	2	1	Paṇṇadāyakattherassāpadānaṃ	ปณฺณทายกตฺเถรสฺสาปทานํ
18	2	2	Paṭṭipupphiyattherassāpadānaṃ	ปฏฺฏิปุปฺผิยตฺเถรสฺสาปทานํ
18	2	1	Pilindavacchattherassāpadānaṃ	ปิลินฺทวจฺฉตฺเถรสฺสาปทานํ
18	2	1	Punnāgapupphiyattheraapadāna	ปุนฺนาคปุปฺผิยตฺเถรอปทาน
18	2	1	Sayanadāyakattherassāpadānaṃ	สยนทายกตฺเถรสฺสาปทานํ
18	2	1	Saḷalapupphiyattherassāpadānaṃ	สฬลปุปฺผิยตฺเถรสฺสาปทานํ
18	2	1	Suññatavihārasamāpattatthāya	สุญฺญตวิหารสมาปตฺตตฺถาย
18	2	1	Sīhāsanadāyakattheraapadāna	สีหาสนทายกตฺเถรอปทาน
18	2	1	Timirapupphiyattherassāpadānaṃ	ติมิรปุปฺผิยตฺเถรสฺสาปทานํ
18	2	2	Tiṇamuṭṭhidāyakattheraapadāna	ติณมุฏฺฐิทายกตฺเถรอปทาน
18	2	2	Udakadāyakattherassāpadānaṃ	อุทกทายกตฺเถรสฺสาปทานํ
18	2	1	Umāpupphiyattherassāpadānaṃ	อุมาปุปฺผิยตฺเถรสฺสาปทานํ
18	2	1	Yūthikapupphiyattherassāpadānaṃ	ยูถิกปุปฺผิยตฺเถรสฺสาปทานํ
18	2	2	anādeyyavācāsaṃvattaniko	อนาเทยฺยวาจาสํวตฺตนิโก
18	2	1	aparipuṇṇakosakoṭṭhāgāro	อปริปุณฺณโกสโกฏฺฐาคาโร
18	2	1	cittabhāvanānuyogamanuyuttā	จิตฺตภาวนานุโยคมนุยุตฺตา
18	2	1	cittālaṅkāracittaparikkhāraṃ	จิตฺตาลงฺการจิตฺตปริกฺขารํ
18	2	1	heṭṭhāmigāramātupāsāde	เหฏฺฐามิคารมาตุปาสาเท
18	2	1	itthannāmasenāsanavāsiko	อิตฺถนฺนามเสนาสนวาสิโก
18	2	1	jivhāviññāṇaviññātabbesu	ชิวฺหาวิญฺญาณวิญฺญาตพฺเพสุ
18	2	1	naanupādinnaanupādāniyañca	นอนุปาทินฺนอนุปาทานิยญฺจ
18	2	1	paṭipadāñāṇadassanavisuddhatthaṃ	ปฏิปทาญาณทสฺสนวิสุทฺธตฺถํ
18	2	2	rūpasaddagandharasaphoṭṭhabbāni	รูปสทฺทคนฺธรสโผฏฺฐพฺพานิ
18	2	1	samādhijapītisukhassādavinibandhaṃ	สมาธิชปีติสุขสฺสาทวินิพนฺธํ
18	2	1	saṃyojanābhinivesavinibandhāti	สํโยชนาภินิเวสวินิพนฺธาติ
18	2	1	vivekajapītisukhassādavinibandhaṃ	วิเวกชปีติสุขสฺสาทวินิพนฺธํ
18	2	1	vālaggakoṭinittudanamattopi	วาลคฺคโกฏินิตฺตุทนมตฺโตปิ
18	2	1	Ñāṇasaññikattherassāpadānaṃ	ญาณสญฺญิกตฺเถรสฺสาปทานํ
18	2	1	Ārakkhadāyakattheraapadāna	อารกฺขทายกตฺเถรอปทาน
17	2	1	Annasaṃsāvakattheraapadāna	อนฺนสํสาวกตฺเถรอปทาน
17	2	1	Arahattaphalasamāpattatthāya	อรหตฺตผลสมาปตฺตตฺถาย
17	2	1	Avaṭaphaliyattherassāpadānaṃ	อวฏผลิยตฺเถรสฺสาปทานํ
17	2	1	Aṇḍajadānūpakārasuttadasaka	อณฺฑชทานูปการสุตฺตทสก
17	2	1	Bandhujīvakattherassāpadānaṃ	พนฺธุชีวกตฺเถรสฺสาปทานํ
17	2	2	Bhisadāyakattherassāpadānaṃ	ภิสทายกตฺเถรสฺสาปทานํ
17	2	1	Biḷālidāyakattheraapadāna	พิฬาลิทายกตฺเถรอปทาน
17	2	1	Campakapupphiyattheraapadāna	จมฺปกปุปฺผิยตฺเถรอปทาน
17	2	1	Dhajadāyakattherassāpadānaṃ	ธชทายกตฺเถรสฺสาปทานํ
17	2	2	Dhātupūjakattherassāpadānaṃ	ธาตุปูชกตฺเถรสฺสาปทานํ
17	2	1	Dānavosaggupaṭṭhānekattaṃ	ทานโวสคฺคุปฏฺฐาเนกตฺตํ
17	2	1	Ekadīpiyattherassāpadānaṃ	เอกทีปิยตฺเถรสฺสาปทานํ
17	2	1	Gatasaññakattherassāpadānaṃ	คตสญฺญกตฺเถรสฺสาปทานํ
17	2	1	Kadambapupphiyattheraapadāna	กทมฺพปุปฺผิยตฺเถรอปทาน
17	2	1	Kusalākusalapaṭisandahanakathā	กุสลากุสลปฏิสนฺทหนกถา
17	2	2	Kādalimigapavarapaccattharaṇo	กาทลิมิคปวรปจฺจตฺถรโณ
17	2	1	Milindapañhapucchāvisajjanā	มิลินฺทปญฺหปุจฺฉาวิสชฺชนา
17	2	2	Mogharājattherassāpadānaṃ	โมฆราชตฺเถรสฺสาปทานํ
17	2	1	Naupādinnupādāniyañca	นฺเอาปาทินฺนุปาทานิยญฺจ
17	2	2	Naḷamāliyattherassāpadānaṃ	นฬมาลิยตฺเถรสฺสาปทานํ
17	2	1	Nevavipākanavipākadhammapada	เนววิปากนวิปากธมฺมปท
17	2	1	Padumapūjakattherassāpadānaṃ	ปทุมปูชกตฺเถรสฺสาปทานํ
17	2	1	Pulinapūjakattherassāpadānaṃ	ปุลินปูชกตฺเถรสฺสาปทานํ
17	2	2	Pānadhidāyakattheraapadāna	ปานธิทายกตฺเถรอปทาน
17	2	1	Pāpanivāriyattheraapadāna	ปาปนิวาริยตฺเถรอปทาน
17	2	1	Pātimokkhaṭṭhapanakkhandhako	ปาติโมกฺขฏฺฐปนกฺขนฺธโก
17	2	1	Pāṭaligāmiyavaraṭṭhamavaggo	ปาฏลิคามิยวรฏฺฐมวคฺโค
17	2	1	Pāṭalipupphiyattheraapadāna	ปาฏลิปุปฺผิยตฺเถรอปทาน
17	2	2	Raṭṭhapālattherassāpadānaṃ	รฏฺฐปาลตฺเถรสฺสาปทานํ
17	2	1	Sahetādhipatiindriyaghaṭanā	สเหตาธิปติอินฺทฺริยฆฏนา
17	2	1	Sūcidāyakattherassāpadānaṃ	สูจิทายกตฺเถรสฺสาปทานํ
17	2	1	Udakapūjakattherassāpadānaṃ	อุทกปูชกตฺเถรสฺสาปทานํ
17	2	1	abhinivesānupaṭṭhānakusalo	อภินิเวสานุปฏฺฐานกุสโล
17	2	1	accāraddhavīriyādhikaraṇañca	อจฺจารทฺธวีริยาธิกรณญฺจ
17	2	1	aparisuddhakāyasamācāratā	อปริสุทฺธกายสมาจารตา
17	2	1	brahāsukhavihārajjhānajhāyī	พฺรหาสุขวิหารชฺฌานฌายี
17	2	1	dūteyyapahinagamanānuyogā	ทูเตยฺยปหินคมนานุโยคา
17	2	1	jūtappamādaṭṭhānānuyogā	ชูตปฺปมาทฏฺฐานานุโยคา
17	2	1	kāmavitakkabyāpādavitakka	กามวิตกฺกพฺยาปาทวิตกฺก
17	2	1	micchādiṭṭhikammasamādāno	มิจฺฉาทิฏฺฐิกมฺมสมาทาโน
17	2	1	nacittasaṃsaṭṭhasamuṭṭhānasahabhū	นจิตฺตสํสฏฺฐสมุฏฺฐานสหภู
17	2	1	nevasaññānāsaññāyatanā	เนวสญฺญานาสญฺญายตนา
17	2	1	paccekacīvaracetāpannehi	ปจฺเจกจีวรเจตาปนฺเนหิ
17	2	1	paggahanimittūpaṭṭhānakusalo	ปคฺคหนิมิตฺตูปฏฺฐานกุสโล
17	2	1	pubbenivāsānussatiñāṇe	ปุพฺเพนิวาสานุสฺสติญาเณ
17	2	1	purisapuggalaparopariyañāṇe	ปุริสปุคฺคลปโรปริยญาเณ
17	2	1	pāṭidesanīyāpattikkhandho	ปาฏิเทสนียาปตฺติกฺขนฺโธ
17	2	1	sabbaññutañāṇappaṭilābhāya	สพฺพญฺญุตญาณปฺปฏิลาภาย
17	2	1	samaṇabrāhmaṇaparibbājakā	สมณพฺราหฺมณปริพฺพาชกา
17	2	1	sammādiṭṭhikammasamādāno	สมฺมาทิฏฺฐิกมฺมสมาทาโน
17	2	1	saṃyojanābhinivesavinibandhā	สํโยชนาภินิเวสวินิพนฺธา
17	2	1	sīlabbataparāmāsaparetena	สีลพฺพตปรามาสปเรเตน
17	2	2	tiracchānagatamanussaviggaho	ติรจฺฉานคตมนุสฺสวิคฺคโห
17	2	1	titthiyapakkantakupajjhāyena	ติตฺถิยปกฺกนฺตกุปชฺฌาเยน
17	2	1	ubhatobyañjanakupajjhāyena	อุภโตพฺยญฺชนกุปชฺฌาเยน
17	2	1	upekkhāsukhassādavinibandhaṃ	อุเปกฺขาสุขสฺสาทวินิพนฺธํ
17	2	1	vikālavisikhācariyānuyoge	วิกาลวิสิขาจริยานุโยเค
17	2	1	vimissadiṭṭhikammasamādāno	วิมิสฺสทิฏฺฐิกมฺมสมาทาโน
17	2	1	vimuttipārisuddhipadhāniyaṅgaṃ	วิมุตฺติปาริสุทฺธิปธานิยงฺคํ
17	2	2	vimuttiñāṇadassanakkhandhassa	วิมุตฺติญาณทสฺสนกฺขนฺธสฺส
17	2	1	viññāṇañcāyatanasaññāyā	วิญฺญาณญฺจายตนสญฺญายา
17	2	1	ākiñcaññāyatanasaññāyā	อากิญฺจญฺญายตนสญฺญายา
17	2	1	ākiñcaññāyatanādhimutto	อากิญฺจญฺญายตนาธิมุตฺโต
17	2	1	āraggakoṭinitudanamattepi	อารคฺคโกฏินิตุทนมตฺเตปิ
16	2	2	Ambapiṇḍiyattheraapadāna	อมฺพปิณฺฑิยตฺเถรอปทาน
16	2	1	Arahantaghātakupajjhāyena	อรหนฺตฆาตกุปชฺฌาเยน
16	2	2	Caturāsītikhattiyasahassāni	จตุราสีติขตฺติยสหสฺสานิ
16	2	2	Daṇḍadāyakattheraapadāna	ทณฺฑทายกตฺเถรอปทาน
16	2	2	Ekachattiyattheraapadāna	เอกฉตฺติยตฺเถรอปทาน
16	2	1	Ekañjalikattheraapadāna	เอกญฺชลิกตฺเถรอปทาน
16	2	1	Gandhodakiyattheraapadāna	คนฺโธทกิยตฺเถรอปทาน
16	2	1	Hetusahetukasampayuttaduka	เหตุสเหตุกสมฺปยุตฺตทุก
16	2	1	Indriyaparopariyattiñāṇaṃ	อินฺทฺริยปโรปริยตฺติญาณํ
16	2	2	Itthikumārikāpaṭiggahaṇā	อิตฺถิกุมาริกาปฏิคฺคหณา
16	2	1	Kumudamāliyattheraapadāna	กุมุทมาลิยตฺเถรอปทาน
16	2	2	Kuṭajapupphiyattheraapadāna	กุฏชปุปฺผิยตฺเถรอปทาน
16	2	1	KākaṇḍakaputtoVesāliyaṃ	กากณฺฑกปุตฺโตเวสาลิยํ
16	2	1	Kāmasuttaniddesaṭṭhakathā	กามสุตฺตนิทฺเทสฏฺฐกถา
16	2	2	Maṇipūjakattherassāpadānaṃ	มณิปูชกตฺเถรสฺสาปทานํ
16	2	1	Mālukyaputtattheragāthā	มาลุกฺยปุตฺตตฺเถรคาถา
16	2	1	Naanupādinnupādāniyañca	นอนุปาทินฺนุปาทานิยญฺจ
16	2	2	Nāgapupphiyattheraapadāna	นาคปุปฺผิยตฺเถรอปทาน
16	2	1	Pattaggāhāpakasammutiyā	ปตฺตคฺคาหาปกสมฺมุติยา
16	2	1	Pañcahatthiyattheraapadāna	ปญฺจหตฺถิยตฺเถรอปทาน
16	2	1	Paṇṇadāyakattheraapadāna	ปณฺณทายกตฺเถรอปทาน
16	2	2	Paṭṭipupphiyattheraapadāna	ปฏฺฏิปุปฺผิยตฺเถรอปทาน
16	2	1	Pilindavacchattheraapadāna	ปิลินฺทวจฺฉตฺเถรอปทาน
16	2	1	Pāṭaligāmavaraṭṭhamavaggo	ปาฏลิคามวรฏฺฐมวคฺโค
16	2	1	Sammādiṭṭhipurekkhāroti	สมฺมาทิฏฺฐิปุเรกฺขาโรติ
16	2	1	Samādhimānantarikaññamāhu	สมาธิมานนฺตริกญฺญมาหุ
16	2	1	Sayanadāyakattheraapadāna	สยนทายกตฺเถรอปทาน
16	2	1	Saḷalapupphiyattheraapadāna	สฬลปุปฺผิยตฺเถรอปทาน
16	2	1	Snehamanvāyamivosadhāti	สฺเนหมนฺวายมิโวสธาติ
16	2	2	Sucintitattherassāpadānaṃ	สุจินฺติตตฺเถรสฺสาปทานํ
16	2	1	Sumaṅgalattherassāpadānaṃ	สุมงฺคลตฺเถรสฺสาปทานํ
16	2	1	Tassapāpiyasikakammakatena	ตสฺสปาปิยสิกกมฺมกเตน
16	2	1	Timirapupphiyattheraapadāna	ติมิรปุปฺผิยตฺเถรอปทาน
16	2	2	Udakadāyakattheraapadāna	อุทกทายกตฺเถรอปทาน
16	2	2	Upavānattherassāpadānaṃ	อุปวานตฺเถรสฺสาปทานํ
16	2	1	Yūthikapupphiyattheraapadāna	ยูถิกปุปฺผิยตฺเถรอปทาน
16	2	2	addhānamaggappaṭipannena	อทฺธานมคฺคปฺปฏิปนฺเนน
16	2	1	adukkhamasukhassādavinibandhaṃ	อทุกฺขมสุขสฺสาทวินิพนฺธํ
16	2	1	aggaḷavaṭṭikaraṇamattenapi	อคฺคฬวฏฺฏิกรณมตฺเตนปิ
16	2	1	anaññātaññassamītindriyaṃ	อนญฺญาตญฺญสฺสมีตินฺทฺริยํ
16	2	1	anaññātaññasāmītindriyaṃ	อนญฺญาตญฺญสามีตินฺทฺริยํ
16	2	1	anunayappaṭighavippamuttena	อนุนยปฺปฏิฆวิปฺปมุตฺเตน
16	2	1	anupādāparinibbānāyā	อนุปาทาปรินิพฺพานายา
16	2	1	aparisuddhakāyasamācārā	อปริสุทฺธกายสมาจารา
16	2	1	aparisuddhamanosamācārā	อปริสุทฺธมโนสมาจารา
16	2	1	aparisuddhavacīsamācāratā	อปริสุทฺธวจีสมาจารตา
16	2	1	bhaṇḍanakalahaviggahavivādā	ภณฺฑนกลหวิคฺคหวิวาทา
16	2	1	devapadadhammasamannāgato	เทวปทธมฺมสมนฺนาคโต
16	2	1	dhammanimittassādavinibandhaṃ	ธมฺมนิมิตฺตสฺสาทวินิพนฺธํ
16	2	2	dhammavicayasambojjhaṅgena	ธมฺมวิจยสมฺโพชฺฌงฺเคน
16	2	1	dukkhadomanassupāyāsehi	ทุกฺขโทมนสฺสุปายาเสหิ
16	2	1	evaṃlābhaggayasaggappattaṃ	เอวํลาภคฺคยสคฺคปฺปตฺตํ
16	2	1	janapadatthāvariyappattānaṃ	ชนปทตฺถาวริยปฺปตฺตานํ
16	2	1	jūtappamādaṭṭhānānuyogaṃ	ชูตปฺปมาทฏฺฐานานุโยคํ
16	2	1	lohituppādakupajjhāyena	โลหิตุปฺปาทกุปชฺฌาเยน
16	2	1	micchābhinivesaparāmāso	มิจฺฉาภินิเวสปรามาโส
16	2	1	nanocittasaṃsaṭṭhasamuṭṭhānaṃ	นโนจิตฺตสํสฏฺฐสมุฏฺฐานํ
16	2	1	nappaṭippassambhetabbanti	นปฺปฏิปฺปสฺสมฺเภตพฺพนฺติ
16	2	1	nāḷikerasañcāriyeneva	นาฬิเกรสญฺจาริเยเนว
16	2	2	ovaddheyyakaraṇamattena	โอวทฺเธยฺยกรณมตฺเตน
16	2	2	ovaṭṭeyyakaraṇamattena	โอวฏฺเฏยฺยกรณมตฺเตน
16	2	1	parisuddhakāyasamācāratā	ปริสุทฺธกายสมาจารตา
16	2	1	paṇṇavīsativassuddesikopi	ปณฺณวีสติวสฺสุทฺเทสิโกปิ
16	2	1	sakkāyadiṭṭhipariyuṭṭhitena	สกฺกายทิฏฺฐิปริยุฏฺฐิเตน
16	2	1	samathanimittūpaṭṭhānakusalo	สมถนิมิตฺตูปฏฺฐานกุสโล
16	2	2	sambhañjanapalibhañjanamatto	สมฺภญฺชนปลิภญฺชนมตฺโต
16	2	1	samediṭṭhikammasamādānā	สเมทิฏฺฐิกมฺมสมาทานา
16	2	1	samādhijapītisukhassādagadhitaṃ	สมาธิชปีติสุขสฺสาทคธิตํ
16	2	1	sassatucchedadiṭṭhinissitā	สสฺสตุจฺเฉททิฏฺฐินิสฺสิตา
16	2	2	saṅkhārupādānakkhandhassa	สงฺขารุปาทานกฺขนฺธสฺส
16	2	1	theyyasaṃvāsakupajjhāyena	เถยฺยสํวาสกุปชฺฌาเยน
16	2	2	vimuttiñāṇadassanakkhandho	วิมุตฺติญาณทสฺสนกฺขนฺโธ
16	2	1	vivekajapītisukhassādagadhitaṃ	วิเวกชปีติสุขสฺสาทคธิตํ
16	2	2	viññāṇupādānakkhandhassa	วิญฺญาณุปาทานกฺขนฺธสฺส
16	2	2	yathābhūtañāṇadassanatthāya	ยถาภูตญาณทสฺสนตฺถาย
16	2	1	yathābhūtañāṇadassanūpanisā	ยถาภูตญาณทสฺสนูปนิสา
16	2	1	Ñāṇasaññikattheraapadāna	ญาณสญฺญิกตฺเถรอปทาน
16	2	2	Ākāsānañcāyatanūpage	อากาสานญฺจายตนูปเค
16	2	2	ākāsānañcāyatanūpago	อากาสานญฺจายตนูปโค
16	2	1	ānāpānassatisamādhinā	อานาปานสฺสติสมาธินา
15	2	1	Anupādinnupādāniyapada	อนุปาทินฺนุปาทานิยปท
15	2	1	Anupādinnupādāniyehi	อนุปาทินฺนุปาทานิเยหิ
15	2	1	Anupādinnupādāniyāni	อนุปาทินฺนุปาทานิยานิ
15	2	1	Asaṃkiliṭṭhaasaṃkilesikapada	อสํกิลิฏฺฐอสํกิเลสิกปท
15	2	1	Avaṭaphaliyattheraapadāna	อวฏผลิยตฺเถรอปทาน
15	2	1	Bandhujīvakattheraapadāna	พนฺธุชีวกตฺเถรอปทาน
15	2	2	Bhisadāyakattheraapadāna	ภิสทายกตฺเถรอปทาน
15	2	1	Dhajadāyakattheraapadāna	ธชทายกตฺเถรอปทาน
15	2	1	Dhanapālaseṭṭhipetavatthu	ธนปาลเสฏฺฐิเปตวตฺถุ
15	2	2	Dhātupūjakattheraapadāna	ธาตุปูชกตฺเถรอปทาน
15	2	1	Dutiyamigaluddakapetavatthu	ทุติยมิคลุทฺทกเปตวตฺถุ
15	2	1	Ekadīpiyattheraapadāna	เอกทีปิยตฺเถรอปทาน
15	2	1	Gatasaññakattheraapadāna	คตสญฺญกตฺเถรอปทาน
15	2	1	Kāmappacārapaññattiyā	กามปฺปจารปญฺญตฺติยา
15	2	1	Mahāpesakārapetivatthu	มหาเปสการเปติวตฺถุ
15	2	2	Moggallānabyākaraṇe	โมคฺคลฺลานพฺยากรเณ
15	2	2	Nandakattherassāpadānaṃ	นนฺทกตฺเถรสฺสาปทานํ
15	2	1	Nanevāsekkhanāsekkhaṃ	นเนวาเสกฺขนาเสกฺขํ
15	2	2	Naḷamāliyattheraapadāna	นฬมาลิยตฺเถรอปทาน
15	2	1	Padumapūjakattheraapadāna	ปทุมปูชกตฺเถรอปทาน
15	2	2	Parisuddhamanosamācāro	ปริสุทฺธมโนสมาจาโร
15	2	1	Pulinapūjakattheraapadāna	ปุลินปูชกตฺเถรอปทาน
15	2	1	Raṃsisaññakattheraapadāna	รํสิสญฺญกตฺเถรอปทาน
15	2	2	Raṭṭhapālattheraapadāna	รฏฺฐปาลตฺเถรอปทาน
15	2	2	Sabbābhiññābalappatto	สพฺพาภิญฺญาพลปฺปตฺโต
15	2	1	Sattaputtakhādapetivatthu	สตฺตปุตฺตขาทเปติวตฺถุ
15	2	1	Suddhindriyamūlacakkavāra	สุทฺธินฺทฺริยมูลจกฺกวาร
15	2	1	Sāṇavāsītherapetavatthu	สาณวาสีเถรเปตวตฺถุ
15	2	1	Sūcidāyakattheraapadāna	สูจิทายกตฺเถรอปทาน
15	2	1	Udakapūjakattheraapadāna	อุทกปูชกตฺเถรอปทาน
15	2	1	Upekkhāsambojjhāṅgaṃ	อุเปกฺขาสมฺโพชฺฌางฺคํ
15	2	1	Upekkhāsatipārisuddhin	อุเปกฺขาสติปาริสุทฺธินฺ
15	2	1	Uttarattherassāpadānaṃ	อุตฺตรตฺเถรสฺสาปทานํ
15	2	1	Viññāṇañcāyatanampāhaṃ	วิญฺญาณญฺจายตนมฺปาหํ
15	2	1	Yathākammūpagatañāṇakathā	ยถากมฺมูปคตญาณกถา
15	2	1	Yonisomanasikārampāhaṃ	โยนิโสมนสิการมฺปาหํ
15	2	1	ajjhattabahiddhārammaṇan	อชฺฌตฺตพหิทฺธารมฺมณนฺ
15	2	2	amanāpasaddasaṃvattaniko	อมนาปสทฺทสํวตฺตนิโก
15	2	1	anaññātaññassāmītiñca	อนญฺญาตญฺญสฺสามีติญฺจ
15	2	1	anekarukkhavividhavikatiphala	อเนกรุกฺขวิวิธวิกติผล
15	2	1	anukkaṇṭhitādhivacanametaṃ	อนุกฺกณฺฐิตาธิวจนเมตํ
15	2	1	anupādinnupādāniyāya	อนุปาทินฺนุปาทานิยาย
15	2	2	anusāsanīpāṭihāriyena	อนุสาสนีปาฏิหาริเยน
15	2	1	aparisuddhavacīsamācārā	อปริสุทฺธวจีสมาจารา
15	2	2	asaṃkiliṭṭhaasaṃkilesikañca	อสํกิลิฏฺฐอสํกิเลสิกญฺจ
15	2	1	asekhapaṭisambhidappatto	อเสขปฏิสมฺภิทปฺปตฺโต
15	2	1	asekhapaṭisambhidappattā	อเสขปฏิสมฺภิทปฺปตฺตา
15	2	1	avihatasakkāyadiṭṭhikāti	อวิหตสกฺกายทิฏฺฐิกาติ
15	2	1	avikkhepūpaṭṭhānakusalo	อวิกฺเขปูปฏฺฐานกุสโล
15	2	2	avitakkavicāramattenapi	อวิตกฺกวิจารมตฺเตนปิ
15	2	2	aṭṭhārasabhedakaravatthūni	อฏฺฐารสเภทกรวตฺถูนิ
15	2	1	bhaṇḍikāṭṭhapanamattenapi	ภณฺฑิกาฏฺฐปนมตฺเตนปิ
15	2	1	brāhmaṇagahapatikānampi	พฺราหฺมณคหปติกานมฺปิ
15	2	1	dhammādhammamanudīpayitvā	ธมฺมาธมฺมมนุทีปยิตฺวา
15	2	1	diṭṭhiṭṭhānasamugghātoti	ทิฏฺฐิฏฺฐานสมุคฺฆาโตติ
15	2	1	dānamayikapuññakiriyavatthu	ทานมยิกปุญฺญกิริยวตฺถุ
15	2	1	hemajālappaṭicchannāni	เหมชาลปฺปฏิจฺฉนฺนานิ
15	2	2	hirikopīnapaṭicchādanatthaṃ	หิริโกปีนปฏิจฺฉาทนตฺถํ
15	2	1	kaṇhasukkasappatibhāgesu	กณฺหสุกฺกสปฺปติภาเคสุ
15	2	1	kusaladhammasamannāgatoti	กุสลธมฺมสมนฺนาคโตติ
15	2	1	kāḷavaṇṇakaraṇamattenapi	กาฬวณฺณกรณมตฺเตนปิ
15	2	1	lokuttaradukadukajjhānā	โลกุตฺตรทุกทุกชฺฌานา
15	2	1	lokuttaratikatikajjhānā	โลกุตฺตรติกติกชฺฌานา
15	2	2	mukhakulānavikulānamatto	มุขกุลานวิกุลานมตฺโต
15	2	2	ovadeyyakaraṇamattena	โอวเทยฺยกรณมตฺเตน
15	2	1	paccuppannārammaṇātipi	ปจฺจุปฺปนฺนารมฺมณาติปิ
15	2	1	parisuddhavacīsamācāratā	ปริสุทฺธวจีสมาจารตา
15	2	1	pañhaveyyākaraṇenāti	ปญฺหเวยฺยากรเณนาติ
15	2	1	paṭippassaddhippahānañca	ปฏิปฺปสฺสทฺธิปฺปหานญฺจ
15	2	1	piṇḍanikkhepanamattenapi	ปิณฺฑนิกฺเขปนมตฺเตนปิ
15	2	1	piṇḍapātanīhārakenāti	ปิณฺฑปาตนีหารเกนาติ
15	2	1	pātimokkhuddesāyāti	ปาติโมกฺขุทฺเทสายาติ
15	2	1	rūpanimittassādavinibandhaṃ	รูปนิมิตฺตสฺสาทวินิพนฺธํ
15	2	1	rūpāvacaradukadukajjhānā	รูปาวจรทุกทุกชฺฌานา
15	2	1	rūpāvacaratikatikajjhānā	รูปาวจรติกติกชฺฌานา
15	2	1	sampahaṃsanūpaṭṭhānakusalo	สมฺปหํสนูปฏฺฐานกุสโล
15	2	1	saṅkhārupādānakkhandhe	สงฺขารุปาทานกฺขนฺเธ
15	2	1	setavaṇṇakaraṇamattenapi	เสตวณฺณกรณมตฺเตนปิ
15	2	1	sākhāpattapalāsūpeto	สาขาปตฺตปลาสูเปโต
15	2	1	tiracchānagatupajjhāyena	ติรจฺฉานคตุปชฺฌาเยน
15	2	1	upekkhāsukhassādagadhitaṃ	อุเปกฺขาสุขสฺสาทคธิตํ
15	2	2	vedanupādānakkhandhassa	เวทนุปาทานกฺขนฺธสฺส
15	2	1	viññāṇasaṅkhāyavimutto	วิญฺญาณสงฺขายวิมุตฺโต
15	2	1	viññāṇupādānakkhandhe	วิญฺญาณุปาทานกฺขนฺเธ
15	2	1	vuddhipārihānivītivatto	วุทฺธิปาริหานิวีติวตฺโต
15	2	1	yathāsamānupajjhāyakatā	ยถาสมานุปชฺฌายกตา
15	2	1	Ñāṇūpaṭṭhānakusalavasena	ญาณูปฏฺฐานกุสลวเสน
15	2	1	Ākiñcaññāyatanampāhaṃ	อากิญฺจญฺญายตนมฺปาหํ
15	2	1	ārāmikasamaṇuddesehi	อารามิกสมณุทฺเทเสหิ
43	1	1	cīvarapiṇḍapātasenāsanagilānapaccayabhesajjaparikkhārapariyādānepi	จีวรปิณฺฑปาตเสนาสนคิลานปจฺจยเภสชฺชปริกฺขารปริยาทาเนปิ
43	1	1	cīvarapiṇḍapātasenāsanagilānapaccayabhesajjaparikkhārānuppadānatthaṃ	จีวรปิณฺฑปาตเสนาสนคิลานปจฺจยเภสชฺชปริกฺขารานุปฺปทานตฺถํ
42	1	1	indriyabalabojjhaṅgamaggavarajhānavimokkharūpārūpasantasukhasamāpatti	อินฺทฺริยพลโพชฺฌงฺคมคฺควรฌานวิโมกฺขรูปารูปสนฺตสุขสมาปตฺติ
42	1	1	sālivīhiyavataṇḍulatilamuggamāsapubbaṇṇāparaṇṇasappitelanavanītakhīrada	สาลิวีหิยวตณฺฑุลติลมุคฺคมาสปุพฺพณฺณาปรณฺณสปฺปิเตลนวนีตขีรท
40	1	1	jātijarābyādhimaraṇasokaparidevadukkhadomanassupāyāsabhayavino	ชาติชราพฺยาธิมรณโสกปริเทวทุกฺขโทมนสฺสุปายาสภยวิโน
40	1	1	maggaphalajhānavimokkhasamādhisamāpattivipassanābhiññāvividhaguṇarat	มคฺคผลฌานวิโมกฺขสมาธิสมาปตฺติวิปสฺสนาภิญฺญาวิวิธคุณรตฺ
40	1	1	vāditavisūkadassanamālāgandhavilepanadhāraṇamaṇḍanavibhūsanaṭṭhānā	วาทิตวิสูกทสฺสนมาลาคนฺธวิเลปนธารณมณฺฑนวิภูสนฏฺฐานา
39	1	1	Rāgavinayapariyosānadosavinayapariyosānamohavinayapariyosāna	ราควินยปริโยสานโทสวินยปริโยสานโมหวินยปริโยสาน
38	1	1	Diṭṭhirāgābhinivesavinibandhapaligedhapariyuṭṭhānajjhosānahetu	ทิฏฺฐิราคาภินิเวสวินิพนฺธปลิเคธปริยุฏฺฐานชฺโฌสานเหตุ
38	1	1	issāmacchariyamāyāsāṭheyyakuṭilavisamaduccaritakilesamalehi	อิสฺสามจฺฉริยมายาสาเฐยฺยกุฏิลวิสมทุจฺจริตกิเลสมเลหิ
38	1	1	nindāpasaṃsāsukhadukkhasammānanavimānanabahuvidhadosaūmivegañca	นินฺทาปสํสาสุขทุกฺขสมฺมานนวิมานนพหุวิธโทสอูมิเวคญฺจ
37	1	1	cīvarapiṇḍapātasenāsanagilānappaccayabhesajjaparikkhātena	จีวรปิณฺฑปาตเสนาสนคิลานปฺปจฺจยเภสชฺชปริกฺขาเตน
37	1	1	cīvaraviṇḍapātasenāsanagilānappaccayabhesajjaparikkhārānaṃ	จีวรวิณฺฑปาตเสนาสนคิลานปฺปจฺจยเภสชฺชปริกฺขารานํ
37	1	1	sabbabhayasuññakhemaabhayavarapavaranibbānanagarasampāpanaṭṭhena	สพฺพภยสุญฺญเขมอภยวรปวรนิพฺพานนครสมฺปาปนฏฺเฐน
37	1	1	ācārasīlaguṇavattappaṭivattabahuvidhadhammasaṅghāṭasamavāyena	อาจารสีลคุณวตฺตปฺปฏิวตฺตพหุวิธธมฺมสงฺฆาฏสมวาเยน
37	1	1	īvarapiṇḍapātasenāsanagilānappaccayabhesajjaparikkhārānaṃ	อีวรปิณฺฑปาตเสนาสนคิลานปฺปจฺจยเภสชฺชปริกฺขารานํ
36	1	1	abhivādanapaccuṭṭhānaañjalikammasāmīcikammacīvarapiṇḍapāta	อภิวาทนปจฺจุฏฺฐานอญฺชลิกมฺมสามีจิกมฺมจีวรปิณฺฑปาต
36	1	1	indriyabalabojjhaṅgasatipaṭṭhānasammappadhānaiddhipādehi	อินฺทฺริยพลโพชฺฌงฺคสติปฏฺฐานสมฺมปฺปธาไนทฺธิปาเทหิ
36	1	1	sāmīcikammacīvarapiṇḍapātasenāsanagilānappaccayabhesajja	สามีจิกมฺมจีวรปิณฺฑปาตเสนาสนคิลานปฺปจฺจยเภสชฺช
35	1	1	cīrapiṇḍapātasenāsanagilānappaccayabhesajjaparikkhārā	จีรปิณฺฑปาตเสนาสนคิลานปฺปจฺจยเภสชฺชปริกฺขารา
35	1	1	senāsanagilānappaccayabhesajjaparikkhārānuppadānena	เสนาสนคิลานปฺปจฺจยเภสชฺชปริกฺขารานุปฺปทาเนน
34	1	1	itarītaracīvarapiṇḍapātasenāsanagilānappaccayabhesajja	อิตรีตรจีวรปิณฺฑปาตเสนาสนคิลานปฺปจฺจยเภสชฺช
34	1	1	muttākalāpamaṇikalāpapavāḷakalāpābharaṇappaṭimaṇḍito	มุตฺตากลาปมณิกลาปปวาฬกลาปาภรณปฺปฏิมณฺฑิโต
34	1	1	piṇḍapātasenāsanagilānappaccayabhesajjaparikkhārānaṃ	ปิณฺฑปาตเสนาสนคิลานปฺปจฺจยเภสชฺชปริกฺขารานํ
33	1	1	abhidhammavinayagāḷhasuttantaviggahapadanikkhepapadasandhi	อภิธมฺมวินยคาฬฺหสุตฺตนฺตวิคฺคหปทนิกฺเขปปทสนฺธิ
33	1	1	dassanamālāgandhavilepanadhāraṇamaṇḍanavibhūsanaṭṭhānā	ทสฺสนมาลาคนฺธวิเลปนธารณมณฺฑนวิภูสนฏฺฐานา
33	1	1	indriyabalabojjhaṅgamaggaṅgasatipaṭṭhānasammappadhāna	อินฺทฺริยพลโพชฺฌงฺคมคฺคงฺคสติปฏฺฐานสมฺมปฺปธาน
32	1	1	aparimitavividhavipulaparisuddhavijjāvimuttipupphasaṃkusumitaṃ	อปริมิตวิวิธวิปุลปริสุทฺธวิชฺชาวิมุตฺติปุปฺผสํกุสุมิตํ
32	1	1	cīvarapiṇḍapātasenāsanagilānagilānapaccayabhesajja	จีวรปิณฺฑปาตเสนาสนคิลานคิลานปจฺจยเภสชฺช
32	1	1	vihiṃsāvitakkamānuddhaccadiṭṭhivicikicchākilesavatthūni	วิหิํสาวิตกฺกมานุทฺธจฺจทิฏฺฐิวิจิกิจฺฉากิเลสวตฺถูนิ
31	1	1	nirantaramakhaṇḍacchiddamasusirabahalaghanavitthiṇṇasīlena	นิรนฺตรมขณฺฑจฺฉิทฺทมสุสิรพหลฆนวิตฺถิณฺณสีเลน
31	1	1	rajatakanakānekadhātusatavinaddhapaṭimaṇḍitappadese	รชตกนกาเนกธาตุสตวินทฺธปฏิมณฺฑิตปฺปเทเส
31	1	1	Āsavavippayuttanasāsavanaanidassanasappaṭighamūlepi	อาสววิปฺปยุตฺตนสาสวนอนิทสฺสนสปฺปฏิฆมูเลปิ
30	1	1	Kāsikakoṭumbarikādinānāvidhavatthāpaṇasampannaṃ	กาสิกโกฏุมฺพริกาทินานาวิธวตฺถาปณสมฺปนฺนํ
30	1	1	addhamāsikaṃpariyāyabhattabhojanānuyogamanuyutto	อทฺธมาสิกํปริยายภตฺตโภชนานุโยคมนุยุตฺโต
30	1	1	gilānapaccayabhesajjaparikkhārānuppadānenāti	คิลานปจฺจยเภสชฺชปริกฺขารานุปฺปทาเนนาติ
30	1	1	himagirisikharasaṅkāsavarabhavanasatasahassappaṭimaṇḍitaṃ	หิมคิริสิขรสงฺกาสวรภวนสตสหสฺสปฺปฏิมณฺฑิตํ
30	1	1	kilesavassatividhaggisantāpātapapaṭibāhanaṭṭhena	กิเลสวสฺสติวิธคฺคิสนฺตาปาตปปฏิพาหนฏฺเฐน
30	1	1	nulimpanavamanavirecanānuvāsanakiriyamanusikkhitvā	นุลิมฺปนวมนวิเรจนานุวาสนกิริยมนุสิกฺขิตฺวา
30	1	1	parabhaṇḍanakalahaviggahavivādarittajjhānaaratijananaṃ	ปรภณฺฑนกลหวิคฺคหวิวาทริตฺตชฺฌานอรติชนนํ
30	1	1	parisuddhavimalanikkaṇṭakapaṇḍaravarappavarasāsanato	ปริสุทฺธวิมลนิกฺกณฺฏกปณฺฑรวรปฺปวรสาสนโต
30	1	1	sithiladhanitadīgharassagarukalahukakkharaparicchedakusalā	สิถิลธนิตทีฆรสฺสครุกลหุกกฺขรปริจฺเฉทกุสลา
30	1	1	sokaparidevadukkhadomanassupāyāsapariḷāhenapi	โสกปริเทวทุกฺขโทมนสฺสุปายาสปริฬาเหนปิ
30	1	1	sokaparidevadukkhadonamassupāyāsasaṃvattanikepi	โสกปริเทวทุกฺขโทนมสฺสุปายาสสํวตฺตนิเกปิ
30	1	1	yūthikātimuttakapāṭaluppalavassikamallikāvicitto	ยูถิกาติมุตฺตกปาฏลุปฺปลวสฺสิกมลฺลิกาวิจิตฺโต
29	1	1	atimuttakasaṃkusumitalatāvitatapaṭimaṇḍitappadese	อติมุตฺตกสํกุสุมิตลตาวิตตปฏิมณฺฑิตปฺปเทเส
29	1	1	sallekhitācārappaṭipattidhutavaraṅgaguṇanissitā	สลฺเลขิตาจารปฺปฏิปตฺติธุตวรงฺคคุณนิสฺสิตา
29	1	1	sallekhitācārappaṭipattidhutaṅgaguṇadharanissitā	สลฺเลขิตาจารปฺปฏิปตฺติธุตงฺคคุณธรนิสฺสิตา
29	1	1	sekhāsekhavipassanāpubbaṅgamappahānayogena	เสขาเสขวิปสฺสนาปุพฺพงฺคมปฺปหานโยเคน
29	1	1	sikkhākhaggamantasutisammutiyuddhayujjhāpanakiriyā	สิกฺขาขคฺคมนฺตสุติสมฺมุติยุทฺธยุชฺฌาปนกิริยา
29	1	1	suppasāritānekavidhavarabhaṇḍaparipūritantarāpaṇaṃ	สุปฺปสาริตาเนกวิธวรภณฺฑปริปูริตนฺตราปณํ
29	1	1	susaṇṭhitamakampitamaluḷitasabhāvaparisuddhācārena	สุสณฺฐิตมกมฺปิตมลุฬิตสภาวปริสุทฺธาจาเรน
29	1	1	sāvajjakāyakammantavacīkammantamanokammanto	สาวชฺชกายกมฺมนฺตวจีกมฺมนฺตมโนกมฺมนฺโต
29	1	1	vaccamaggapassāvamaggamethunadhammappaṭisaṃyuttā	วจฺจมคฺคปสฺสาวมคฺคเมถุนธมฺมปฺปฏิสํยุตฺตา
29	1	1	ārāmuyyānataḷākapokkharaṇiudapānasampannaṃ	อารามุยฺยานตฬากโปกฺขรณิอุทปานสมฺปนฺนํ
28	1	1	agalutagaratālīsakalohitacandanānulittagatto	อคลุตครตาลีสกโลหิตจนฺทนานุลิตฺตคตฺโต
28	1	1	gambhīraparikhāpaṇḍarapākāraparikkhittantepuraṃ	คมฺภีรปริขาปณฺฑรปาการปริกฺขิตฺตนฺเตปุรํ
28	1	1	iddhipādajhānavimokkhasamādhisamāsamāpattīnaṃ	อิทฺธิปาทฌานวิโมกฺขสมาธิสมาสมาปตฺตีนํ
28	1	1	indriyabalabojjhaṅgasatipaṭṭhānasammappadhāna	อินฺทฺริยพลโพชฺฌงฺคสติปฏฺฐานสมฺมปฺปธาน
28	1	1	mālāgandhavilepanadhāramaṇḍanavibhūsanaṭṭhānā	มาลาคนฺธวิเลปนธารมณฺฑนวิภูสนฏฺฐานา
28	1	1	mālāgandhavilepanadhāraṇamaṇḍanavibhūsanaṭṭhānaṃ	มาลาคนฺธวิเลปนธารณมณฺฑนวิภูสนฏฺฐานํ
28	1	1	nevasaññānāsaññāyatanasamāpattādhimutto	เนวสญฺญานาสญฺญายตนสมาปตฺตาธิมุตฺโต
28	1	1	nevasaññānāsaññāyatanasaññāsaññāsahagataṃ	เนวสญฺญานาสญฺญายตนสญฺญาสญฺญาสหคตํ
28	1	1	parūpasevanapiyasamullāpapacchāpuredhāvanena	ปรูปเสวนปิยสมุลฺลาปปจฺฉาปุเรธาวเนน
28	1	1	saddhāsampayuttassomanassasampayuttacittassa	สทฺธาสมฺปยุตฺตสฺโสมนสฺสสมฺปยุตฺตจิตฺตสฺส
28	1	1	samādhikkhandhadhammasārasīlasākhāparivitthiṇṇā	สมาธิกฺขนฺธธมฺมสารสีลสาขาปริวิตฺถิณฺณา
28	1	1	satthaggahaṇachedanalekhanavedhanasalluddharaṇavaṇa	สตฺถคฺคหณเฉทนเลขนเวธนสลฺลุทฺธรณวณ
28	1	1	upekkhāvippayuttasimanassavippayuttacittassa	อุเปกฺขาวิปฺปยุตฺตสิมนสฺสวิปฺปยุตฺตจิตฺตสฺส
28	1	1	ākiṇṇanelamaṇḍalamahāvarāhanāgakulakareṇu	อากิณฺณเนลมณฺฑลมหาวราหนาคกุลกเรณุ
28	1	1	ārāmuyyānopavanataḷākapokkharaṇisampannaṃ	อารามุยฺยาโนปวนตฬากโปกฺขรณิสมฺปนฺนํ
28	1	1	ātāpetvāṭhānacaṅkamanisajjāsayanāhāraṃ	อาตาเปตฺวาฐานจงฺกมนิสชฺชาสยนาหารํ
28	1	1	āveṭhanaviniveṭhanakaḍḍhananiggahappaṭikammena	อาเวฐนวินิเวฐนกฑฺฒนนิคฺคหปฺปฏิกมฺเมน
27	1	1	akkhacakkarathapañjararathadaṇḍayugarasmipatodā	อกฺขจกฺกรถปญฺชรรถทณฺฑยุครสฺมิปโตทา
27	1	1	attahitaparahitaubhayahitasabbalokahibhameva	อตฺตหิตปรหิตฺเอาภยหิตสพฺพโลกหิภเมว
27	1	1	cāpabhedacāpāropanaggahaṇamuṭṭhippaṭipīḷana	จาปเภทจาปาโรปนคฺคหณมุฏฺฐิปฺปฏิปีฬน
27	1	1	ruṇṇakāruññakanditaparidevitalālappitamukhā	รุณฺณการุญฺญกนฺทิตปริเทวิตลาลปฺปิตมุขา
27	1	1	samaṇabrāhmaṇakapaṇaddhikavanibbakayācakānan	สมณพฺราหฺมณกปณทฺธิกวนิพฺพกยาจกานนฺ
27	1	1	sampativirūḷhasucigandhamanuññamāvakappadese	สมฺปติวิรูฬฺหสุจิคนฺธมนุญฺญมาวกปฺปเทเส
27	1	1	sokaparidevadukkhadomanassaupāyāsāti	โสกปริเทวทุกฺขโทมนสฺสฺเอาปายาสาติ
27	1	1	uṇhakaṭṭhitatattasantattaaccijālāmālake	อุณฺหกฏฺฐิตตตฺตสนฺตตฺตอจฺจิชาลามาลเก
27	1	1	ñāṇasampayuttaupekkhāvipayuttacittassa	ญาณสมฺปยุตฺตฺเอาเปกฺขาวิปยุตฺตจิตฺตสฺส
26	1	1	Naāsavasampayuttanaanidassanasappaṭighamūle	นอาสวสมฺปยุตฺตนอนิทสฺสนสปฺปฏิฆมูเล
26	1	1	anekavidhasāmaññaguṇavararatanuṭṭhānaṭṭhena	อเนกวิธสามญฺญคุณวรรตนุฏฺฐานฏฺเฐน
26	1	1	aṅgulivināmanapādaṭhapanasaraggahaṇasannahana	องฺคุลิวินามนปาทฐปนสรคฺคหณสนฺนหน
26	1	1	dītaḷākapokkharaṇīmigapakkhimanujanaranārigaṇaṃ	ทีตฬากโปกฺขรณีมิคปกฺขิมนุชนรนาริคณํ
26	1	1	gahaṇāpagatauruvisaṭavitthatamahantaṭṭhena	คหณาปคตฺเอารุวิสฏวิตฺถตมหนฺตฏฺเฐน
26	1	1	jātikantārakilesavanagahananittharaṇaṭṭhena	ชาติกนฺตารกิเลสวนคหนนิตฺถรณฏฺเฐน
26	1	1	nevasaññānāsaññāyatanasamāpattiniṭṭho	เนวสญฺญานาสญฺญายตนสมาปตฺตินิฏฺโฐ
25	1	1	Caṇḍālakumārakacaṇḍālakumārikāsamena	จณฺฑาลกุมารกจณฺฑาลกุมาริกาสเมน
25	1	1	Parimaṇḍasaanonamajaṇṇuparimasanalakkhaṇāni	ปริมณฺฑสอโนนมชณฺณุปริมสนลกฺขณานิ
25	1	1	Sakosakakoraṇḍadāyakattherassāpadānaṃ	สโกสกโกรณฺฑทายกตฺเถรสฺสาปทานํ
25	1	1	Surāmerayamajjappamādaṭṭhānānuyogo	สุราเมรยมชฺชปฺปมาทฏฺฐานานุโยโค
25	1	1	Vīmaṃsāsamādhipadhānasaṅkhārasamannāgate	วีมํสาสมาธิปธานสงฺขารสมนฺนาคเต
25	1	1	anekasatanahutamahāgaṅgāsatasahassehipi	อเนกสตนหุตมหาคงฺคาสตสหสฺเสหิปิ
25	1	1	arahantatevijjachaḷabhiññasamaṇamaṇiratanehi	อรหนฺตเตวิชฺชฉฬภิญฺญสมณมณิรตเนหิ
25	1	1	atekicchavuṭṭhānadesanāniggahapaṭikamma	อเตกิจฺฉวุฏฺฐานเทสนานิคฺคหปฏิกมฺม
25	1	1	bheripaṇavavaṃsasaṅkhaḍiṇḍimaninnādasaddānaṃ	เภริปณววํสสงฺขฑิณฺฑิมนินฺนาทสทฺทานํ
25	1	1	manāpikamanāpikakhajjabhojjaleyyapeyya	มนาปิกมนาปิกขชฺชโภชฺชเลยฺยเปยฺย
25	1	1	sucaritavattappaṭivattamātikāsampannena	สุจริตวตฺตปฺปฏิวตฺตมาติกาสมฺปนฺเนน
25	1	1	surāmerayamajjappamādaṭṭhānappaccayā	สุราเมรยมชฺชปฺปมาทฏฺฐานปฺปจฺจยา
25	1	1	ucchādanaparimaddananhāpanasambāhanena	อุจฺฉาทนปริมทฺทนนฺหาปนสมฺพาหเนน
25	1	1	upekkhāsampayuttañāsampayuttacittassa	อุเปกฺขาสมฺปยุตฺตญาสมฺปยุตฺตจิตฺตสฺส
25	1	1	vimalakhīṇāsavabalappattavasībhūtamahābhūtānaṃ	วิมลขีณาสวพลปฺปตฺตวสีภูตมหาภูตานํ
25	1	1	yāvapārāyanānugītigāthāpariyosānā	ยาวปารายนานุคีติคาถาปริโยสานา
25	1	1	ñāṇavippayuttasomanassampayuttacittassa	ญาณวิปฺปยุตฺตโสมนสฺสมฺปยุตฺตจิตฺตสฺส
25	1	1	ākāsānañcāyatanasamāpattādhimutto	อากาสานญฺจายตนสมาปตฺตาธิมุตฺโต
25	1	1	ānāpānassatibhāvanānuyogamanuyuttā	อานาปานสฺสติภาวนานุโยคมนุยุตฺตา
24	1	1	Akkhabbhañjanavaṇapaṭicchādanaputtamaṃsūpamaṃ	อกฺขพฺภญฺชนวณปฏิจฺฉาทนปุตฺตมํสูปมํ
24	1	1	Chandasamādhipadhānasaṅkhārasamannāgate	ฉนฺทสมาธิปธานสงฺขารสมนฺนาคเต
24	1	1	Dhammavinayapaṭicchānnāpaṭicchannapañho	ธมฺมวินยปฏิจฺฉานฺนาปฏิจฺฉนฺนปโญฺห
24	1	1	Kāsumāripualadāyakattherassāpadānaṃ	กาสุมาริปุอลทายกตฺเถรสฺสาปทานํ
24	1	1	Navattabbaṃbuddhassadinnaṃmahapphalantikathā	นวตฺตพฺพํพุทฺธสฺสทินฺนํมหปฺผลนฺติกถา
24	1	1	Navattabbaṃsaṃghodakkhiṇaṃpaṭiggaṇhātikathā	นวตฺตพฺพํสํโฆทกฺขิณํปฏิคฺคณฺหาติกถา
24	1	1	Nevadassanenanabhāvanāyapahātabbapada	เนวทสฺสเนนนภาวนายปหาตพฺพปท
24	1	1	Saparivārachattadāyakattherassāpadānaṃ	สปริวารฉตฺตทายกตฺเถรสฺสาปทานํ
24	1	1	Sīhāsanadāyakatthekattherassāpadānaṃ	สีหาสนทายกตฺเถกตฺเถรสฺสาปทานํ
24	1	1	Sūnuddhumātasūcimukhapamāṇasusiruttamaṅgo	สูนุทฺธุมาตสูจิมุขปมาณสุสิรุตฺตมงฺโค
24	1	1	Upasenavaṅgantaputtattherassāpadānaṃ	อุปเสนวงฺคนฺตปุตฺตตฺเถรสฺสาปทานํ
24	1	1	aparimitamanantamapāramakkhobhitagambhīre	อปริมิตมนนฺตมปารมกฺโขภิตคมฺภีเร
24	1	1	nimittaggahaṇaanubyañjanaggahaṇavinodanaṃ	นิมิตฺตคฺคหณอนุพฺยญฺชนคฺคหณวิโนทนํ
24	1	1	pariyāyabhattabhojānānuyogamanuyutto	ปริยายภตฺตโภชานานุโยคมนุยุตฺโต
24	1	1	pāsādakuṭileṇaguhāpabbhāradaribilagiri	ปาสาทกุฏิเลณคุหาปพฺภารทริพิลคิริ
24	1	1	sabbadhammayāthāvaasampaṭivedhalakkhaṇā	สพฺพธมฺมยาถาวอสมฺปฏิเวธลกฺขณา
24	1	1	sabbarāgadosamohanihitaninnītakasāvo	สพฺพราคโทสโมหนิหิตนินฺนีตกสาโว
24	1	1	siniddhasamasumajjitasappabhāsavimalādāsaṃ	สินิทฺธสมสุมชฺชิตสปฺปภาสวิมลาทาสํ
24	1	1	sokaparidevadukkhamadomanassupāyāsā	โสกปริเทวทุกฺขมโทมนสฺสุปายาสา
24	1	1	surāmerayamajjappamādaṭṭhānānuyogaṃ	สุราเมรยมชฺชปฺปมาทฏฺฐานานุโยคํ
24	1	1	susaṇṭhitamakampitamaluḷitasabhāvaparisuddho	สุสณฺฐิตมกมฺปิตมลุฬิตสภาวปริสุทฺโธ
24	1	1	upacayapunabbhavābhiropanapaccupaṭṭhānā	อุปจยปุนพฺภวาภิโรปนปจฺจุปฏฺฐานา
24	1	1	upekkhāsampayuttapacchimacittasamaṅginaṃ	อุเปกฺขาสมฺปยุตฺตปจฺฉิมจิตฺตสมงฺคินํ
23	1	1	Kāḷigodhāputtabhaddiyattheraapadāna	กาฬิโคธาปุตฺตภทฺทิยตฺเถรอปทาน
23	1	1	Mandāravapupphapūjakattherassāpadānaṃ	มนฺทารวปุปฺผปูชกตฺเถรสฺสาปทานํ
23	1	1	Naanidassanasappaṭighanaabyākatamūlāni	นอนิทสฺสนสปฺปฏิฆนอพฺยากตมูลานิ
23	1	1	Naappaccayanaanidassanaappaṭighamūlepi	นอปฺปจฺจยนอนิทสฺสนอปฺปฏิฆมูเลปิ
23	1	1	Naupasampādetabbekavīsativāro	นฺเอาปสมฺปาเทตพฺเพกวีสติวาโร
23	1	1	Nevadassanenabhāvanāyapahātabbapada	เนวทสฺสเนนภาวนายปหาตพฺพปท
23	1	1	Nevasaññānāsaññāyatanasaṃyojanena	เนวสญฺญานาสญฺญายตนสํโยชเนน
23	1	1	Paccupaṭṭhānasaññakattherassāpadānaṃ	ปจฺจุปฏฺฐานสญฺญกตฺเถรสฺสาปทานํ
23	1	1	Pañcasīlasamādāniyattherassāpadānaṃ	ปญฺจสีลสมาทานิยตฺเถรสฺสาปทานํ
23	1	1	Piṇḍolabhāradvājattherassāpadānaṃ	ปิณฺโฑลภารทฺวาชตฺเถรสฺสาปทานํ
23	1	1	Sakosakakoraṇḍadāyakattheraapadāna	สโกสกโกรณฺฑทายกตฺเถรอปทาน
23	1	1	Upasampādetabbapañcakasoḷasavāro	อุปสมฺปาเทตพฺพปญฺจกโสฬสวาโร
23	1	1	Vaṅgantaputtaupasenattheragāthā	วงฺคนฺตปุตฺตฺเอาปเสนตฺเถรคาถา
23	1	1	abhivuddhaparisuddhaudiccajātippabhavaṃ	อภิวุทฺธปริสุทฺธฺเอาทิจฺจชาติปฺปภวํ
23	1	1	adhigatappaṭisambhidāpattavesārajjā	อธิคตปฺปฏิสมฺภิทาปตฺตเวสารชฺชา
23	1	1	anekadhātuvinibbhogamapaccavekkhato	อเนกธาตุวินิพฺโภคมปจฺจเวกฺขโต
23	1	1	aniccasaññābhāvanānuyogamanuyuttā	อนิจฺจสญฺญาภาวนานุโยคมนุยุตฺตา
23	1	1	asanivicakkadantakūṭasamaṇappadhānenā	อสนิวิจกฺกทนฺตกูฏสมณปฺปธาเนนา
23	1	1	bahiddhārammaṇabahiddhācittasamaṅgissa	พหิทฺธารมฺมณพหิทฺธาจิตฺตสมงฺคิสฺส
23	1	1	nanocittasaṃsaṭṭhasamuṭṭhānānuparivattī	นโนจิตฺตสํสฏฺฐสมุฏฺฐานานุปริวตฺตี
23	1	1	niddiṭṭhasarabyañjanalakkhaṇappaṭivedhā	นิทฺทิฏฺฐสรพฺยญฺชนลกฺขณปฺปฏิเวธา
23	1	1	ninnunnatasamavisamathalāthaladesabhāge	นินฺนุนฺนตสมวิสมถลาถลเทสภาเค
23	1	1	pariyāyabhattabhojanānuyogamanuyuttā	ปริยายภตฺตโภชนานุโยคมนุยุตฺตา
23	1	1	patthiticchitasabbasampattivaradadaṭṭhena	ปตฺถิติจฺฉิตสพฺพสมฺปตฺติวรททฏฺเฐน
23	1	1	sampayuttasomanassasampayuttacittassa	สมฺปยุตฺตโสมนสฺสสมฺปยุตฺตจิตฺตสฺส
23	1	1	tajjāmanoviññāṇādhātusamphassajā	ตชฺชามโนวิญฺญาณาธาตุสมฺผสฺสชา
23	1	1	viññāṇañcāyatanasamāpattādhimutto	วิญฺญาณญฺจายตนสมาปตฺตาธิมุตฺโต
23	1	1	ākaḍḍhanasandhāraṇalakkhaniyamanakhipane	อากฑฺฒนสนฺธารณลกฺขนิยมนขิปเน
23	1	1	ākiñcaññāyatanasamāpattādhimutto	อากิญฺจญฺญายตนสมาปตฺตาธิมุตฺโต
23	1	1	āpattānāpattigarūkalahukasatekiccha	อาปตฺตานาปตฺติครูกลหุกสเตกิจฺฉ
23	1	1	ḍaṃsamakasavātātapasarīsapasamphassenapi	ฑํสมกสวาตาตปสรีสปสมฺผสฺเสนปิ
22	1	1	Aññāsikoṇḍaññattherassāpadānaṃ	อญฺญาสิโกณฺฑญฺญตฺเถรสฺสาปทานํ
22	1	1	Brāhmaṇamahāsālādīnaṃāmantanā	พฺราหฺมณมหาสาลาทีนํอามนฺตนา
22	1	1	Dukkhāyavedanāyasampayuttapadahetu	ทุกฺขายเวทนายสมฺปยุตฺตปทเหตุ
22	1	1	Ekacampakapupphiyattherassāpadānaṃ	เอกจมฺปกปุปฺผิยตฺเถรสฺสาปทานํ
22	1	1	Kakkārupupphapūjakattherassāpadānaṃ	กกฺการุปุปฺผปูชกตฺเถรสฺสาปทานํ
22	1	1	Kāḷigodhāputtabhaddiyattheragāthā	กาฬิโคธาปุตฺตภทฺทิยตฺเถรคาถา
22	1	1	Nasahetukanaanidassanasappaṭighamūlepi	นสเหตุกนอนิทสฺสนสปฺปฏิฆมูเลปิ
22	1	1	Puṇṇamantāṇiputtattherassāpadānaṃ	ปุณฺณมนฺตาณิปุตฺตตฺเถรสฺสาปทานํ
22	1	1	Saparivārachattadārakattheraapadāna	สปริวารฉตฺตทารกตฺเถรอปทาน
22	1	1	Suvaṇṇabibbohaniyattherassāpadānaṃ	สุวณฺณพิพฺโพหนิยตฺเถรสฺสาปทานํ
22	1	1	Sāragandhādidānūpakārasuttanavutika	สารคนฺธาทิทานูปการสุตฺตนวุติก
22	1	1	Therapaṭisandahanāpaṭisandahanapañho	เถรปฏิสนฺทหนาปฏิสนฺทหนปโญฺห
22	1	1	Udumbaraphaladāyakattherassāpadānaṃ	อุทุมฺพรผลทายกตฺเถรสฺสาปทานํ
22	1	1	Upasampādetabbachakkacuddasavāro	อุปสมฺปาเทตพฺพฉกฺกจุทฺทสวาโร
22	1	1	Upasenavaṅgantaputtattheraapadāna	อุปเสนวงฺคนฺตปุตฺตตฺเถรอปทาน
22	1	1	Uttareyyadāyakattherassāpadānaṃ	อุตฺตเรยฺยทายกตฺเถรสฺสาปทานํ
22	1	1	Vaṇṇasaṇṭhānabyañjanaggahaṇalakkhaṇā	วณฺณสณฺฐานพฺยญฺชนคฺคหณลกฺขณา
22	1	1	abaladubbalaparittaappathokamandaggi	อพลทุพฺพลปริตฺตอปฺปโถกมนฺทคฺคิ
22	1	1	anekasatasahassavātasampahārenapi	อเนกสตสหสฺสวาตสมฺปหาเรนปิ
22	1	1	anudayamettājhānakalānudanukalāya	อนุทยเมตฺตาฌานกลานุทนุกลาย
22	1	1	anulomappaṭilomasamāpajjanavasena	อนุโลมปฺปฏิโลมสมาปชฺชนวเสน
22	1	1	anupādinnupādāniyacittasamaṅgissa	อนุปาทินฺนุปาทานิยจิตฺตสมงฺคิสฺส
22	1	1	aparimitavividhavipulavīcipupphasaṃkusumito	อปริมิตวิวิธวิปุลวีจิปุปฺผสํกุสุมิโต
22	1	1	arūparāgamānauddhaccaavijjañca	อรูปราคมานฺเอาทฺธจฺจอวิชฺชญฺจ
22	1	1	gilānapaccayabhessajjaparikkhārena	คิลานปจฺจยเภสฺสชฺชปริกฺขาเรน
22	1	1	hiraññasuvaṇṇadāsidāsabhariyagāmavaraṃ	หิรญฺญสุวณฺณทาสิทาสภริยคามวรํ
22	1	1	kandarapadarasarasobbhaudapānāni	กนฺทรปทรสรโสพฺภฺเอาทปานานิ
22	1	1	khettakammantasāmantasabyohāre	เขตฺตกมฺมนฺตสามนฺตสโพฺยหาเร
22	1	1	khettakammantasāmantasabyohārā	เขตฺตกมฺมนฺตสามนฺตสโพฺยหารา
22	1	1	manāpikamanāpikakalyāṇapāpakasubhā	มนาปิกมนาปิกกลฺยาณปาปกสุภา
22	1	1	nevasaññānāsaññāyatanasaññāyā	เนวสญฺญานาสญฺญายตนสญฺญายา
22	1	1	nevasaññānāsaññāyatanasaṃyojane	เนวสญฺญานาสญฺญายตนสํโยชเน
22	1	1	osāraṇanissāraṇapaṭisāraṇakusalā	โอสารณนิสฺสารณปฏิสารณกุสลา
22	1	1	paccayabhesajjaparikkhārasantuṭṭhiyā	ปจฺจยเภสชฺชปริกฺขารสนฺตุฏฺฐิยา
22	1	1	palirodhamappalirodhalokasannivāse	ปลิโรธมปฺปลิโรธโลกสนฺนิวาเส
22	1	1	rāgadosamohamānadiṭṭhimakkhapaḷāsa	ราคโทสโมหมานทิฏฺฐิมกฺขปฬาส
22	1	1	sañcuṇṇitaṭṭhimaṃsadhamanichinnaparigatto	สญฺจุณฺณิตฏฺฐิมํสธมนิฉินฺนปริคตฺโต
22	1	1	sokaparidevadukkhamanassupāyāsāti	โสกปริเทวทุกฺขมนสฺสุปายาสาติ
22	1	1	sokaparidevadukkhamanussupāyāsāti	โสกปริเทวทุกฺขมนุสฺสุปายาสาติ
22	1	1	sukārakaṇikārapupphacuṇṇasamokiṇṇā	สุการกณิการปุปฺผจุณฺณสโมกิณฺณา
22	1	1	surāsuragaruḷagandhabbayakkhasamahoraga	สุราสุรครุฬคนฺธพฺพยกฺขสมโหรค
22	1	1	upekkhāpalipubbāparanimittāsayo	อุเปกฺขาปลิปุพฺพาปรนิมิตฺตาสโย
22	1	1	vīmaṃsāsamādhipadhānasaṅkhārotveva	วีมํสาสมาธิปธานสงฺขาโรเตฺวว
22	1	1	Āsavavippayuttasāsavadukakusalattikaṃ	อาสววิปฺปยุตฺตสาสวทุกกุสลตฺติกํ
22	1	1	ḍaṃsamakasavātātapasarīsapasamphassena	ฑํสมกสวาตาตปสรีสปสมฺผสฺเสน
21	1	1	Abbhañjanadāyakattherassāpadānaṃ	อพฺภญฺชนทายกตฺเถรสฺสาปทานํ
21	1	1	Ajeliphaladāyakattherassāpadānaṃ	อเชลิผลทายกตฺเถรสฺสาปทานํ
21	1	1	Ambayāgadāyakattherassāpadānaṃ	อมฺพยาคทายกตฺเถรสฺสาปทานํ
21	1	1	Ambayāgudāyakattherassāpadānaṃ	อมฺพยาคุทายกตฺเถรสฺสาปทานํ
21	1	1	Ambāṭakadāyakattherassāpadānaṃ	อมฺพาฏกทายกตฺเถรสฺสาปทานํ
21	1	1	Bhisamuḷāladāyakattherassāpadānaṃ	ภิสมุฬาลทายกตฺเถรสฺสาปทานํ
21	1	1	Bhāgineyyupālittherassāpadānaṃ	ภาคิเนยฺยุปาลิตฺเถรสฺสาปทานํ
21	1	1	Cakkhundriyaṃsanidassanantiādikathā	จกฺขุนฺทฺริยํสนิทสฺสนนฺติอาทิกถา
21	1	1	Catutthaāmakadhaññapeyyālavaggo	จตุตฺถอามกธญฺญเปยฺยาลวคฺโค
21	1	1	Codakenaupaṭṭhāpetabbadhamma	โจทเกนฺเอาปฏฺฐาเปตพฺพธมฺม
21	1	1	Dutiyaupassayadāyakavimānavatthu	ทุติยฺเอาปสฺสยทายกวิมานวตฺถุ
21	1	1	Ekapattadāyakattherassāpadānaṃ	เอกปตฺตทายกตฺเถรสฺสาปทานํ
21	1	1	Hatthappatāpakadāyikāvimānavatthu	หตฺถปฺปตาปกทายิกาวิมานวตฺถุ
21	1	1	Idappaccayatāpaṭiccasamuppanneyu	อิทปฺปจฺจยตาปฏิจฺจสมุปฺปนฺเนยุ
21	1	1	Jalābujādidānūpakārasuttattiṃsaka	ชลาพุชาทิทานูปการสุตฺตตฺติํสก
21	1	1	Khadiravaniyarevatattherassāpadānaṃ	ขทิรวนิยเรวตตฺเถรสฺสาปทานํ
21	1	1	Kāsumāriphaladāyakattheraapadāna	กาสุมาริผลทายกตฺเถรอปทาน
21	1	1	Mandāravapupphapūjakattheraapadāna	มนฺทารวปุปฺผปูชกตฺเถรอปทาน
21	1	1	Mandāravapupphiyattherassāpadānaṃ	มนฺทารวปุปฺผิยตฺเถรสฺสาปทานํ
21	1	1	Mānattacārikamūlāyapaṭikassanādi	มานตฺตจาริกมูลายปฏิกสฺสนาทิ
21	1	1	Mātuluṅgaphaladāyakattheraapadāna	มาตุลุงฺคผลทายกตฺเถรอปทาน
21	1	1	Nāḷikeraphaladāyakattheraapadāna	นาฬิเกรผลทายกตฺเถรอปทาน
21	1	1	Paccupaṭṭhānasaññakattheraapadāna	ปจฺจุปฏฺฐานสญฺญกตฺเถรอปทาน
21	1	1	Padumakūṭāgāriyattherassāpadānaṃ	ปทุมกูฏาคาริยตฺเถรสฺสาปทานํ
21	1	1	Pariyuṭṭhānaṃcittavippayuttantikathā	ปริยุฏฺฐานํจิตฺตวิปฺปยุตฺตนฺติกถา
21	1	1	Patthodanadāyakattherassāpadānaṃ	ปตฺโถทนทายกตฺเถรสฺสาปทานํ
21	1	1	Pañcasīlasamādāniyattheraapadāna	ปญฺจสีลสมาทานิยตฺเถรอปทาน
21	1	1	Paṭhamaupassayadāyakavimānavatthu	ปฐมฺเอาปสฺสยทายกวิมานวตฺถุ
21	1	1	Phārusaphaladāyakattherassāpadānaṃ	ผารุสผลทายกตฺเถรสฺสาปทานํ
21	1	1	Pilakkhaphaladāyakattherassāpadānaṃ	ปิลกฺขผลทายกตฺเถรสฺสาปทานํ
21	1	1	Piyālaphaladāyakattherassāpadānaṃ	ปิยาลผลทายกตฺเถรสฺสาปทานํ
21	1	1	Piṇḍolabhāradvājattheraapadāna	ปิณฺโฑลภารทฺวาชตฺเถรอปทาน
21	1	1	Pupphāsanadāyakattherassāpadānaṃ	ปุปฺผาสนทายกตฺเถรสฺสาปทานํ
21	1	1	Sattalipupphapūjakattherassāpadānaṃ	สตฺตลิปุปฺผปูชกตฺเถรสฺสาปทานํ
21	1	1	Sattāhapabbajitattherassāpadānaṃ	สตฺตาหปพฺพชิตตฺเถรสฺสาปทานํ
21	1	1	Senāsanadāyakattherassāpadānaṃ	เสนาสนทายกตฺเถรสฺสาปทานํ
21	1	1	Sovaṇṇakiṅkaṇiyattherassāpadānaṃ	โสวณฺณกิงฺกณิยตฺเถรสฺสาปทานํ
21	1	1	Sovaṇṇavaṭaṃsakiyattherassāpadānaṃ	โสวณฺณวฏํสกิยตฺเถรสฺสาปทานํ
21	1	1	Soṇṇakontarikattherassāpadānaṃ	โสณฺณโกนฺตริกตฺเถรสฺสาปทานํ
21	1	1	Sumanatālavaṇṭiyattherassāpadānaṃ	สุมนตาลวณฺฏิยตฺเถรสฺสาปทานํ
21	1	1	Sālapupphadāyakattherassāpadānaṃ	สาลปุปฺผทายกตฺเถรสฺสาปทานํ
21	1	1	Taṇhāratacchadanatāṇalatāpamokkhaṃ	ตณฺหารตจฺฉทนตาณลตาปโมกฺขํ
21	1	1	Taṇhātalaratacchedanatāṇapamokkhaṃ	ตณฺหาตลรตจฺเฉทนตาณปโมกฺขํ
21	1	1	Therapaṭisandahanāpaṭisandahanapañha	เถรปฏิสนฺทหนาปฏิสนฺทหนปญฺห
21	1	1	Tindukaphaladāyakattherassāpadānaṃ	ตินฺทุกผลทายกตฺเถรสฺสาปทานํ
21	1	1	Tissametteyyattherassāpadānaṃ	ติสฺสเมตฺเตยฺยตฺเถรสฺสาปทานํ
21	1	1	Tiṇasantharadāyakattherassāpadānaṃ	ติณสนฺถรทายกตฺเถรสฺสาปทานํ
21	1	1	Tiṇasūlakachādaniyattherassāpadānaṃ	ติณสูลกฉาทนิยตฺเถรสฺสาปทานํ
21	1	1	Tālavaṇṭadāyakattherassāpadānaṃ	ตาลวณฺฏทายกตฺเถรสฺสาปทานํ
21	1	1	Tīṇuppalamāliyattherassāpādānaṃ	ตีณุปฺปลมาลิยตฺเถรสฺสาปาทานํ
21	1	1	Uccāliṅgapāṇakadaṭṭhūpatthambheti	อุจฺจาลิงฺคปาณกทฏฺฐูปตฺถมฺเภติ
21	1	1	Udakāsanadāyakattherassāpadānaṃ	อุทกาสนทายกตฺเถรสฺสาปทานํ
21	1	1	Uddālakadāyakattherassāpadānaṃ	อุทฺทาลกทายกตฺเถรสฺสาปทานํ
21	1	1	Uddālakapupphiyattherassāpadānaṃ	อุทฺทาลกปุปฺผิยตฺเถรสฺสาปทานํ
21	1	1	Upaṭṭhākadāyakattherassāpadānaṃ	อุปฏฺฐากทายกตฺเถรสฺสาปทานํ
21	1	1	Upekkhābhāvanānuyogamanuyuttā	อุเปกฺขาภาวนานุโยคมนุยุตฺตา
21	1	1	Upekkhāsambojjhaṅgaṭṭhāniyānaṃ	อุเปกฺขาสมฺโพชฺฌงฺคฏฺฐานิยานํ
21	1	1	Upāyupādānābhinivesavinibandho	อุปายุปาทานาภินิเวสวินิพนฺโธ
21	1	1	Vallikāraphaladāyakattheraapadāna	วลฺลิการผลทายกตฺเถรอปทาน
21	1	1	abhijjhābyāpādappamādabahulassa	อภิชฺฌาพฺยาปาทปฺปมาทพหุลสฺส
21	1	1	chandasamādhipadhānasaṅkhārotveva	ฉนฺทสมาธิปธานสงฺขาโรเตฺวว
21	1	1	cittasamādhipadhānasaṅkhārotveva	จิตฺตสมาธิปธานสงฺขาโรเตฺวว
21	1	1	cittasaṃsaṭṭhasamuṭṭhanānuparivattino	จิตฺตสํสฏฺฐสมุฏฺฐนานุปริวตฺติโน
21	1	1	galenappaccayabhesajjaparikkhāro	คเลนปฺปจฺจยเภสชฺชปริกฺขาโร
21	1	1	gilānappaccayabhesajjaparikkhāro	คิลานปฺปจฺจยเภสชฺชปริกฺขาโร
21	1	1	gilānappaccayabhesajjaparikkhārā	คิลานปฺปจฺจยเภสชฺชปริกฺขารา
21	1	1	gāmanigamanagarajanapadarukkhapabbatana	คามนิคมนครชนปทรุกฺขปพฺพตน
21	1	1	kāyekāyānupassanāsatipaṭṭhānaṃ	กาเยกายานุปสฺสนาสติปฏฺฐานํ
21	1	1	maggāmaggañcaṇadassanavisuddhatthā	มคฺคามคฺคญฺจณทสฺสนวิสุทฺธตฺถา
21	1	1	paligedhapariyuṭṭhānajjhosānahetu	ปลิเคธปริยุฏฺฐานชฺโฌสานเหตุ
21	1	1	rūparāgaarūparāgamānauddhacca	รูปราคอรูปราคมานฺเอาทฺธจฺจ
21	1	1	sabbavaṅkadosanihitaninnītakasāvo	สพฺพวงฺกโทสนิหิตนินฺนีตกสาโว
21	1	1	sasaṅkhāraniggayhavāritappatitoti	สสงฺขารนิคฺคยฺหวาริตปฺปติโตติ
21	1	1	sasaṅkhāraniggayhavāriyādhigatoti	สสงฺขารนิคฺคยฺหวาริยาธิคโตติ
21	1	1	sokaparidevadukkhamanassupāyāsā	โสกปริเทวทุกฺขมนสฺสุปายาสา
21	1	1	surāmerayamajjapamādaṭṭhāyinoti	สุราเมรยมชฺชปมาทฏฺฐายิโนติ
21	1	1	surāmerayamajjappamādaṭṭhāyino	สุราเมรยมชฺชปฺปมาทฏฺฐายิโน
21	1	1	tassapāpiyasikāvāreyevetena	ตสฺสปาปิยสิกาวาเรเยเวเตน
21	1	1	upādinnupādāniyacittasamaṅgissa	อุปาทินฺนุปาทานิยจิตฺตสมงฺคิสฺส
21	1	1	vīriyasamādhipadhānasaṅkhārotveva	วีริยสมาธิปธานสงฺขาโรเตฺวว
21	1	1	Ākāsānañcāyatanamāpattiyāpi	อากาสานญฺจายตนมาปตฺติยาปิ
21	1	1	Ālambaṇadāyakattherassāpadānaṃ	อาลมฺพณทายกตฺเถรสฺสาปทานํ
21	1	1	Āsanupaṭṭhāhakattherassāpadānaṃ	อาสนุปฏฺฐาหกตฺเถรสฺสาปทานํ
21	1	1	ḍaṃsamakasavātātapasarīsapasamphasso	ฑํสมกสวาตาตปสรีสปสมฺผสฺโส
20	1	1	Abhinivesānupaṭṭhānakusalavasena	อภินิเวสานุปฏฺฐานกุสลวเสน
20	1	1	Akkamanadāyakattherassāpadānaṃ	อกฺกมนทายกตฺเถรสฺสาปทานํ
20	1	1	Akkantasaññakattherassāpadānaṃ	อกฺกนฺตสญฺญกตฺเถรสฺสาปทานํ
20	1	1	Atthasandassakattherassāpadānaṃ	อตฺถสนฺทสฺสกตฺเถรสฺสาปทานํ
20	1	1	Avaṭaphaladāyakattherassāpadānaṃ	อวฏผลทายกตฺเถรสฺสาปทานํ
20	1	1	Aññāsikoṇḍaññattheraapadāna	อญฺญาสิโกณฺฑญฺญตฺเถรอปทาน
20	1	1	Aṅgaṇikabhāradvājattheragāthā	องฺคณิกภารทฺวาชตฺเถรคาถา
20	1	1	Bhallātadāyakattherassāpadānaṃ	ภลฺลาตทายกตฺเถรสฺสาปทานํ
20	1	1	Bhisāluvadāyakattherassāpadānaṃ	ภิสาลุวทายกตฺเถรสฺสาปทานํ
20	1	1	Bodhiupaṭṭhākattherassāpadānaṃ	โพธิอุปฏฺฐากตฺเถรสฺสาปทานํ
20	1	1	Buddhupaṭṭhāyikattherassāpadānaṃ	พุทฺธุปฏฺฐายิกตฺเถรสฺสาปทานํ
20	1	1	Caṅkamanadāyakattherassāpadānaṃ	จงฺกมนทายกตฺเถรสฺสาปทานํ
20	1	1	Citakanibbāpakattherassāpadānaṃ	จิตกนิพฺพาปกตฺเถรสฺสาปทานํ
20	1	1	Cittasaṃsaṭṭhasamuṭṭhānānuparittīhi	จิตฺตสํสฏฺฐสมุฏฺฐานานุปริตฺตีหิ
20	1	1	Dabbamallaputtattherassāpadānaṃ	ทพฺพมลฺลปุตฺตตฺเถรสฺสาปทานํ
20	1	1	Dhammataṇhānadukkhasamudayotikathā	ธมฺมตณฺหานทุกฺขสมุทโยติกถา
20	1	1	Dhammikādhammikapātimokkhaṭṭhapana	ธมฺมิกาธมฺมิกปาติโมกฺขฏฺฐปน
20	1	1	Dutiyaraṃsisaññakattherassāpadānaṃ	ทุติยรํสิสญฺญกตฺเถรสฺสาปทานํ
20	1	1	Dutiyaāmakadhaññapeyyālavaggo	ทุติยอามกธญฺญเปยฺยาลวคฺโค
20	1	1	Ekacampakapupphiyattheraapadāna	เอกจมฺปกปุปฺผิยตฺเถรอปทาน
20	1	1	Ekadhammassavaniyattheraapadāna	เอกธมฺมสฺสวนิยตฺเถรอปทาน
20	1	1	Ekapasādaniyattherassāpadānaṃ	เอกปสาทนิยตฺเถรสฺสาปทานํ
20	1	1	Ekekalomatāuṇṇālakkhaṇāni	เอเกกโลมตาอุณฺณาลกฺขณานิ
20	1	1	Gilānapaccayabhesajjaparikkhāran	คิลานปจฺจยเภสชฺชปริกฺขารนฺ
20	1	1	Hetuhetusampayuttadukakusalattikaṃ	เหตุเหตุสมฺปยุตฺตทุกกุสลตฺติกํ
20	1	1	Himavantapabbatarājappaṭibhāgassa	หิมวนฺตปพฺพตราชปฺปฏิภาคสฺส
20	1	1	Jotikusaladhammupapattipaññattiyā	โชติกุสลธมฺมุปปตฺติปญฺญตฺติยา
20	1	1	Jātukaṇṇimāṇavapucchāniddeso	ชาตุกณฺณิมาณวปุจฺฉานิทฺเทโส
20	1	1	Kadaliphaladāyakattherassāpadānaṃ	กทลิผลทายกตฺเถรสฺสาปทานํ
20	1	1	Kakkārupupphapūjakattheraapadāna	กกฺการุปุปฺผปูชกตฺเถรอปทาน
20	1	1	Kakkārupupphiyattherassāpadānaṃ	กกฺการุปุปฺผิยตฺเถรสฺสาปทานํ
20	1	1	Kaṇaverapupphiyattherassāpadānaṃ	กณเวรปุปฺผิยตฺเถรสฺสาปทานํ
20	1	1	Kaṇikārachattiyattherassāpadānaṃ	กณิการฉตฺติยตฺเถรสฺสาปทานํ
20	1	1	Kaṇikārapupphiyattherassāpadānaṃ	กณิการปุปฺผิยตฺเถรสฺสาปทานํ
20	1	1	Kummāsadāyakattherassāpadānaṃ	กุมฺมาสทายกตฺเถรสฺสาปทานํ
20	1	1	Kumārākassapattherassāpadānaṃ	กุมารากสฺสปตฺเถรสฺสาปทานํ
20	1	1	Kurañciyaphaladāyakattheraapadāna	กุรญฺจิยผลทายกตฺเถรอปทาน
20	1	1	Kusaṭṭhakadāyakattherassāpadānaṃ	กุสฏฺฐกทายกตฺเถรสฺสาปทานํ
20	1	1	Kāsumāraphaliyattherassāpadānaṃ	กาสุมารผลิยตฺเถรสฺสาปทานํ
20	1	1	Mahākaccāyanattherassāpadānaṃ	มหากจฺจายนตฺเถรสฺสาปทานํ
20	1	1	Mahāparivārakattherassāpadānaṃ	มหาปริวารกตฺเถรสฺสาปทานํ
20	1	1	Micchādiṭṭhābhinivesaparāmāso	มิจฺฉาทิฏฺฐาภินิเวสปรามาโส
20	1	1	Nahetunaanidassanasappaṭighamūlepi	นเหตุนอนิทสฺสนสปฺปฏิฆมูเลปิ
20	1	1	Nayathācittassakāyakammantikathā	นยถาจิตฺตสฺสกายกมฺมนฺติกถา
20	1	1	Nevahotinanahotitathāgatosutta	เนวโหตินนโหติตถาคโตสุตฺต
20	1	1	Nevasaññānāsaññāyatanampāhaṃ	เนวสญฺญานาสญฺญายตนมฺปาหํ
20	1	1	Nimittabyākaraṇiyattheraapadāna	นิมิตฺตพฺยากรณิยตฺเถรอปทาน
20	1	1	Nisseṇidāyakattherassāpadānaṃ	นิสฺเสณิทายกตฺเถรสฺสาปทานํ
20	1	1	Omukkaguṇaṅguṇūpāhanānujānana	โอมุกฺกคุณงฺคุณูปาหนานุชานน
20	1	1	Pabbhāradāyakattherassāpadānaṃ	ปพฺภารทายกตฺเถรสฺสาปทานํ
20	1	1	Padasaññakatterassāpadānaṃdutiyaṃ	ปทสญฺญกตฺเตรสฺสาปทานํทุติยํ
20	1	1	Paggahanimittūpaṭṭhānakusalavasena	ปคฺคหนิมิตฺตูปฏฺฐานกุสลวเสน
20	1	1	Pahūtajivhābrahmassaralakkhaṇāni	ปหูตชิวฺหาพฺรหฺมสฺสรลกฺขณานิ
20	1	1	Pakkhagaṇanādiuggahaṇānujānanā	ปกฺขคณนาทิอุคฺคหณานุชานนา
20	1	1	Pallaṅkadāyakattherassāpadānaṃ	ปลฺลงฺกทายกตฺเถรสฺสาปทานํ
20	1	1	Panasaphaladāyakattherassāpadānaṃ	ปนสผลทายกตฺเถรสฺสาปทานํ
20	1	1	Paramannadāyakattherassāpadānaṃ	ปรมนฺนทายกตฺเถรสฺสาปทานํ
20	1	1	Pathavīdhātusanidassanātiādikathā	ปถวีธาตุสนิทสฺสนาติอาทิกถา
20	1	1	Paṭhamaāmakadhaññapeyyālavaggo	ปฐมอามกธญฺญเปยฺยาลวคฺโค
20	1	1	Paṭiccādivārapaccayacatukkahetu	ปฏิจฺจาทิวารปจฺจยจตุกฺกเหตุ
20	1	1	Paṭisandahanapuggalavediyanapañho	ปฏิสนฺทหนปุคฺคลเวทิยนปโญฺห
20	1	1	Paṭisāraṇīyakammaṭippassaddhikathā	ปฏิสารณียกมฺมฏิปฺปสฺสทฺธิกถา
20	1	1	Piṇḍolabhāradvājattheragāthā	ปิณฺโฑลภารทฺวาชตฺเถรคาถา
20	1	1	Potthakadāyakattherassāpadānaṃ	โปตฺถกทายกตฺเถรสฺสาปทานํ
20	1	1	Pupphacaṅkoṭiyattherassāpadānaṃ	ปุปฺผจงฺโกฏิยตฺเถรสฺสาปทานํ
20	1	1	Purohitaputtajentattheragāthā	ปุโรหิตปุตฺตเชนฺตตฺเถรคาถา
20	1	1	Puṇṇamantāṇiputtattheraapadāna	ปุณฺณมนฺตาณิปุตฺตตฺเถรอปทาน
20	1	1	Pātimokkhuddesakaajjhesanādi	ปาติโมกฺขุทฺเทสกอชฺเฌสนาทิ
20	1	1	Pāṭihīrasaññakattherassāpadānaṃ	ปาฏิหีรสญฺญกตฺเถรสฺสาปทานํ
20	1	1	Sabbaphaladāyakattherassāpadānaṃ	สพฺพผลทายกตฺเถรสฺสาปทานํ
20	1	1	Sampakkhandanalakkhaṇasaddhāpañho	สมฺปกฺขนฺทนลกฺขณสทฺธาปโญฺห
20	1	1	Saparivārāsanattherassāpadānaṃ	สปริวาราสนตฺเถรสฺสาปทานํ
20	1	1	Sattakadambapupphiyattheraapadāna	สตฺตกทมฺพปุปฺผิยตฺเถรอปทาน
20	1	1	Sattuppalamālikātheriyāpadānaṃ	สตฺตุปฺปลมาลิกาเถริยาปทานํ
20	1	1	Saṃgharakkhitabhāgineyyattheravatthu	สํฆรกฺขิตภาคิเนยฺยตฺเถรวตฺถุ
20	1	1	Suvaṇṇabibbohaniyattheraapadāna	สุวณฺณพิพฺโพหนิยตฺเถรอปทาน
20	1	1	SīIMajjhimapaṇṇāsakadutiyasuttepi	สีอิมชฺฌิมปณฺณาสกทุติยสุตฺเตปิ
20	1	1	Sīhāsanadāyakattherassāpadānaṃ	สีหาสนทายกตฺเถรสฺสาปทานํ
20	1	1	Sītavalāhakadānūpakārasuttadasaka	สีตวลาหกทานูปการสุตฺตทสก
20	1	1	Tatiyaāmakadhaññapeyyālavaggo	ตติยอามกธญฺญเปยฺยาลวคฺโค
20	1	1	Ticampakapupphiyattherassāpadānaṃ	ติจมฺปกปุปฺผิยตฺเถรสฺสาปทานํ
20	1	1	Tilamuṭṭhidāyakattherassāpadānaṃ	ติลมุฏฺฐิทายกตฺเถรสฺสาปทานํ
20	1	1	Tālaphaladāyakattherassāpadānaṃ	ตาลผลทายกตฺเถรสฺสาปทานํ
20	1	1	Tīṇuppalamāliyattherassāpadānaṃ	ตีณุปฺปลมาลิยตฺเถรสฺสาปทานํ
20	1	1	Ucchaṅgapupphiyattherassāpadānaṃ	อุจฺฉงฺคปุปฺผิยตฺเถรสฺสาปทานํ
20	1	1	Udapānadāyakattherassāpadānaṃ	อุทปานทายกตฺเถรสฺสาปทานํ
20	1	1	Udumbaraphaladāyakattheraapadāna	อุทุมฺพรผลทายกตฺเถรอปทาน
20	1	1	Ukkhittapadumiyattherassāpadānaṃ	อุกฺขิตฺตปทุมิยตฺเถรสฺสาปทานํ
20	1	1	Ukkoṭanavañcananikatisāviyogā	อุกฺโกฏนวญฺจนนิกติสาวิโยคา
20	1	1	Upaḍḍhadussadāyakattheraapadāna	อุปฑฺฒทุสฺสทายกตฺเถรอปทาน
20	1	1	Upāhanadāyakattherassāpadānaṃ	อุปาหนทายกตฺเถรสฺสาปทานํ
20	1	1	Uruveḷakassapattherassāpadānaṃ	อุรุเวฬกสฺสปตฺเถรสฺสาปทานํ
20	1	1	Uttareyyadāyakattheraapadāna	อุตฺตเรยฺยทายกตฺเถรอปทาน
20	1	1	Valliphaladāyakattherassāpadānaṃ	วลฺลิผลทายกตฺเถรสฺสาปทานํ
20	1	1	Varāhaeṇeyyavigāḷhasevite	วราเหอเณยฺยวิคาฬฺหเสวิเต
20	1	1	Vipākovipākadhammadhammotikathā	วิปาโกวิปากธมฺมธมฺโมติกถา
20	1	1	Visākhapañcālaputtattheragāthā	วิสาขปญฺจาลปุตฺตตฺเถรคาถา
20	1	1	Yasavatīpamukhabhikkhunīsahassaapadāna	ยสวตีปมุขภิกฺขุนีสหสฺสอปทาน
20	1	1	adhikaraṇasamuppādavūpasamanakusalo	อธิกรณสมุปฺปาทวูปสมนกุสโล
20	1	1	adukkhamasukhassādasaṃyojanasaṃyuttaṃ	อทุกฺขมสุขสฺสาทสํโยชนสํยุตฺตํ
20	1	1	ahaṅkāramamaṅkāramānānusayo	อหงฺการมมงฺการมานานุสโย
20	1	1	attakilamathānuyogamanuyuñjeyya	อตฺตกิลมถานุโยคมนุยุญฺเชยฺย
20	1	1	atthakilamathānuyogamanuyuñjeyya	อตฺถกิลมถานุโยคมนุยุญฺเชยฺย
20	1	1	bhikkhunīsikkhamānāsamaṇuddesehi	ภิกฺขุนีสิกฺขมานาสมณุทฺเทเสหิ
20	1	1	caturāsītikūṭasahassappaṭimaṇḍito	จตุราสีติกูฏสหสฺสปฺปฏิมณฺฑิโต
20	1	1	hassākhiḍḍāratidhammasamāpannā	หสฺสาขิฑฺฑารติธมฺมสมาปนฺนา
20	1	1	iddhipādalokiyalokuttaradhammā	อิทฺธิปาทโลกิยโลกุตฺตรธมฺมา
20	1	1	isisāmaññabhaṇḍuliṅgadhāraṇatopi	อิสิสามญฺญภณฺฑุลิงฺคธารณโตปิ
20	1	1	isitāpasabhūtadijagaṇānusañcarito	อิสิตาปสภูตทิชคณานุสญฺจริโต
20	1	1	kilesaduggandhapaṭivinodanaṭṭhena	กิเลสทุคฺคนฺธปฏิวิโนทนฏฺเฐน
20	1	1	kinnaramahoragānuciṇṇappadese	กินฺนรมโหรคานุจิณฺณปฺปเทเส
20	1	1	lokāyatavitaṇḍajanasallāpaplava	โลกายตวิตณฺฑชนสลฺลาปปฺลว
20	1	1	mettābhāvanānuyogamanuyuttā	เมตฺตาภาวนานุโยคมนุยุตฺตา
20	1	1	natthicakkhusamphassaviññāṇāyatanaṃ	นตฺถิจกฺขุสมฺผสฺสวิญฺญาณายตนํ
20	1	1	nevasaññānāsaññāyatasaññāya	เนวสญฺญานาสญฺญายตสญฺญาย
20	1	1	nevācayagāmināpacayagāmimeva	เนวาจยคามินาปจยคามิเมว
20	1	1	nocittasamuṭṭhānacittasamaṅgissa	โนจิตฺตสมุฏฺฐานจิตฺตสมงฺคิสฺส
20	1	1	paccayabhesajjaparikkhārānantipi	ปจฺจยเภสชฺชปริกฺขารานนฺติปิ
20	1	1	paramasaṇhasukhumacatusaccappaṭivedhaṃ	ปรมสณฺหสุขุมจตุสจฺจปฺปฏิเวธํ
20	1	1	paridevadukkhadomanassupāyāsā	ปริเทวทุกฺขโทมนสฺสุปายาสา
20	1	1	paṭipannakaphalaḷasekkhaphalasamaṅgīhi	ปฏิปนฺนกผลฬเสกฺขผลสมงฺคีหิ
20	1	1	piyavippayogavipariṇāmaparitāpana	ปิยวิปฺปโยควิปริณามปริตาปน
20	1	1	piṇḍapātasenāsanagilānapaccaya	ปิณฺฑปาตเสนาสนคิลานปจฺจย
20	1	1	sabbaññutañāṇaratanappaṭilābhāya	สพฺพญฺญุตญาณรตนปฺปฏิลาภาย
20	1	1	sappītikadukapaccavārapaccanīyepi	สปฺปีติกทุกปจฺจวารปจฺจนีเยปิ
20	1	1	sasaṅkhāraniggayhavāritapattoti	สสงฺขารนิคฺคยฺหวาริตปตฺโตติ
20	1	1	sasaṅkhāraniggayhavārivāvaṭoti	สสงฺขารนิคฺคยฺหวาริวาวโฏติ
20	1	1	sotāpannasakadāgāmianāgāmi	โสตาปนฺนสกทาคามิอนาคามิ
20	1	1	surāmerayamajjappamādaṭṭhāyīhi	สุราเมรยมชฺชปฺปมาทฏฺฐายีหิ
20	1	1	sāvajjakāyakammantavacīkammanta	สาวชฺชกายกมฺมนฺตวจีกมฺมนฺต
20	1	1	tvāpaccayantatthasaṃvaṇṇanānurūpaṃ	ตฺวาปจฺจยนฺตตฺถสํวณฺณนานุรูปํ
20	1	1	vedanānirodhagāminīiccādīsupi	เวทนานิโรธคามินีอิจฺจาทีสุปิ
20	1	1	Ādhāradāyakattherassāpadānaṃ	อาธารทายกตฺเถรสฺสาปทานํ
20	1	1	Ākāsukkhipiyattherassāpadānaṃ	อากาสุกฺขิปิยตฺเถรสฺสาปทานํ
20	1	1	Āmaṇḍaphaladāyakattheraapadāna	อามณฺฑผลทายกตฺเถรอปทาน
20	1	1	Ārāmadāyakattherassāpadānaṃ	อารามทายกตฺเถรสฺสาปทานํ
19	1	1	Adhikaraṇasamuppādavūpasamakusalo	อธิกรณสมุปฺปาทวูปสมกุสโล
19	1	1	Adhipaññādhammānupassanatthāya	อธิปญฺญาธมฺมานุปสฺสนตฺถาย
19	1	1	Ajeliphaladāyakattheraapadāna	อเชลิผลทายกตฺเถรอปทาน
19	1	1	Ajjunapupphiyattherassāpadānaṃ	อชฺชุนปุปฺผิยตฺเถรสฺสาปทานํ
19	1	1	Ambayāgadāyakattheraapadāna	อมฺพยาคทายกตฺเถรอปทาน
19	1	1	Ambayāgudāyakattheraapadāna	อมฺพยาคุทายกตฺเถรอปทาน
19	1	1	Ambāṭakadāyakattheraapadāna	อมฺพาฏกทายกตฺเถรอปทาน
19	1	1	Anaññātaññassāmītindrimūlakaṃ	อนญฺญาตญฺญสฺสามีตินฺทฺริมูลกํ
19	1	1	Anaññātaññasāmītindriyamūlakaṃ	อนญฺญาตญฺญสามีตินฺทฺริยมูลกํ
19	1	1	Arahantavedanāvediyanapañho	อรหนฺตเวทนาเวทิยนปโญฺห
19	1	1	Aññāsikoṇḍaññattheragāthā	อญฺญาสิโกณฺฑญฺญตฺเถรคาถา
19	1	1	Aḍḍhaceḷakattherassāpādānaṃ	อฑฺฒเจฬกตฺเถรสฺสาปาทานํ
19	1	1	Aḍḍhateyyavassasahassāyukesu	อฑฺฒเตยฺยวสฺสสหสฺสายุเกสุ
19	1	1	Bhaddākuṇḍalakesātherīgāthā	ภทฺทากุณฺฑลเกสาเถรีคาถา
19	1	1	Bhikkhādāyakattherassāpadānaṃ	ภิกฺขาทายกตฺเถรสฺสาปทานํ
19	1	1	Bhisamuḷāladāyakattheraapadāna	ภิสมุฬาลทายกตฺเถรอปทาน
19	1	1	Bhojanadāyakattherassāpadānaṃ	โภชนทายกตฺเถรสฺสาปทานํ
19	1	1	Bhāgineyyupālittheraapadāna	ภาคิเนยฺยุปาลิตฺเถรอปทาน
19	1	1	Bhājanapālakattherassāpadānaṃ	ภาชนปาลกตฺเถรสฺสาปทานํ
19	1	1	Buddhupaṭṭhākattherassāpadānaṃ	พุทฺธุปฏฺฐากตฺเถรสฺสาปทานํ
19	1	1	Candanamāliyattherassāpadānaṃ	จนฺทนมาลิยตฺเถรสฺสาปทานํ
19	1	1	Cattālīsaaviraḷadantalakkhaṇāni	จตฺตาลีสอวิรฬทนฺตลกฺขณานิ
19	1	1	Codakenapaccavekkhitabbadhamma	โจทเกนปจฺจเวกฺขิตพฺพธมฺม
19	1	1	Dhammasavaniyattherassāpādānaṃ	ธมฺมสวนิยตฺเถรสฺสาปาทานํ
19	1	1	Dutiyabhikkhādāyikāvimānavatthu	ทุติยภิกฺขาทายิกาวิมานวตฺถุ
19	1	1	Dutiyādipāṭidesanīyasikkhāpada	ทุติยาทิปาฏิเทสนียสิกฺขาปท
19	1	1	Ekapattadāyakattheraapadāna	เอกปตฺตทายกตฺเถรอปทาน
19	1	1	Ekapuṇḍarīkattherassāpadānaṃ	เอกปุณฺฑรีกตฺเถรสฺสาปทานํ
19	1	1	Ekatthambhikattherassāpadānaṃ	เอกตฺถมฺภิกตฺเถรสฺสาปทานํ
19	1	1	Ekavandaniyattherassāpadānaṃ	เอกวนฺทนิยตฺเถรสฺสาปทานํ
19	1	1	Ekavihārikattherassāpadānaṃ	เอกวิหาริกตฺเถรสฺสาปทานํ
19	1	1	Girinelapūjakattherassāpadānaṃ	คิริเนลปูชกตฺเถรสฺสาปทานํ
19	1	1	Giripunnāgiyattherassāpadānaṃ	คิริปุนฺนาคิยตฺเถรสฺสาปทานํ
19	1	1	Gosīsanikkhepakattheraapadāna	โคสีสนิกฺเขปกตฺเถรอปทาน
19	1	1	Harītakadāyakattherassāpadānaṃ	หรีตกทายกตฺเถรสฺสาปทานํ
19	1	1	Hetudukasanidassanasappaṭighattikaṃ	เหตุทุกสนิทสฺสนสปฺปฏิฆตฺติกํ
19	1	1	Kandalipupphiyattherassāpadānaṃ	กนฺทลิปุปฺผิยตฺเถรสฺสาปทานํ
19	1	1	Kapitthaphaladāyakattheraapadāna	กปิตฺถผลทายกตฺเถรอปทาน
19	1	1	Karuṇābhāvanānuyogamanuyuttā	กรุณาภาวนานุโยคมนุยุตฺตา
19	1	1	Kaḷambadāyakattherassāpadānaṃ	กฬมฺพทายกตฺเถรสฺสาปทานํ
19	1	1	Kaṅkhārevatattherassāpadānaṃ	กงฺขาเรวตตฺเถรสฺสาปทานํ
19	1	1	Kesarapupphiyattherassāpadānaṃ	เกสรปุปฺผิยตฺเถรสฺสาปทานํ
19	1	1	Ketakapupphiyattherassāpadānaṃ	เกตกปุปฺผิยตฺเถรสฺสาปทานํ
19	1	1	Khadiravaniyarevatattheraapadāna	ขทิรวนิยเรวตตฺเถรอปทาน
19	1	1	Khajjakadāyakattherassāpadānaṃ	ขชฺชกทายกตฺเถรสฺสาปทานํ
19	1	1	Kilañjadāyakattherassāpadānaṃ	กิลญฺชทายกตฺเถรสฺสาปทานํ
19	1	1	Kiṃkaṇikapupphiyattherassāpadānaṃ	กิํกณิกปุปฺผิยตฺเถรสฺสาปทานํ
19	1	1	Kiṅkaṇipupphiyattherassāpadānaṃ	กิงฺกณิปุปฺผิยตฺเถรสฺสาปทานํ
19	1	1	Kosambaphaliyattherassāpadānaṃ	โกสมฺพผลิยตฺเถรสฺสาปทานํ
19	1	1	Kumāputtasahāyakattheragāthā	กุมาปุตฺตสหายกตฺเถรคาถา
19	1	1	Kusalattikaupādānagocchakaṃ	กุสลตฺติกฺเอาปาทานโคจฺฉกํ
19	1	1	Lakuṇḍabhaddiyattherassāpadānaṃ	ลกุณฺฑภทฺทิยตฺเถรสฺสาปทานํ
19	1	1	Lomasakaṅgiyattherassāpadānaṃ	โลมสกงฺคิยตฺเถรสฺสาปทานํ
19	1	1	Madhumaṃsadāyakattherassāpadānaṃ	มธุมํสทายกตฺเถรสฺสาปทานํ
19	1	1	Mahākaccānattherassāpadānaṃ	มหากจฺจานตฺเถรสฺสาปทานํ
19	1	1	Mahākoṭṭhikattherassāpadānaṃ	มหาโกฏฺฐิกตฺเถรสฺสาปทานํ
19	1	1	Mahāmoggallānattheragāthā	มหาโมคฺคลฺลานตฺเถรคาถา
19	1	1	Mahāpajāpatigotamītherīgāthā	มหาปชาปติโคตมีเถรีคาถา
19	1	1	Mandāravapupphiyattheraapadāna	มนฺทารวปุปฺผิยตฺเถรอปทาน
19	1	1	Mettagūmāṇavapucchāniddeso	เมตฺตคูมาณวปุจฺฉานิทฺเทโส
19	1	1	Minelapupphiyattherassāpadānaṃ	มิเนลปุปฺผิยตฺเถรสฺสาปทานํ
19	1	1	Miñcavaṭaṃsakiyattherassāpadānaṃ	มิญฺจวฏํสกิยตฺเถรสฺสาปทานํ
19	1	1	Muditābhāvanānuyogamanuyuttā	มุทิตาภาวนานุโยคมนุยุตฺตา
19	1	1	Napabbājetabbadvattiṃsavāro	นปพฺพาเชตพฺพทฺวตฺติํสวาโร
19	1	1	Natthiarahatoakālamaccūtikathā	นตฺถิอรหโตอกาลมจฺจูติกถา
19	1	1	Naḷakuṭidāyakattherassāpadānaṃ	นฬกุฏิทายกตฺเถรสฺสาปทานํ
19	1	1	Naḷinakesariyattherassāpadānaṃ	นฬินเกสริยตฺเถรสฺสาปทานํ
19	1	1	Nevasaññānāsaññāyatanupage	เนวสญฺญานาสญฺญายตนุปเค
19	1	1	Nimittasaññakattherassāpadānaṃ	นิมิตฺตสญฺญกตฺเถรสฺสาปทานํ
19	1	1	Nipannañjalikattherassāpadānaṃ	นิปนฺนญฺชลิกตฺเถรสฺสาปทานํ
19	1	1	Nāgakesariyattherassāpadānaṃ	นาคเกสริยตฺเถรสฺสาปทานํ
19	1	1	Paccayacatukkahetuārammaṇādi	ปจฺจยจตุกฺกเหตุอารมฺมณาทิ
19	1	1	Paccuggamaniyattherassāpadānaṃ	ปจฺจุคฺคมนิยตฺเถรสฺสาปทานํ
19	1	1	Paccāgamaniyattherassāpadānaṃ	ปจฺจาคมนิยตฺเถรสฺสาปทานํ
19	1	1	Padumacchadaniyattherassāpadānaṃ	ปทุมจฺฉทนิยตฺเถรสฺสาปทานํ
19	1	1	Padumakesariyattherassāpadānaṃ	ปทุมเกสริยตฺเถรสฺสาปทานํ
19	1	1	Padumakūṭāgāriyattheraapadāna	ปทุมกูฏาคาริยตฺเถรอปทาน
19	1	1	Parappasādakattherassāpadānaṃ	ปรปฺปสาทกตฺเถรสฺสาปทานํ
19	1	1	Patthodanadāyakattheraapadāna	ปตฺโถทนทายกตฺเถรอปทาน
19	1	1	Paṭhamabhikkhādāyikāvimānavatthu	ปฐมภิกฺขาทายิกาวิมานวตฺถุ
19	1	1	Paṭisandahanapuggalavediyanapañha	ปฏิสนฺทหนปุคฺคลเวทิยนปญฺห
19	1	1	Piyālapupphiyattherassāpadānaṃ	ปิยาลปุปฺผิยตฺเถรสฺสาปทานํ
19	1	1	Piṅgiyamāṇavakapucchāniddeso	ปิงฺคิยมาณวกปุจฺฉานิทฺเทโส
19	1	1	Posālamāṇavapucchāniddeso	โปสาลมาณวปุจฺฉานิทฺเทโส
19	1	1	Pulinacaṅkamiyattherassāpadānaṃ	ปุลินจงฺกมิยตฺเถรสฺสาปทานํ
19	1	1	Pulinuppādakattherassāpadānaṃ	ปุลินุปฺปาทกตฺเถรสฺสาปทานํ
19	1	1	Pupphacchadaniyattherassāpadānaṃ	ปุปฺผจฺฉทนิยตฺเถรสฺสาปทานํ
19	1	1	Pupphacchattiyattherassāpadānaṃ	ปุปฺผจฺฉตฺติยตฺเถรสฺสาปทานํ
19	1	1	Pupphāsanadāyakattheraapadāna	ปุปฺผาสนทายกตฺเถรอปทาน
19	1	1	Pānadhidāyakattherassāpadānaṃ	ปานธิทายกตฺเถรสฺสาปทานํ
19	1	1	Pāyasadāyakattherassāpadānaṃ	ปายสทายกตฺเถรสฺสาปทานํ
19	1	1	Samadantasusukkadāṭhālakkhaṇāni	สมทนฺตสุสุกฺกทาฐาลกฺขณานิ
19	1	1	Samathanimittūpaṭṭhānakusalavasena	สมถนิมิตฺตูปฏฺฐานกุสลวเสน
19	1	1	Sammukhāthavikattherassāpadānaṃ	สมฺมุขาถวิกตฺเถรสฺสาปทานํ
19	1	1	Sampakkhandanalakkhaṇasaddhāpañha	สมฺปกฺขนฺทนลกฺขณสทฺธาปญฺห
19	1	1	Sanidassanasappaṭighattikahetudukaṃ	สนิทสฺสนสปฺปฏิฆตฺติกเหตุทุกํ
19	1	1	Sanniṭṭhāpakattherassāpadānaṃ	สนฺนิฏฺฐาปกตฺเถรสฺสาปทานํ
19	1	1	Sattalipupphapūjakattheraapadāna	สตฺตลิปุปฺผปูชกตฺเถรอปทาน
19	1	1	Sattapāṭaliyattherassāpadānaṃ	สตฺตปาฏลิยตฺเถรสฺสาปทานํ
19	1	1	Sattuppalamālikātherīapadāna	สตฺตุปฺปลมาลิกาเถรีอปทาน
19	1	1	Sattāhapabbajitattheraapadāna	สตฺตาหปพฺพชิตตฺเถรอปทาน
19	1	1	Sayaṃpaṭibhāniyattherassāpadānaṃ	สยํปฏิภานิยตฺเถรสฺสาปทานํ
19	1	1	Saññogānupaṭṭhānakusalavasena	สญฺโญคานุปฏฺฐานกุสลวเสน
19	1	1	Saḷalamaṇḍapiyattherassāpadānaṃ	สฬลมณฺฑปิยตฺเถรสฺสาปทานํ
19	1	1	Saṅkhārānupaṭṭhānakusalavasena	สงฺขารานุปฏฺฐานกุสลวเสน
19	1	1	Senāsanadāyakattheraapadāna	เสนาสนทายกตฺเถรอปทาน
19	1	1	Sokaparidevadukkhadomanassupā	โสกปริเทวทุกฺขโทมนสฺสุปา
19	1	1	Sovaṇṇakiṅkaṇiyattheraapadāna	โสวณฺณกิงฺกณิยตฺเถรอปทาน
19	1	1	Sovaṇṇavaṭaṃsakiyattheraapadāna	โสวณฺณวฏํสกิยตฺเถรอปทาน
19	1	1	Soṇakoḷivisattherassāpadānaṃ	โสณโกฬิวิสตฺเถรสฺสาปทานํ
19	1	1	Soṇakoṭivīsattherassāpadānaṃ	โสณโกฏิวีสตฺเถรสฺสาปทานํ
19	1	1	Soṇṇakontarikattheraapadāna	โสณฺณโกนฺตริกตฺเถรอปทาน
19	1	1	Subhājīvakambavanikātherīgāthā	สุภาชีวกมฺพวนิกาเถรีคาถา
19	1	1	Sukatāveḷiyattherassāpadānaṃ	สุกตาเวฬิยตฺเถรสฺสาปทานํ
19	1	1	Sumanāveḷiyattherassāpadānaṃ	สุมนาเวฬิยตฺเถรสฺสาปทานํ
19	1	1	Suvaṇṇapupphiyattherassāpadānaṃ	สุวณฺณปุปฺผิยตฺเถรสฺสาปทานํ
19	1	1	Sālamaṇḍapiyattherassāpadānaṃ	สาลมณฺฑปิยตฺเถรสฺสาปทานํ
19	1	1	Sālapupphadāyakattheraapadāna	สาลปุปฺผทายกตฺเถรอปทาน
19	1	1	Sāriputtattheramātupetivatthu	สาริปุตฺตตฺเถรมาตุเปติวตฺถุ
19	1	1	Sīhāsanabījiyattherassāpadānaṃ	สีหาสนพีชิยตฺเถรสฺสาปทานํ
19	1	1	Tamālapupphiyattherassāpadānaṃ	ตมาลปุปฺผิยตฺเถรสฺสาปทานํ
19	1	1	Thambhāropakattherassāpadānaṃ	ถมฺภาโรปกตฺเถรสฺสาปทานํ
19	1	1	Tikaṇikārapupphiyattheraapadāna	ติกณิการปุปฺผิยตฺเถรอปทาน
19	1	1	Tikaṇṇipupphiyattherassāpadānaṃ	ติกณฺณิปุปฺผิยตฺเถรสฺสาปทานํ
19	1	1	Tikiṅkaṇipūjakattherassāpadānaṃ	ติกิงฺกณิปูชกตฺเถรสฺสาปทานํ
19	1	1	Tindukadāyakattherassāpadānaṃ	ตินฺทุกทายกตฺเถรสฺสาปทานํ
19	1	1	Tindukaphaladāyakattheraapadāna	ตินฺทุกผลทายกตฺเถรอปทาน
19	1	1	Tisaraṇagamaniyattherassāpadānaṃ	ติสรณคมนิยตฺเถรสฺสาปทานํ
19	1	1	Tissametteyyattheraapadāna	ติสฺสเมตฺเตยฺยตฺเถรอปทาน
19	1	1	Tivaṇṭipupphiyattherassāpadānaṃ	ติวณฺฏิปุปฺผิยตฺเถรสฺสาปทานํ
19	1	1	Tiṇakuṭidāyakattherassāpadānaṃ	ติณกุฏิทายกตฺเถรสฺสาปทานํ
19	1	1	Tiṇasantharadāyakattheraapadāna	ติณสนฺถรทายกตฺเถรอปทาน
19	1	1	Tiṇasanthārakattherassāpadānaṃ	ติณสนฺถารกตฺเถรสฺสาปทานํ
19	1	1	Tiṇasūlakachādaniyattheraapadāna	ติณสูลกฉาทนิยตฺเถรอปทาน
19	1	1	Tiṇukkadhāriyattherassāpadānaṃ	ติณุกฺกธาริยตฺเถรสฺสาปทานํ
19	1	1	Tālavaṇṭadāyakattheraapadāna	ตาลวณฺฏทายกตฺเถรอปทาน
19	1	1	Udakāsanadāyakattheraapadāna	อุทกาสนทายกตฺเถรอปทาน
19	1	1	Uddālakadāyakattheraapadāna	อุทฺทาลกทายกตฺเถรอปทาน
19	1	1	Uddālakapupphiyattheraapadāna	อุทฺทาลกปุปฺผิยตฺเถรอปทาน
19	1	1	Upaṭṭhākadāyakattheraapadāna	อุปฏฺฐากทายกตฺเถรอปทาน
19	1	1	Uppalahatthiyattherassāpadānaṃ	อุปฺปลหตฺถิยตฺเถรสฺสาปทานํ
19	1	1	Upāgatāsayattherassāpadānaṃ	อุปาคตาสยตฺเถรสฺสาปทานํ
19	1	1	Upālittherāpadānaṭṭhakathāyaṃ	อุปาลิตฺเถราปทานฏฺฐกถายํ
19	1	1	Uttalipupphiyattherassāpadānaṃ	อุตฺตลิปุปฺผิยตฺเถรสฺสาปทานํ
19	1	1	Vanakoraṇḍiyattherassāpadānaṃ	วนโกรณฺฑิยตฺเถรสฺสาปทานํ
19	1	1	Vidhūpanadāyakattherassāpadānaṃ	วิธูปนทายกตฺเถรสฺสาปทานํ
19	1	1	Vuḍḍhapabbajitasumanātherīgāthā	วุฑฺฒปพฺพชิตสุมนาเถรีคาถา
19	1	1	abhiññāvosānapāramippatto	อภิญฺญาโวสานปารมิปฺปตฺโต
19	1	1	adinnādānapārājikapattiyā	อทินฺนาทานปาราชิกปตฺติยา
19	1	1	anaññātaññassāmitindriyañca	อนญฺญาตญฺญสฺสามิตินฺทฺริยญฺจ
19	1	1	anīkaṭṭhapārisajjanegamabhaṭabala	อนีกฏฺฐปาริสชฺชเนคมภฏพล
19	1	1	arahantaghātakammassātipadesu	อรหนฺตฆาตกมฺมสฺสาติปเทสุ
19	1	1	attaparitāpanānuyogamanutto	อตฺตปริตาปนานุโยคมนุตฺโต
19	1	1	attaparitāpanānuyugamanuyutto	อตฺตปริตาปนานุยุคมนุยุตฺโต
19	1	1	dhammacariyāsamacariyāseyyoti	ธมฺมจริยาสมจริยาเสยฺโยติ
19	1	1	dhammavicayasambojjhaṅgovīmasā	ธมฺมวิจยสมฺโพชฺฌงฺโควีมสา
19	1	1	domanassupāyāsapariḷāhenapi	โทมนสฺสุปายาสปริฬาเหนปิ
19	1	1	dukkhadomanassupāyāsakantāraṃ	ทุกฺขโทมนสฺสุปายาสกนฺตารํ
19	1	1	ekaṅguttaranikāyavaralañchake	เอกงฺคุตฺตรนิกายวรลญฺฉเก
19	1	1	gaṇṭhikuṭilasusirakaṇṭalatāsākhā	คณฺฐิกุฏิลสุสิรกณฺฏลตาสาขา
19	1	1	gilānapacayabhesajjaparikkhāre	คิลานปจยเภสชฺชปริกฺขาเร
19	1	1	itarītaragilānappaccayabhesajja	อิตรีตรคิลานปฺปจฺจยเภสชฺช
19	1	1	itivādappamokkhānisaṃsañceva	อิติวาทปฺปโมกฺขานิสํสญฺเจว
19	1	1	kumuduppalapadumapuṇḍarīkasañchannaṃ	กุมุทุปฺปลปทุมปุณฺฑรีกสญฺฉนฺนํ
19	1	1	kāmasukhallikānuyogamanuyutto	กามสุขลฺลิกานุโยคมนุยุตฺโต
19	1	1	lābhasakkarasilokappaṭilābhāya	ลาภสกฺกรสิโลกปฺปฏิลาภาย
19	1	1	nanocittasaṃsaṭṭhasamuṭṭhānasahabhū	นโนจิตฺตสํสฏฺฐสมุฏฺฐานสหภู
19	1	1	nasaṅkhāravipariṇāmānuparivatti	นสงฺขารวิปริณามานุปริวตฺติ
19	1	1	nevasaññānāsaññāyatanassapi	เนวสญฺญานาสญฺญายตนสฺสปิ
19	1	1	nivāsetvāpattacīvaramādāya	นิวาเสตฺวาปตฺตจีวรมาทาย
19	1	1	paramasaṇhasukhumaduppaṭivedhatāya	ปรมสณฺหสุขุมทุปฺปฏิเวธตาย
19	1	1	paṭipadāñāṇadassanavisuddhatthā	ปฏิปทาญาณทสฺสนวิสุทฺธตฺถา
19	1	1	puthusamaṇabrāhmaṇaparappavāde	ปุถุสมณพฺราหฺมณปรปฺปวาเท
19	1	1	puttadāradāsakammakaraporisā	ปุตฺตทารทาสกมฺมกรโปริสา
19	1	1	rūpasaddagandharasaphassaputtadāra	รูปสทฺทคนฺธรสผสฺสปุตฺตทาร
19	1	1	saṃyojanavippayuttaasaṃyojaniyan	สํโยชนวิปฺปยุตฺตอสํโยชนิยนฺ
19	1	1	sippikasambukampisakkharakathalampi	สิปฺปิกสมฺพุกมฺปิสกฺขรกถลมฺปิ
19	1	1	surāmerayamajjappamādaṭṭhānaṃ	สุราเมรยมชฺชปฺปมาทฏฺฐานํ
19	1	1	sīlabbataparāmāsakāyaganthañca	สีลพฺพตปรามาสกายคนฺถญฺจ
19	1	1	tiṇavatthārakassayebhuyyasikāya	ติณวตฺถารกสฺสเยภุยฺยสิกาย
19	1	1	uposathanāgarājappaṭibhāgassa	อุโปสถนาคราชปฺปฏิภาคสฺส
19	1	1	viññāṇakasiṇasamāpattiparamatā	วิญฺญาณกสิณสมาปตฺติปรมตา
19	1	1	yogāvacarenaevaṃcintayitabbaṃ	โยคาวจเรเนอวํจินฺตยิตพฺพํ
19	1	1	ñāṇavaravijjujālapariveṭhitena	ญาณวรวิชฺชุชาลปริเวฐิเตน
19	1	1	Ālambaṇadāyakattheraapadāna	อาลมฺพณทายกตฺเถรอปทาน
19	1	1	Āsanupaṭṭhāhakattheraapadāna	อาสนุปฏฺฐาหกตฺเถรอปทาน
19	1	1	Āyāgadāyakatherassāpadānaṃ	อายาคทายกเถรสฺสาปทานํ
19	1	1	Āyūhanānupaṭṭhānakusalavasena	อายูหนานุปฏฺฐานกุสลวเสน
19	1	1	ūmitthanitavegavisaṭamāṭṭavegaṃ	อูมิตฺถนิตเวควิสฏมาฏฺฏเวคํ
18	1	1	Adhopupphiyattherassāpadānaṃ	อโธปุปฺผิยตฺเถรสฺสาปทานํ
18	1	1	Aggapupphiyattherassāpadānaṃ	อคฺคปุปฺผิยตฺเถรสฺสาปทานํ
18	1	1	Ajinadāyakattherassāpadānaṃ	อชินทายกตฺเถรสฺสาปทานํ
18	1	1	Akkamanadāyakattheraapadāna	อกฺกมนทายกตฺเถรอปทาน
18	1	1	Akkantasaññakattheraapadāna	อกฺกนฺตสญฺญกตฺเถรอปทาน
18	1	1	Ambadāyakattherassāpadānaṃ	อมฺพทายกตฺเถรสฺสาปทานํ
18	1	1	Ambalaṭṭhikarāhulovādasuttaṃ	อมฺพลฏฺฐิกราหุโลวาทสุตฺตํ
18	1	1	Ambāṭakiyattherassāpadānaṃ	อมฺพาฏกิยตฺเถรสฺสาปทานํ
18	1	1	Amodaphaliyattherassāpadānaṃ	อโมทผลิยตฺเถรสฺสาปทานํ
18	1	1	Anidassanaappaṭighamūlakeyeva	อนิทสฺสนอปฺปฏิฆมูลเกเยว
18	1	1	Anupubbavihārasamāpattisutta	อนุปุพฺพวิหารสมาปตฺติสุตฺต
18	1	1	Anusaṃsāvakattherassāpadānaṃ	อนุสํสาวกตฺเถรสฺสาปทานํ
18	1	1	Aparauttarattheraapadāna	อปรฺเอาตฺตรตฺเถรอปทาน
18	1	1	Appaṇihitūpaṭṭhānakusalavasena	อปฺปณิหิตูปฏฺฐานกุสลวเสน
18	1	1	Arahantavedanāvediyanapañha	อรหนฺตเวทนาเวทิยนปญฺห
18	1	1	Asanabodhiyattherassāpadānaṃ	อสนโพธิยตฺเถรสฺสาปทานํ
18	1	1	Asokapūjakattherassāpadānaṃ	อโสกปูชกตฺเถรสฺสาปทานํ
18	1	1	Atthasandassakattheraapadāna	อตฺถสนฺทสฺสกตฺเถรอปทาน
18	1	1	Atītakkhandhādisamodhānakathā	อตีตกฺขนฺธาทิสโมธานกถา
18	1	1	Atītakālikakiriyāpadāniyeva	อตีตกาลิกกิริยาปทานิเยว
18	1	1	Avaṭaphaladāyakattheraapadāna	อวฏผลทายกตฺเถรอปทาน
18	1	1	Avikkhepūpaṭṭhānakusalavasena	อวิกฺเขปูปฏฺฐานกุสลวเสน
18	1	1	Avopupphiyattherassāpadānaṃ	อโวปุปฺผิยตฺเถรสฺสาปทานํ
18	1	1	Añāṇānupaṭṭhānakusalavasena	อญาณานุปฏฺฐานกุสลวเสน
18	1	1	Aḍḍhacandiyattherassāpadānaṃ	อฑฺฒจนฺทิยตฺเถรสฺสาปทานํ
18	1	1	Aṃsabandhakadāyikāvimānavatthu	อํสพนฺธกทายิกาวิมานวตฺถุ
18	1	1	Bhallātadāyakattheraapadāna	ภลฺลาตทายกตฺเถรอปทาน
18	1	1	Bhesajjānuññātabhāṇavāro	เภสชฺชานุญฺญาตภาณวาโร
18	1	1	Bhisāluvadāyakattheraapadāna	ภิสาลุวทายกตฺเถรอปทาน
18	1	1	Bimbijāliyattherassāpadānaṃ	พิมฺพิชาลิยตฺเถรสฺสาปทานํ
18	1	1	Bodhigharadāyakattheraapadāna	โพธิฆรทายกตฺเถรอปทาน
18	1	1	Bodhisammajjakattheraapadāna	โพธิสมฺมชฺชกตฺเถรอปทาน
18	1	1	Bodhisiñcakattherassāpadānaṃ	โพธิสิญฺจกตฺเถรสฺสาปทานํ
18	1	1	Bodhiupaṭṭhākattheraapadāna	โพธิอุปฏฺฐากตฺเถรอปทาน
18	1	1	Bodhivandakattherassāpadānaṃ	โพธิวนฺทกตฺเถรสฺสาปทานํ
18	1	1	Buddhupaṭṭhāyikattheraapadāna	พุทฺธุปฏฺฐายิกตฺเถรอปทาน
18	1	1	Cattārīsachabbassasatāyukānaṃ	จตฺตารีสฉพฺพสฺสสตายุกานํ
18	1	1	Cattārīsavassasahassāyukesu	จตฺตารีสวสฺสสหสฺสายุเกสุ
18	1	1	Catutthanibbānapaṭisaṃyuttasutta	จตุตฺถนิพฺพานปฏิสํยุตฺตสุตฺต
18	1	1	Caṅkamanadāyakattheraapadāna	จงฺกมนทายกตฺเถรอปทาน
18	1	1	Caṅkoṭikiyattherassāpadānaṃ	จงฺโกฏิกิยตฺเถรสฺสาปทานํ
18	1	1	Chattadāyakattherassāpadānaṃ	ฉตฺตทายกตฺเถรสฺสาปทานํ
18	1	1	Chaḷaṅgakumāradhanantevāsinā	ฉฬงฺคกุมารธนนฺเตวาสินา
18	1	1	Citakanibbāpakattheraapadāna	จิตกนิพฺพาปกตฺเถรอปทาน
18	1	1	Dabbamallaputtattheraapadāna	ทพฺพมลฺลปุตฺตตฺเถรอปทาน
18	1	1	Dassanavisuddhiñāṇananiddeso	ทสฺสนวิสุทฺธิญาณนนิทฺเทโส
18	1	1	Desakittakattherassāpadānaṃ	เทสกิตฺตกตฺเถรสฺสาปทานํ
18	1	1	Dhammacakkikattherassāpadānaṃ	ธมฺมจกฺกิกตฺเถรสฺสาปทานํ
18	1	1	Dhammasaññakattherassāpadānaṃ	ธมฺมสญฺญกตฺเถรสฺสาปทานํ
18	1	1	Dhammataṇhāabyākatātikathā	ธมฺมตณฺหาอพฺยากตาติกถา
18	1	1	Dussadāyakattherassāpadānaṃ	ทุสฺสทายกตฺเถรสฺสาปทานํ
18	1	1	Dutiyaraṃsisaññakattheraapadāna	ทุติยรํสิสญฺญกตฺเถรอปทาน
18	1	1	Dverataniyattherassāpadānaṃ	เทฺวรตนิยตฺเถรสฺสาปทานํ
18	1	1	Ekacāriyattherassāpadānaṃ	เอกจาริยตฺเถรสฺสาปทานํ
18	1	1	Ekadhammasavanīyattheragāthā	เอกธมฺมสวนียตฺเถรคาถา
18	1	1	Ekapadumiyattherassāpadānaṃ	เอกปทุมิยตฺเถรสฺสาปทานํ
18	1	1	Ekapasādaniyattheraapadāna	เอกปสาทนิยตฺเถรอปทาน
18	1	1	Ekapupphiyatterassāpadānaṃ	เอกปุปฺผิยตฺเตรสฺสาปทานํ
18	1	1	Ekasaṅkhiyattherassāpadānaṃ	เอกสงฺขิยตฺเถรสฺสาปทานํ
18	1	1	Ekañjaliyattherassāpadānaṃ	เอกญฺชลิยตฺเถรสฺสาปทานํ
18	1	1	Ekāsaniyattherassāpadānaṃ	เอกาสนิยตฺเถรสฺสาปทานํ
18	1	1	Ekūposathikātheriyāpadānaṃ	เอกูโปสถิกาเถริยาปทานํ
18	1	1	Gandhamuṭṭhiyattherassāpadānaṃ	คนฺธมุฏฺฐิยตฺเถรสฺสาปทานํ
18	1	1	Gandhamāliyattherassāpadānaṃ	คนฺธมาลิยตฺเถรสฺสาปทานํ
18	1	1	Gandhuttamadāyikāvimānavatthu	คนฺธุตฺตมทายิกาวิมานวตฺถุ
18	1	1	Gayākassapattherassāpadānaṃ	คยากสฺสปตฺเถรสฺสาปทานํ
18	1	1	Gaṇṭhipupphiyattherassāpadānaṃ	คณฺฐิปุปฺผิยตฺเถรสฺสาปทานํ
18	1	1	Gerukaparikammakaraṇamattenapi	เครุกปริกมฺมกรณมตฺเตนปิ
18	1	1	Ghosasaññakattherassāpadānaṃ	โฆสสญฺญกตฺเถรสฺสาปทานํ
18	1	1	Godhikattheraparinibbānavatthu	โคธิกตฺเถรปรินิพฺพานวตฺถุ
18	1	1	Hatthidāyakattherassāpadānaṃ	หตฺถิทายกตฺเถรสฺสาปทานํ
18	1	1	Hatthigavassavaḷavāpaṭiggahaṇā	หตฺถิควสฺสวฬวาปฏิคฺคหณา
18	1	1	Hatthārohaputtattheragāthā	หตฺถาโรหปุตฺตตฺเถรคาถา
18	1	1	Hetudukaajjhattārammaṇattikaṃ	เหตุทุกอชฺฌตฺตารมฺมณตฺติกํ
18	1	1	Hoticanacahotitathāgatosutta	โหติจนจโหติตถาคโตสุตฺต
18	1	1	Isimuggadāyakattheraapadāna	อิสิมุคฺคทายกตฺเถรอปทาน
18	1	1	Isivutthapuririkāmaekarakkhe	อิสิวุตฺถปุริริกาเมอกรกฺเข
18	1	1	Jagatidāyakattherassāpadānaṃ	ชคติทายกตฺเถรสฺสาปทานํ
18	1	1	Jagatikārakattherassāpadānaṃ	ชคติการกตฺเถรสฺสาปทานํ
18	1	1	Jambugāmikaputtattheragāthā	ชมฺพุคามิกปุตฺตตฺเถรคาถา
18	1	1	Jutindharassantimadehadhārino	ชุตินฺธรสฺสนฺติมเทหธาริโน
18	1	1	Jātipupphiyattherassāpadānaṃ	ชาติปุปฺผิยตฺเถรสฺสาปทานํ
18	1	1	Kadaliphaladāyakattheraapadāna	กทลิผลทายกตฺเถรอปทาน
18	1	1	Kakkaṭakarasadāyakavimānavatthu	กกฺกฏกรสทายกวิมานวตฺถุ
18	1	1	Kakkārikadāyikāvimānavatthu	กกฺการิกทายิกาวิมานวตฺถุ
18	1	1	Kakkārupupphiyattheraapadāna	กกฺการุปุปฺผิยตฺเถรอปทาน
18	1	1	Kapparukkhiyattherassāpadānaṃ	กปฺปรุกฺขิยตฺเถรสฺสาปทานํ
18	1	1	Kaṇaverapupphiyattheraapadāna	กณเวรปุปฺผิยตฺเถรอปทาน
18	1	1	Kaṇikārachattiyattheraapadāna	กณิการฉตฺติยตฺเถรอปทาน
18	1	1	Kaṇikārapupphiyattheraapadāna	กณิการปุปฺผิยตฺเถรอปทาน
18	1	1	Khadiravaniyarevatattheragāthā	ขทิรวนิยเรวตตฺเถรคาถา
18	1	1	Khaṇḍapulliyattherassāpadānaṃ	ขณฺฑปุลฺลิยตฺเถรสฺสาปทานํ
18	1	1	Khomadāyakattherassāpadānaṃ	โขมทายกตฺเถรสฺสาปทานํ
18	1	1	Kisalayapūjakattherassāpadānaṃ	กิสลยปูชกตฺเถรสฺสาปทานํ
18	1	1	Kiṃsukapupphiyattherassāpadānaṃ	กิํสุกปุปฺผิยตฺเถรสฺสาปทานํ
18	1	1	Koladāyakattherassāpadānaṃ	โกลทายกตฺเถรสฺสาปทานํ
18	1	1	Koṭumbariyattherassāpadānaṃ	โกฏุมฺพริยตฺเถรสฺสาปทานํ
18	1	1	Kummāsadāyakattheraapadāna	กุมฺมาสทายกตฺเถรอปทาน
18	1	1	Kumudadāyakattherassāpadānaṃ	กุมุททายกตฺเถรสฺสาปทานํ
18	1	1	Kumārakassapamātuttherivatthu	กุมารกสฺสปมาตุตฺเถริวตฺถุ
18	1	1	Kusaṭṭhakadāyakattheraapadāna	กุสฏฺฐกทายกตฺเถรอปทาน
18	1	1	Kusumāsaniyattherassāpadānaṃ	กุสุมาสนิยตฺเถรสฺสาปทานํ
18	1	1	Kuṭajapupphiyattherassāpadānaṃ	กุฏชปุปฺผิยตฺเถรสฺสาปทานํ
18	1	1	Kuṭijapupphiyattherassāpadānaṃ	กุฏิชปุปฺผิยตฺเถรสฺสาปทานํ
18	1	1	Kāsumāraphaliyattheraapadāna	กาสุมารผลิยตฺเถรอปทาน
18	1	1	Labujadāyakattherassāpadānaṃ	ลพุชทายกตฺเถรสฺสาปทานํ
18	1	1	Labujaphaladāyakattheraapadāna	ลพุชผลทายกตฺเถรอปทาน
18	1	1	Lasuṇadāyakattherassāpadānaṃ	ลสุณทายกตฺเถรสฺสาปทานํ
18	1	1	Macchadāyakattherassāpadānaṃ	มจฺฉทายกตฺเถรสฺสาปทานํ
18	1	1	Maggadattikattherassāpadānaṃ	มคฺคทตฺติกตฺเถรสฺสาปทานํ
18	1	1	Maggadāyakattherassāpadānaṃ	มคฺคทายกตฺเถรสฺสาปทานํ
18	1	1	Maggasaññakattherassāpadānaṃ	มคฺคสญฺญกตฺเถรสฺสาปทานํ
18	1	1	Maghavapupphiyattherassāpadānaṃ	มฆวปุปฺผิยตฺเถรสฺสาปทานํ
18	1	1	Mahābyūhakūṭāgārappamukhāni	มหาพฺยูหกูฏาคารปฺปมุขานิ
18	1	1	Mahākaccāyanattheraapadāna	มหากจฺจายนตฺเถรอปทาน
18	1	1	Mahākappinattherassāpadānaṃ	มหากปฺปินตฺเถรสฺสาปทานํ
18	1	1	Mahāparivārakattheraapadāna	มหาปริวารกตฺเถรอปทาน
18	1	1	Mahāvaggaaṭṭhamasuttavaṇṇanā	มหาวคฺคอฏฺฐมสุตฺตวณฺณนา
18	1	1	Mañjaripūjakattherassāpadānaṃ	มญฺชริปูชกตฺเถรสฺสาปทานํ
18	1	1	Morahatthiyattherassāpadānaṃ	โมรหตฺถิยตฺเถรสฺสาปทานํ
18	1	1	Muṭṭhipupphiyattherassāpadānaṃ	มุฏฺฐิปุปฺผิยตฺเถรสฺสาปทานํ
18	1	1	Mūlagandhadānūpakārasuttadasaka	มูลคนฺธทานูปการสุตฺตทสก
18	1	1	Mūlāyapaṭikassanārahacatuttho	มูลายปฏิกสฺสนารหจตุตฺโถ
18	1	1	Naḷāgārikattherassāpadānaṃ	นฬาคาริกตฺเถรสฺสาปทานํ
18	1	1	Nevasaññānāsaññāyatanasmiṃ	เนวสญฺญานาสญฺญายตนสฺมิํ
18	1	1	Nevācayagāmināpacayagāmīhi	เนวาจยคามินาปจยคามีหิ
18	1	1	Nimittānupaṭṭhānakusalavasena	นิมิตฺตานุปฏฺฐานกุสลวเสน
18	1	1	Nisseṇidāyakattheraapadāna	นิสฺเสณิทายกตฺเถรอปทาน
18	1	1	Nāgapallavattherassāpadānaṃ	นาคปลฺลวตฺเถรสฺสาปทานํ
18	1	1	Nāgasamālattherassāpadānaṃ	นาคสมาลตฺเถรสฺสาปทานํ
18	1	1	Oposathanāgarājappamukhāni	โอโปสถนาคราชปฺปมุขานิ
18	1	1	Pabbhāradāyakattheraapadāna	ปพฺภารทายกตฺเถรอปทาน
18	1	1	Paccuggamaniyattheraapādāna	ปจฺจุคฺคมนิยตฺเถรอปาทาน
18	1	1	Padumapupphiyattherassāpadānaṃ	ปทุมปุปฺผิยตฺเถรสฺสาปทานํ
18	1	1	Padīpadāyakattherassāpadānaṃ	ปทีปทายกตฺเถรสฺสาปทานํ
18	1	1	Pallaṅkadāyakattheraapadāna	ปลฺลงฺกทายกตฺเถรอปทาน
18	1	1	Panasaphaladāyakattheraapadāna	ปนสผลทายกตฺเถรอปทาน
18	1	1	Paramannadāyakattheraapadāna	ปรมนฺนทายกตฺเถรอปทาน
18	1	1	Pattadāyakattherassāpadānaṃ	ปตฺตทายกตฺเถรสฺสาปทานํ
18	1	1	Pañcaggadāyakabrāhmaṇavatthu	ปญฺจคฺคทายกพฺราหฺมณวตฺถุ
18	1	1	Pañcaṅguliyattherassāpadānaṃ	ปญฺจงฺคุลิยตฺเถรสฺสาปทานํ
18	1	1	Paṃsukūlapūjakattherassāpadānaṃ	ปํสุกูลปูชกตฺเถรสฺสาปทานํ
18	1	1	Phalakadāyakattherassāpadānaṃ	ผลกทายกตฺเถรสฺสาปทานํ
18	1	1	Phusitakampiyattherassāpadānaṃ	ผุสิตกมฺปิยตฺเถรสฺสาปทานํ
18	1	1	Piṇḍapātikattherassāpadānaṃ	ปิณฺฑปาติกตฺเถรสฺสาปทานํ
18	1	1	Pubbaṅgamiyattherassāpadānaṃ	ปุพฺพงฺคมิยตฺเถรสฺสาปทานํ
18	1	1	Pupphacaṅkoṭiyattheraapadāna	ปุปฺผจงฺโกฏิยตฺเถรอปทาน
18	1	1	Pupphadhārakattherassāpadānaṃ	ปุปฺผธารกตฺเถรสฺสาปทานํ
18	1	1	Pupphuttamadāyikāvimānavatthu	ปุปฺผุตฺตมทายิกาวิมานวตฺถุ
18	1	1	Pānadhidāyattherassāpadānaṃ	ปานธิทายตฺเถรสฺสาปทานํ
18	1	1	Pātimokkhuddesānujānanā	ปาติโมกฺขุทฺเทสานุชานนา
18	1	1	Pāṭihīrasaññakattheraapadāna	ปาฏิหีรสญฺญกตฺเถรอปทาน
18	1	1	Rahosaññakattherassāpadānaṃ	รโหสญฺญกตฺเถรสฺสาปทานํ
18	1	1	Rattipupphiyattherassāpadānaṃ	รตฺติปุปฺผิยตฺเถรสฺสาปทานํ
18	1	1	Sabbadhammasampaṭivedhalakkhaṇā	สพฺพธมฺมสมฺปฏิเวธลกฺขณา
18	1	1	Sabbadāyakattherassāpadānaṃ	สพฺพทายกตฺเถรสฺสาปทานํ
18	1	1	Sabbagandhiyattherassāpadānaṃ	สพฺพคนฺธิยตฺเถรสฺสาปทานํ
18	1	1	Sabbaphaladāyakattheraapadāna	สพฺพผลทายกตฺเถรอปทาน
18	1	1	Saccasaññakattherassāpadānaṃ	สจฺจสญฺญกตฺเถรสฺสาปทานํ
18	1	1	Sakacintaniyattherassāpadānaṃ	สกจินฺตนิยตฺเถรสฺสาปทานํ
18	1	1	Sakkāyasamudayagāminīyevāyaṃ	สกฺกายสมุทยคามินีเยวายํ
18	1	1	Salalamāliyattherassāpadānaṃ	สลลมาลิยตฺเถรสฺสาปทานํ
18	1	1	Samathanimittupaṭṭhānekattañca	สมถนิมิตฺตุปฏฺฐาเนกตฺตญฺจ
18	1	1	Sampahaṃsanūpaṭṭhānakusalavasena	สมฺปหํสนูปฏฺฐานกุสลวเสน
18	1	1	Saparivāriyattherassāpadānaṃ	สปริวาริยตฺเถรสฺสาปทานํ
18	1	1	Saparivārāsanattheraapadāna	สปริวาราสนตฺเถรอปทาน
18	1	1	Sappidāyakatterassāpadānaṃ	สปฺปิทายกตฺเตรสฺสาปทานํ
18	1	1	Sappidāyakattherassāpadānaṃ	สปฺปิทายกตฺเถรสฺสาปทานํ
18	1	1	Sattapadumiyattherassāpadānaṃ	สตฺตปทุมิยตฺเถรสฺสาปทานํ
18	1	1	Sattapaṇṇiyattherassāpadānaṃ	สตฺตปณฺณิยตฺเถรสฺสาปทานํ
18	1	1	Saṃghupaṭṭhākattherassāpadānaṃ	สํฆุปฏฺฐากตฺเถรสฺสาปทานํ
18	1	1	Sereyyakattherassāpadānaṃ	เสเรยฺยกตฺเถรสฺสาปทานํ
18	1	1	Setudāyakattherassāpadānaṃ	เสตุทายกตฺเถรสฺสาปทานํ
18	1	1	Sudhāpiṇḍiyattherassāpadānaṃ	สุธาปิณฺฑิยตฺเถรสฺสาปทานํ
18	1	1	Sumanabījaniyattherassāpadānaṃ	สุมนพีชนิยตฺเถรสฺสาปทานํ
18	1	1	Sumanadāmiyattherassāpadānaṃ	สุมนทามิยตฺเถรสฺสาปทานํ
18	1	1	Supaṭadāyakattherassāpadānaṃ	สุปฏทายกตฺเถรสฺสาปทานํ
18	1	1	Supuṭakapūjakattherassāpadānaṃ	สุปุฏกปูชกตฺเถรสฺสาปทานํ
18	1	1	Supāricariyattherassāpadānaṃ	สุปาริจริยตฺเถรสฺสาปทานํ
18	1	1	Sālakusumiyattherassāpadānaṃ	สาลกุสุมิยตฺเถรสฺสาปทานํ
18	1	1	Sālapupphiyattherassāpadānaṃ	สาลปุปฺผิยตฺเถรสฺสาปทานํ
18	1	1	Sāragandhādidātāsuttanavaka	สารคนฺธาทิทาตาสุตฺตนวก
18	1	1	Sāriputtamoggallānappamukhaṃ	สาริปุตฺตโมคฺคลฺลานปฺปมุขํ
18	1	1	Tambapupphiyattherassāpadānaṃ	ตมฺพปุปฺผิยตฺเถรสฺสาปทานํ
18	1	1	Tedhātukalokasamatikkamanañca	เตธาตุกโลกสมติกฺกมนญฺจ
18	1	1	Telamakkhiyattherassāpadānaṃ	เตลมกฺขิยตฺเถรสฺสาปทานํ
18	1	1	Ticampakapupphiyattheraapadāna	ติจมฺปกปุปฺผิยตฺเถรอปทาน
18	1	1	Tikiṅkaṇipupphiyattheraapadāna	ติกิงฺกณิปุปฺผิยตฺเถรอปทาน
18	1	1	Tilamuṭṭhidāyakattheraapadāna	ติลมุฏฺฐิทายกตฺเถรอปทาน
18	1	1	Tiṇuppalamāliyattheraapadāna	ติณุปฺปลมาลิยตฺเถรอปทาน
18	1	1	Tuvaradāyakattherassāpadānaṃ	ตุวรทายกตฺเถรสฺสาปทานํ
18	1	1	Tālaphaladāyakattheraapadāna	ตาลผลทายกตฺเถรอปทาน
18	1	1	Tīṇuppalamāliyattheraapadāna	ตีณุปฺปลมาลิยตฺเถรอปทาน
18	1	1	Ucchaṅgapupphiyattheraapadāna	อุจฺฉงฺคปุปฺผิยตฺเถรอปทาน
18	1	1	Ucchukhaṇḍikattherassāpadānaṃ	อุจฺฉุขณฺฑิกตฺเถรสฺสาปทานํ
18	1	1	Udapānadāyakattheraapadāna	อุทปานทายกตฺเถรอปทาน
18	1	1	Ukkhepakatavacchattheragāthā	อุกฺเขปกตวจฺฉตฺเถรคาถา
18	1	1	Ukkhittapadumiyattheraapadāna	อุกฺขิตฺตปทุมิยตฺเถรอปทาน
18	1	1	Ukkāsatikattherassāpadānaṃ	อุกฺกาสติกตฺเถรสฺสาปทานํ
18	1	1	Upanandasakyaputtattheravatthu	อุปนนฺทสกฺยปุตฺตตฺเถรวตฺถุ
18	1	1	Upāhanadāyakattheraapadāna	อุปาหนทายกตฺเถรอปทาน
18	1	1	Uruveḷakassapattheraapadāna	อุรุเวฬกสฺสปตฺเถรอปทาน
18	1	1	Uṇhavalāhakadānūpakārasutta	อุณฺหวลาหกทานูปการสุตฺต
18	1	1	Valliphaladāyakattheraapadāna	วลฺลิผลทายกตฺเถรอปทาน
18	1	1	Vatthadāyakattherassāpadānaṃ	วตฺถทายกตฺเถรสฺสาปทานํ
18	1	1	Vatthuavippaṭipādānalakkhaṇo	วตฺถุอวิปฺปฏิปาทานลกฺขโณ
18	1	1	Vatthuttamadāyikāvimānavatthu	วตฺถุตฺตมทายิกาวิมานวตฺถุ
18	1	1	Veyyāvaccakattheraapadāna	เวยฺยาวจฺจกตฺเถรอปทาน
18	1	1	Vikālagāmappavisanasikkhāpada	วิกาลคามปฺปวิสนสิกฺขาปท
18	1	1	Vikālagāmappavisanasikkhāpadaṃ	วิกาลคามปฺปวิสนสิกฺขาปทํ
18	1	1	Vipariṇāmūpaṭṭhānakusalavasena	วิปริณามูปฏฺฐานกุสลวเสน
18	1	1	Viravapupphiyattherassāpadānaṃ	วิรวปุปฺผิยตฺเถรสฺสาปทานํ
18	1	1	Vāsidāyakattherassāpadānaṃ	วาสิทายกตฺเถรสฺสาปทานํ
18	1	1	Yavakalāpiyattherassāpadānaṃ	ยวกลาปิยตฺเถรสฺสาปทานํ
18	1	1	Yaññasāmikatterassāpadānaṃ	ยญฺญสามิกตฺเตรสฺสาปทานํ
18	1	1	Yāgudāyakattherassāpadānaṃ	ยาคุทายกตฺเถรสฺสาปทานํ
18	1	1	abhidhānappadīpikābhinavanissayaṃ	อภิธานปฺปทีปิกาภินวนิสฺสยํ
18	1	1	abhisaṅkhārasahagataviññāṇañca	อภิสงฺขารสหคตวิญฺญาณญฺจ
18	1	1	abhiññāvosanapāramippattā	อภิญฺญาโวสนปารมิปฺปตฺตา
18	1	1	addhānamaggappaṭipannassāti	อทฺธานมคฺคปฺปฏิปนฺนสฺสาติ
18	1	1	ahaṅkaramamaṅkāramānāpagataṃ	อหงฺกรมมงฺการมานาปคตํ
18	1	1	anaññātaññassamītindriyañca	อนญฺญาตญฺญสฺสมีตินฺทฺริยญฺจ
18	1	1	anaññātaññasāmītindriyañca	อนญฺญาตญฺญสามีตินฺทฺริยญฺจ
18	1	1	arūpadhātupariyāpannotikathā	อรูปธาตุปริยาปนฺโนติกถา
18	1	1	attakilamathānuyogamanuyutto	อตฺตกิลมถานุโยคมนุยุตฺโต
18	1	1	bahuvidhadevaṭṭhānappaṭimaṇḍitaṃ	พหุวิธเทวฏฺฐานปฺปฏิมณฺฑิตํ
18	1	1	bhīmabhayajanakaninādamahāsaddā	ภีมภยชนกนินาทมหาสทฺทา
18	1	1	bojjhaṅgavararatanuppādanāya	โพชฺฌงฺควรรตนุปฺปาทนาย
18	1	1	caturāsītikūṭāgārasahassāni	จตุราสีติกูฏาคารสหสฺสานิ
18	1	1	caturāsītithālipākasahassāni	จตุราสีติถาลิปากสหสฺสานิ
18	1	1	caturāsītivatthakoṭisahassāni	จตุราสีติวตฺถโกฏิสหสฺสานิ
18	1	1	chinnabhinnakoṭṭitavikoṭṭito	ฉินฺนภินฺนโกฏฺฏิตวิโกฏฺฏิโต
18	1	1	cittapārisuddhipadhāniyaṅgena	จิตฺตปาริสุทฺธิปธานิยงฺเคน
18	1	1	dhammavicayasambojjhaṅgenāti	ธมฺมวิจยสมฺโพชฺฌงฺเคนาติ
18	1	1	dhanadhaññapiyañātimittappajahanaṃ	ธนธญฺญปิยญาติมิตฺตปฺปชหนํ
18	1	1	diṭṭhipārisuddhipadhāniyaṅgena	ทิฏฺฐิปาริสุทฺธิปธานิยงฺเคน
18	1	1	dukkhadomanassupāyāsadhammā	ทุกฺขโทมนสฺสุปายาสธมฺมา
18	1	1	hassakhiḍḍāratidhammasampannā	หสฺสขิฑฺฑารติธมฺมสมฺปนฺนา
18	1	1	hatthigavassavaḷāvapaṭiggahaṇā	หตฺถิควสฺสวฬาวปฏิคฺคหณา
18	1	1	iṭṭhāniṭṭhārammaṇānubhavanā	อิฏฺฐานิฏฺฐารมฺมณานุภวนา
18	1	1	khaṇḍaphullapaṭisaṅkharaṇamattena	ขณฺฑผุลฺลปฏิสงฺขรณมตฺเตน
18	1	1	kāyabhāvanānuyogamanuyuttā	กายภาวนานุโยคมนุยุตฺตา
18	1	1	kāyānupassānāsatipaṭṭhānaṃ	กายานุปสฺสานาสติปฏฺฐานํ
18	1	1	nahetuahetukacittasamaṅgissa	นเหตุอเหตุกจิตฺตสมงฺคิสฺส
18	1	1	nahetusahetukacittasamaṅgissa	นเหตุสเหตุกจิตฺตสมงฺคิสฺส
18	1	1	nevasaññānāsaññāyatanampi	เนวสญฺญานาสญฺญายตนมฺปิ
18	1	1	nevasaññānāsaññāyatanañca	เนวสญฺญานาสญฺญายตนญฺจ
18	1	1	nevasaññānāsaññāyatanūpagaṃ	เนวสญฺญานาสญฺญายตนูปคํ
18	1	1	nivavipākanavipākadhammadhammā	นิววิปากนวิปากธมฺมธมฺมา
18	1	1	padhānāsayaniketavāsitāyapi	ปธานาสยนิเกตวาสิตายปิ
18	1	1	pakkabhikkhānuppadānamattena	ปกฺกภิกฺขานุปฺปทานมตฺเตน
18	1	1	paraparitāpanānuyugamanuyutto	ปรปริตาปนานุยุคมนุยุตฺโต
18	1	1	pararūpavedanāsaññāsaṅkhāra	ปรรูปเวทนาสญฺญาสงฺขาร
18	1	1	parisuddhakāyakammantohamasmi	ปริสุทฺธกายกมฺมนฺโตหมสฺมิ
18	1	1	paññāvāsanalepanasampanno	ปญฺญาวาสนเลปนสมฺปนฺโน
18	1	1	paṭipadāvisuddhipakkhandañceva	ปฏิปทาวิสุทฺธิปกฺขนฺทญฺเจว
18	1	1	paṭippassaddhipārisuddhisīlanti	ปฏิปฺปสฺสทฺธิปาริสุทฺธิสีลนฺติ
18	1	1	ppaccayabhesajjaparikkhārānaṃ	ปฺปจฺจยเภสชฺชปริกฺขารานํ
18	1	1	puthunānāsuññatamanupalabbhesu	ปุถุนานาสุญฺญตมนุปลพฺเภสุ
18	1	1	puthusamaṇabrāhmaṇappavādānaṃ	ปุถุสมณพฺราหฺมณปฺปวาทานํ
18	1	1	puññapāpasamatikkamappaṭipadā	ปุญฺญปาปสมติกฺกมปฺปฏิปทา
18	1	1	pādamaṇḍanānuyogamanuyutto	ปาทมณฺฑนานุโยคมนุยุตฺโต
18	1	1	pārivāsikapavāraṇādānena	ปาริวาสิกปวารณาทาเนน
18	1	1	pārivāsikapārisuddhidānena	ปาริวาสิกปาริสุทฺธิทาเนน
18	1	1	sabbakilesavanajjhāpanaṭṭhena	สพฺพกิเลสวนชฺฌาปนฏฺเฐน
18	1	1	sabbakilesavisanāsanaṭṭnena	สพฺพกิเลสวิสนาสนฏฺฏฺเนน
18	1	1	sakkāyasamudayagāminīpaṭipadā	สกฺกายสมุทยคามินีปฏิปทา
18	1	1	samaṇabrāhmaṇaparibbājakānaṃ	สมณพฺราหฺมณปริพฺพาชกานํ
18	1	1	sampariggahasampaṭicchanatthāya	สมฺปริคฺคหสมฺปฏิจฺฉนตฺถาย
18	1	1	saraṭṭhanegamajānapadabhaṭabalā	สรฏฺฐเนคมชานปทภฏพลา
18	1	1	sasaṅkhāraniggayhavārivāvataṃ	สสงฺขารนิคฺคยฺหวาริวาวตํ
18	1	1	saññānāsaññāyatanasahagatā	สญฺญานาสญฺญายตนสหคตา
18	1	1	saññāvipariṇāmaññathābhāvā	สญฺญาวิปริณามญฺญถาภาวา
18	1	1	saṃghādisesāpattikkhāndhena	สํฆาทิเสสาปตฺติกฺขานฺเธน
18	1	1	saṅgahitāsaṅgahitapadaniddesa	สงฺคหิตาสงฺคหิตปทนิทฺเทส
18	1	1	saṅgaṇikaratosaṅgaṇikārāmataṃ	สงฺคณิกรโตสงฺคณิการามตํ
18	1	1	saṅkhāradhāturāgavinibaddhañca	สงฺขารธาตุราควินิพทฺธญฺจ
18	1	1	saṅkhāravipariṇamaññathābhāvā	สงฺขารวิปริณมญฺญถาภาวา
18	1	1	subhabahuvidhavitakkamanasikārena	สุภพหุวิธวิตกฺกมนสิกาเรน
18	1	1	sukhumasaddanimittārammaṇatāpi	สุขุมสทฺทนิมิตฺตารมฺมณตาปิ
18	1	1	surāmerayamajjapamādaṭṭhanā	สุราเมรยมชฺชปมาทฏฺฐนา
18	1	1	tiracchānagatubhatobyañjanako	ติรจฺฉานคตุภโตพฺยญฺชนโก
18	1	1	upamāsaṃsandananigamanaṭṭhāne	อุปมาสํสนฺทนนิคมนฏฺฐาเน
18	1	1	upādānasampayuttānañceva	อุปาทานสมฺปยุตฺตานญฺเจว
18	1	1	vicikicchāsahagatamohaṭṭhāne	วิจิกิจฺฉาสหคตโมหฏฺฐาเน
18	1	1	vimuttiñāṇadassanasampannataraṃ	วิมุตฺติญาณทสฺสนสมฺปนฺนตรํ
18	1	1	yathābhūtañāṇaDasakanipātapāḷi	ยถาภูตญาณทสกนิปาตปาฬิ
18	1	1	yathābhūtañāṇadassanānisaṃsoti	ยถาภูตญาณทสฺสนานิสํโสติ
18	1	1	Ñāṇatthavikattherassāpadānaṃ	ญาณตฺถวิกตฺเถรสฺสาปทานํ
18	1	1	Ādhāradāyakattheraapadāna	อาธารทายกตฺเถรอปทาน
18	1	1	Ākiñcaññāyatanāsamāpattiṃ	อากิญฺจญฺญายตนาสมาปตฺติํ
18	1	1	Ākāsukkhipiyattheraapadāna	อากาสุกฺขิปิยตฺเถรอปทาน
18	1	1	Ārāmadāyakattheraapadāna	อารามทายกตฺเถรอปทาน
18	1	1	Āsanasanthavikattheraapadāna	อาสนสนฺถวิกตฺเถรอปทาน
18	1	1	Āsavasampayuttadukakusalattikaṃ	อาสวสมฺปยุตฺตทุกกุสลตฺติกํ
18	1	1	Āyāgadāyakattheraapadāna	อายาคทายกตฺเถรอปทาน
18	1	1	ājaññarathagajaturaṅgadhanadhañña	อาชญฺญรถคชตุรงฺคธนธญฺญ
18	1	1	ākiñcaññāyatanasaṃyojanena	อากิญฺจญฺญายตนสํโยชเนน
18	1	1	ārammaṇūpaṭṭhānakusalavasena	อารมฺมณูปฏฺฐานกุสลวเสน
17	1	1	Abhijjhāvisamalobhābhibhūtena	อภิชฺฌาวิสมโลภาภิภูเตน
17	1	1	Abyādhikattherassāpadānaṃ	อพฺยาธิกตฺเถรสฺสาปทานํ
17	1	1	Ajitamāṇavapucchāniddeso	อชิตมาณวปุจฺฉานิทฺเทโส
17	1	1	Ajjunapupphiyattheraapadāna	อชฺชุนปุปฺผิยตฺเถรอปทาน
17	1	1	Ambaphaliyattherassāpadānaṃ	อมฺพผลิยตฺเถรสฺสาปทานํ
17	1	1	Animittūpaṭṭhānakusalavasena	อนิมิตฺตูปฏฺฐานกุสลวเสน
17	1	1	Apadāniyattherassāpadānaṃ	อปทานิยตฺเถรสฺสาปทานํ
17	1	1	Aparaaccharāsaṅghātavaggo	อปรอจฺฉราสงฺฆาตวคฺโค
17	1	1	Asaṅkamanapaṭisandahanapañho	อสงฺกมนปฏิสนฺทหนปโญฺห
17	1	1	Asekkhenapaññākkhandhena	อเสกฺเขนปญฺญากฺขนฺเธน
17	1	1	Atichattiyattherassāpadānaṃ	อติฉตฺติยตฺเถรสฺสาปทานํ
17	1	1	Aññatarātissātherīgāthā	อญฺญตราติสฺสาเถรีคาถา
17	1	1	Aḍḍhateyyavassasatāyukesu	อฑฺฒเตยฺยวสฺสสตายุเกสุ
17	1	1	Aṅkolakattherassāpadānaṃ	องฺโกลกตฺเถรสฺสาปทานํ
17	1	1	Aṭṭhamantaparivajjanīyaṭṭhāna	อฏฺฐมนฺตปริวชฺชนียฏฺฐาน
17	1	1	Aṭṭhamasaṃghādisesasikkhāpada	อฏฺฐมสํฆาทิเสสสิกฺขาปท
17	1	1	Aṭṭhamasaṃghādisesasikkhāpadaṃ	อฏฺฐมสํฆาทิเสสสิกฺขาปทํ
17	1	1	Bhaddakāpilānītherīapadāna	ภทฺทกาปิลานีเถรีอปทาน
17	1	1	Bhaddākāpilānītherīgāthā	ภทฺทากาปิลานีเถรีคาถา
17	1	1	Bhojanadāyakattheraapadāna	โภชนทายกตฺเถรอปทาน
17	1	1	Bhājanapālakattheraapadāna	ภาชนปาลกตฺเถรอปทาน
17	1	1	Brāhmaṇapaccorohaṇīsutta	พฺราหฺมณปจฺโจโรหณีสุตฺต
17	1	1	Buddhadhammasaṃghasaraṇagatatāyapi	พุทฺธธมฺมสํฆสรณคตตายปิ
17	1	1	Buddhupaṭṭhākattheraapadāna	พุทฺธุปฏฺฐากตฺเถรอปทาน
17	1	1	Bāhiyadārucīriyattheravatthu	พาหิยทารุจีริยตฺเถรวตฺถุ
17	1	1	Bījagāmabhūtagāmasamārabbhā	พีชคามภูตคามสมารพฺภา
17	1	1	Candanamāliyattheraapadāna	จนฺทนมาลิยตฺเถรอปทาน
17	1	1	Candanapūjanakattheraapadāna	จนฺทนปูชนกตฺเถรอปทาน
17	1	1	Catutthasaṃghādisesasikkhāpada	จตุตฺถสํฆาทิเสสสิกฺขาปท
17	1	1	Catutthasaṃghādisesasikkhāpadaṃ	จตุตฺถสํฆาทิเสสสิกฺขาปทํ
17	1	1	Cūḷasugandhattherassāpadānaṃ	จูฬสุคนฺธตฺเถรสฺสาปทานํ
17	1	1	Cūḷekasāṭakabrāhmaṇavatthu	จูเฬกสาฏกพฺราหฺมณวตฺถุ
17	1	1	Desanāgāminiyādiāpatti	เทสนาคามินิยาทิอาปตฺติ
17	1	1	Desapūjakattherassāpadānaṃ	เทสปูชกตฺเถรสฺสาปทานํ
17	1	1	Dhammaruciyattherassāpadānaṃ	ธมฺมรุจิยตฺเถรสฺสาปทานํ
17	1	1	Dhūpadāyakattherassāpadānaṃ	ธูปทายกตฺเถรสฺสาปทานํ
17	1	1	Dutiyakuṭivihārittheragāthā	ทุติยกุฏิวิหาริตฺเถรคาถา
17	1	1	Dutiyanibbānapaṭisaṃyuttasutta	ทุติยนิพฺพานปฏิสํยุตฺตสุตฺต
17	1	1	Dutiyādidvayakārīsuttattika	ทุติยาทิทฺวยการีสุตฺตตฺติก
17	1	1	Ekapuṇḍarīkattheraapadāna	เอกปุณฺฑรีกตฺเถรอปทาน
17	1	1	Ekatthambhikattheraapadāna	เอกตฺถมฺภิกตฺเถรอปทาน
17	1	1	Ekattūpaṭṭhānakusalavasena	เอกตฺตูปฏฺฐานกุสลวเสน
17	1	1	Ekavandaniyattheraapadāna	เอกวนฺทนิยตฺเถรอปทาน
17	1	1	Ekavihārikattheraapadāna	เอกวิหาริกตฺเถรอปทาน
17	1	1	Ekāhappaṭicchannaparivāsa	เอกาหปฺปฏิจฺฉนฺนปริวาส
17	1	1	Ekūposathikātherīapadāna	เอกูโปสถิกาเถรีอปทาน
17	1	1	Gabbhavīsūpasampadānujānanā	คพฺภวีสูปสมฺปทานุชานนา
17	1	1	Gandhadhūpiyattherassāpadānaṃ	คนฺธธูปิยตฺเถรสฺสาปทานํ
17	1	1	Gandhapūjakattherassāpadānaṃ	คนฺธปูชกตฺเถรสฺสาปทานํ
17	1	1	Gaṇakamoggallānasuttante	คณกโมคฺคลฺลานสุตฺตนฺเต
17	1	1	Girinelapūjakattheraapadāna	คิริเนลปูชกตฺเถรอปทาน
17	1	1	Giripunnāgiyattheraapadāna	คิริปุนฺนาคิยตฺเถรอปทาน
17	1	1	Harītakadāyakattheraapadāna	หรีตกทายกตฺเถรอปทาน
17	1	1	Hetudukaparittārammaṇattikaṃ	เหตุทุกปริตฺตารมฺมณตฺติกํ
17	1	1	Hetusampayuttadukakusalattikaṃ	เหตุสมฺปยุตฺตทุกกุสลตฺติกํ
17	1	1	Hāsajanakattherassāpadānaṃ	หาสชนกตฺเถรสฺสาปทานํ
17	1	1	Jātipūjakattherassāpadānaṃ	ชาติปูชกตฺเถรสฺสาปทานํ
17	1	1	Kandalipupphiyattheraapadāna	กนฺทลิปุปฺผิยตฺเถรอปทาน
17	1	1	Kaḷambadāyakattheraapadāna	กฬมฺพทายกตฺเถรอปทาน
17	1	1	Kaṅkhārevatattheraapadāna	กงฺขาเรวตตฺเถรอปทาน
17	1	1	Ketakapupphiyattheraapadāna	เกตกปุปฺผิยตฺเถรอปทาน
17	1	1	Khajjakadāyakattheraapadāna	ขชฺชกทายกตฺเถรอปทาน
17	1	1	Khemādāyikātherīapadāna	เขมาทายิกาเถรีอปทาน
17	1	1	Khuddakavibhaṅgadukaniddesepi	ขุทฺทกวิภงฺคทุกนิทฺเทเสปิ
17	1	1	Kilañjadāyakattheraapadāna	กิลญฺชทายกตฺเถรอปทาน
17	1	1	Kiṃkaṇikapupphiyattheraapadāna	กิํกณิกปุปฺผิยตฺเถรอปทาน
17	1	1	Kiṃsukapūjakattherassāpadānaṃ	กิํสุกปูชกตฺเถรสฺสาปทานํ
17	1	1	Kiṅkaṇipupphiyattheraapadāna	กิงฺกณิปุปฺผิยตฺเถรอปทาน
17	1	1	Kosambaphaliyattheraapadāna	โกสมฺพผลิยตฺเถรอปทาน
17	1	1	Kumārakassapattheraapadāna	กุมารกสฺสปตฺเถรอปทาน
17	1	1	Kuṇḍadhānattherassāpadānaṃ	กุณฺฑธานตฺเถรสฺสาปทานํ
17	1	1	Kuṭidāyakattherassāpadānaṃ	กุฏิทายกตฺเถรสฺสาปทานํ
17	1	1	Kāmavitakkabyāpādānañca	กามวิตกฺกพฺยาปาทานญฺจ
17	1	1	Kāyakammaṃsanidassanantikathā	กายกมฺมํสนิทสฺสนนฺติกถา
17	1	1	Lakuṇḍabhaddiyattheraapadāna	ลกุณฺฑภทฺทิยตฺเถรอปทาน
17	1	1	Lakuṇḍakabhaddiyattheragāthā	ลกุณฺฑกภทฺทิยตฺเถรคาถา
17	1	1	Lomasakaṅgiyattheraapadāna	โลมสกงฺคิยตฺเถรอปทาน
17	1	1	Madhudāyakattherassāpadānaṃ	มธุทายกตฺเถรสฺสาปทานํ
17	1	1	Madhumaṃsadāyakattheraapadāna	มธุมํสทายกตฺเถรอปทาน
17	1	1	Madhupiṇḍikattherassāpadānaṃ	มธุปิณฺฑิกตฺเถรสฺสาปทานํ
17	1	1	Mahākaccānattheraapadāna	มหากจฺจานตฺเถรอปทาน
17	1	1	Mahākaccāyanattheragāthā	มหากจฺจายนตฺเถรคาถา
17	1	1	Mahākoṭṭhikattheraapadāna	มหาโกฏฺฐิกตฺเถรอปทาน
17	1	1	Manoviññāṇadhātusampasso	มโนวิญฺญาณธาตุสมฺปสฺโส
17	1	1	Maṇḍūkadevaputtavimānavatthu	มณฺฑูกเทวปุตฺตวิมานวตฺถุ
17	1	1	Minelapupphiyattheraapadāna	มิเนลปุปฺผิยตฺเถรอปทาน
17	1	1	Miñjavaṭaṃsakiyattheraapadāna	มิญฺชวฏํสกิยตฺเถรอปทาน
17	1	1	Musāvādāveramaṇipaccayā	มุสาวาทาเวรมณิปจฺจยา
17	1	1	Muṭṭhipūjakattherassāpadānaṃ	มุฏฺฐิปูชกตฺเถรสฺสาปทานํ
17	1	1	Naccagītavāditavisukadassanā	นจฺจคีตวาทิตวิสุกทสฺสนา
17	1	1	Nadīkassapattherassāpadānaṃ	นทีกสฺสปตฺเถรสฺสาปทานํ
17	1	1	Nahetusahetukadukakusalattikaṃ	นเหตุสเหตุกทุกกุสลตฺติกํ
17	1	1	Navattabbaṃsaṃghobhuñjatītikathā	นวตฺตพฺพํสํโฆภุญฺชตีติกถา
17	1	1	Navavipākanavipākadhammadhammaṃ	นววิปากนวิปากธมฺมธมฺมํ
17	1	1	Nayathācittassavācātikathā	นยถาจิตฺตสฺสวาจาติกถา
17	1	1	Naḷakuṭidāyakattheraapadāna	นฬกุฏิทายกตฺเถรอปทาน
17	1	1	Naḷinakesariyattheraapadāna	นฬินเกสริยตฺเถรอปทาน
17	1	1	Nimittasaññakattheraapadāna	นิมิตฺตสญฺญกตฺเถรอปทาน
17	1	1	Nipannañjalikattheraapadāna	นิปนฺนญฺชลิกตฺเถรอปทาน
17	1	1	Nocittasaṃsaṭṭhāsamuṭṭhāno	โนจิตฺตสํสฏฺฐาสมุฏฺฐาโน
17	1	1	Nāgakesariyattheraapadāna	นาคเกสริยตฺเถรอปทาน
17	1	1	Obhāsūpaṭṭhānakusalavasena	โอภาสูปฏฺฐานกุสลวเสน
17	1	1	Opapaccayikanibbattilakkhaṇaṃ	โอปปจฺจยิกนิพฺพตฺติลกฺขณํ
17	1	1	Opavayhattherassāpadānaṃ	โอปวยฺหตฺเถรสฺสาปทานํ
17	1	1	Paccayappaṭisaṃyuttavārakathā	ปจฺจยปฺปฏิสํยุตฺตวารกถา
17	1	1	Paccuppannārammaṇapadahetu	ปจฺจุปฺปนฺนารมฺมณปทเหตุ
17	1	1	Paccāgamaniyattheraapadāna	ปจฺจาคมนิยตฺเถรอปทาน
17	1	1	Padumacchadaniyattheraapadāna	ปทุมจฺฉทนิยตฺเถรอปทาน
17	1	1	Padumakesariyattheraapadāna	ปทุมเกสริยตฺเถรอปทาน
17	1	1	Parappasādakattheraapadāna	ปรปฺปสาทกตฺเถรอปทาน
17	1	1	Parivāsikamūlāyapaṭikassanā	ปริวาสิกมูลายปฏิกสฺสนา
17	1	1	Pariyogāhaṇañāṇaniddeso	ปริโยคาหณญาณนิทฺเทโส
17	1	1	Parāmāsagocchakakusalattikaṃ	ปรามาสโคจฺฉกกุสลตฺติกํ
17	1	1	Pañcadīpakattherassāpadānaṃ	ปญฺจทีปกตฺเถรสฺสาปทานํ
17	1	1	Pañcamasaṃghādisesasikkhāpada	ปญฺจมสํฆาทิเสสสิกฺขาปท
17	1	1	Pañcamasaṃghādisesasikkhāpadaṃ	ปญฺจมสํฆาทิเสสสิกฺขาปทํ
17	1	1	Paṃsukūlasaññakattheraapadāna	ปํสุกูลสญฺญกตฺเถรอปทาน
17	1	1	Paṇidhianupaṭṭhānakusalavasena	ปณิธิอนุปฏฺฐานกุสลวเสน
17	1	1	Paṭhamanibbānapaṭisaṃyuttasutta	ปฐมนิพฺพานปฏิสํยุตฺตสุตฺต
17	1	1	Paṭinissaggānupassanatthāya	ปฏินิสฺสคฺคานุปสฺสนตฺถาย
17	1	1	Phaluttamadāyikāvimānavatthu	ผลุตฺตมทายิกาวิมานวตฺถุ
17	1	1	Phārusadāyakattheraapadāna	ผารุสทายกตฺเถรอปทาน
17	1	1	Piyālapupphiyattheraapadāna	ปิยาลปุปฺผิยตฺเถรอปทาน
17	1	1	Pokkharasātibuddhūpasaṅkamana	โปกฺขรสาติพุทฺธูปสงฺกมน
17	1	1	Potthakadāyattheraapadāna	โปตฺถกทายตฺเถรอปทาน
17	1	1	Pulinacaṅkamiyattheraapadāna	ปุลินจงฺกมิยตฺเถรอปทาน
17	1	1	Pulinathūpiyattherassāpadānaṃ	ปุลินถูปิยตฺเถรสฺสาปทานํ
17	1	1	Pulinuppādakattheraapadāna	ปุลินุปฺปาทกตฺเถรอปทาน
17	1	1	Pupphacchadaniyattheraapadāna	ปุปฺผจฺฉทนิยตฺเถรอปทาน
17	1	1	Pupphacchattiyattheraapadāna	ปุปฺผจฺฉตฺติยตฺเถรอปทาน
17	1	1	Pupphathūpiyattherassāpadānaṃ	ปุปฺผถูปิยตฺเถรสฺสาปทานํ
17	1	1	Pādaphaliyattherassāpadānaṃ	ปาทผลิยตฺเถรสฺสาปทานํ
17	1	1	Pādapīṭhiyattherassāpadānaṃ	ปาทปีฐิยตฺเถรสฺสาปทานํ
17	1	1	Pādapūjakattherassāpadānaṃ	ปาทปูชกตฺเถรสฺสาปทานํ
17	1	1	Pārivāsikachandadānenāti	ปาริวาสิกฉนฺททาเนนาติ
17	1	1	Pāyasadāyakattheraapadāna	ปายสทายกตฺเถรอปทาน
17	1	1	Rasuttamadāyikāvimānavatthu	รสุตฺตมทายิกาวิมานวตฺถุ
17	1	1	Raṃsisaññakattherassāpadānaṃ	รํสิสญฺญกตฺเถรสฺสาปทานํ
17	1	1	Raṃsisaññakatthetassāpadānaṃ	รํสิสญฺญกตฺเถตสฺสาปทานํ
17	1	1	Reṇupūjakattherassāpadānaṃ	เรณุปูชกตฺเถรสฺสาปทานํ
17	1	1	Rājantepurappavesanasutta	ราชนฺเตปุรปฺปเวสนสุตฺต
17	1	1	Rūpasaddagandharasaphoṭṭhabbā	รูปสทฺทคนฺธรสโผฏฺฐพฺพา
17	1	1	Sabbasaṃyojanayogavītivatto	สพฺพสํโยชนโยควีติวตฺโต
17	1	1	Sagāthakapuññābhisandavaggo	สคาถกปุญฺญาภิสนฺทวคฺโค
17	1	1	Sakiṃsammajjakattheraapadāna	สกิํสมฺมชฺชกตฺเถรอปทาน
17	1	1	Sambulakaccānattheragāthā	สมฺพุลกจฺจานตฺเถรคาถา
17	1	1	Sammukhāthavikattheraapadāna	สมฺมุขาถวิกตฺเถรอปทาน
17	1	1	Samādapakattherassāpadānaṃ	สมาทปกตฺเถรสฺสาปทานํ
17	1	1	Samādhivijjāvasipāramīgato	สมาธิวิชฺชาวสิปารมีคโต
17	1	1	Sanniṭṭhāpakattheraapadāna	สนฺนิฏฺฐาปกตฺเถรอปทาน
17	1	1	Saraṇagamaniyattherassāpadanaṃ	สรณคมนิยตฺเถรสฺสาปทนํ
17	1	1	Sasaṅkhāraniggayhavāritavataṃ	สสงฺขารนิคฺคยฺหวาริตวตํ
17	1	1	Satisambojjhaṅgaṭṭhāniyānaṃ	สติสมฺโพชฺฌงฺคฏฺฐานิยานํ
17	1	1	Sattamasaṃghādisesasikkhāpada	สตฺตมสํฆาทิเสสสิกฺขาปท
17	1	1	Sattamasaṃghādisesasikkhāpadaṃ	สตฺตมสํฆาทิเสสสิกฺขาปทํ
17	1	1	Sattapāṭaliyattheraapadāna	สตฺตปาฏลิยตฺเถรอปทาน
17	1	1	Sayaṃpaṭibhāniyattheraapadāna	สยํปฏิภานิยตฺเถรอปทาน
17	1	1	Saññojanagocchakakusalattikaṃ	สญฺโญชนโคจฺฉกกุสลตฺติกํ
17	1	1	Saññojanikādidiṭṭhiniddesa	สญฺโญชนิกาทิทิฏฺฐินิทฺเทส
17	1	1	Saññāvedayitanirodhampāhaṃ	สญฺญาเวทยิตนิโรธมฺปาหํ
17	1	1	Saḷalamaṇḍapiyattheraapadāna	สฬลมณฺฑปิยตฺเถรอปทาน
17	1	1	Saṃkiliṭṭhasaṃkilesikattikasadisaṃ	สํกิลิฏฺฐสํกิเลสิกตฺติกสทิสํ
17	1	1	Senāsanapaññāpakasuttādi	เสนาสนปญฺญาปกสุตฺตาทิ
17	1	1	Soṇakoḷivisattheraapadāna	โสณโกฬิวิสตฺเถรอปทาน
17	1	1	Soṇakoṭivīsattheraapadāna	โสณโกฏิวีสตฺเถรอปทาน
17	1	1	Subhākammāradhītutherīgāthā	สุภากมฺมารธีตุเถรีคาถา
17	1	1	Sudiṭṭharūpuggatapānuvattinā	สุทิฏฺฐรูปุคฺคตปานุวตฺตินา
17	1	1	Sukatāveḷiyattheraapadāna	สุกตาเวฬิยตฺเถรอปทาน
17	1	1	Sumanāveḷiyattheraapadāna	สุมนาเวฬิยตฺเถรอปทาน
17	1	1	Suvaṇṇajātarūpakāvasissanti	สุวณฺณชาตรูปกาวสิสฺสนฺติ
17	1	1	Suvaṇṇapupphiyattheraapadāna	สุวณฺณปุปฺผิยตฺเถรอปทาน
17	1	1	Sālamaṇḍapiyattheraapadāna	สาลมณฺฑปิยตฺเถรอปทาน
17	1	1	Sāriputtamoggallanānampi	สาริปุตฺตโมคฺคลฺลนานมฺปิ
17	1	1	Sāsavaphassopagamanalakkhaṇā	สาสวผสฺโสปคมนลกฺขณา
17	1	1	Sīhāsanabījiyattheraapadāna	สีหาสนพีชิยตฺเถรอปทาน
17	1	1	Sīhāsanikattherassāpadānaṃ	สีหาสนิกตฺเถรสฺสาปทานํ
17	1	1	Sīlaṃnacittānuparivattītikathā	สีลํนจิตฺตานุปริวตฺตีติกถา
17	1	1	Tamālapupphiyattheraapadāna	ตมาลปุปฺผิยตฺเถรอปทาน
17	1	1	Tassapāpiyasikākammakatena	ตสฺสปาปิยสิกากมฺมกเตน
17	1	1	Tatiyanibbānapaṭisaṃyuttasutta	ตติยนิพฺพานปฏิสํยุตฺตสุตฺต
17	1	1	Thambhāropakattheraapadāna	ถมฺภาโรปกตฺเถรอปทาน
17	1	1	Tikaṇṇipupphiyattheraapadāna	ติกณฺณิปุปฺผิยตฺเถรอปทาน
17	1	1	Tikiṅkaṇipūjakattheraapadāna	ติกิงฺกณิปูชกตฺเถรอปทาน
17	1	1	Tindukadāyakattheraapadāna	ตินฺทุกทายกตฺเถรอปทาน
17	1	1	Tisaraṇagamaniyattheraapadāna	ติสรณคมนิยตฺเถรอปทาน
17	1	1	Tivaṇṭipupphiyattheraapadāna	ติวณฺฏิปุปฺผิยตฺเถรอปทาน
17	1	1	Tiṇakuṭidāyakattheraapadāna	ติณกุฏิทายกตฺเถรอปทาน
17	1	1	Tiṇasanthārakattheraapadāna	ติณสนฺถารกตฺเถรอปทาน
17	1	1	Tiṇukkadhāriyattheraapadāna	ติณุกฺกธาริยตฺเถรอปทาน
17	1	1	Todeyyattherassāpadānaṃ	โตเทยฺยตฺเถรสฺสาปทานํ
17	1	1	Uddhaccakukkuccaṭṭhāniyānaṃ	อุทฺธจฺจกุกฺกุจฺจฏฺฐานิยานํ
17	1	1	Upekkhūpaṭṭhānakusalavasena	อุเปกฺขูปฏฺฐานกุสลวเสน
17	1	1	Uppalahatthiyattheraapadāna	อุปฺปลหตฺถิยตฺเถรอปทาน
17	1	1	Upādānagocchakakusalattikaṃ	อุปาทานโคจฺฉกกุสลตฺติกํ
17	1	1	Upāgatāsayattheraapadāna	อุปาคตาสยตฺเถรอปทาน
17	1	1	Uruveḷakassapattheragāthā	อุรุเวฬกสฺสปตฺเถรคาถา
17	1	1	Uttalipupphiyattheraapadāna	อุตฺตลิปุปฺผิยตฺเถรอปทาน
17	1	1	Vajjīputtattherassāpadānaṃ	วชฺชีปุตฺตตฺเถรสฺสาปทานํ
17	1	1	Vanakoraṇḍiyattheraapadāna	วนโกรณฺฑิยตฺเถรอปทาน
17	1	1	Vayalakkhaṇupaṭṭhānekattañca	วยลกฺขณุปฏฺฐาเนกตฺตญฺจ
17	1	1	Vaṇṇakārattherassāpadānaṃ	วณฺณการตฺเถรสฺสาปทานํ
17	1	1	Vibhītakamiñjiyattheraapadāna	วิภีตกมิญฺชิยตฺเถรอปทาน
17	1	1	Vidhūpanadāyakattheraapadāna	วิธูปนทายกตฺเถรอปทาน
17	1	1	Vimalakoṇḍaññattheragāthā	วิมลโกณฺฑญฺญตฺเถรคาถา
17	1	1	Viññāṇakkhandhapariyāpannā	วิญฺญาณกฺขนฺธปริยาปนฺนา
17	1	1	Vīthisammajjakattheraapadāna	วีถิสมฺมชฺชกตฺเถรอปทาน
17	1	1	abbhūtabbhakkhānasaṃvattaniko	อพฺภูตพฺภกฺขานสํวตฺตนิโก
17	1	1	abhejjakavacajālikāyeso	อเภชฺชกวจชาลิกาเยโส
17	1	1	abhiññāvosānapāramittā	อภิญฺญาโวสานปารมิตฺตา
17	1	1	adhikaraṇanirodhagāminipaṭipadaṃ	อธิกรณนิโรธคามินิปฏิปทํ
17	1	1	ajjhattabahiddhārammaṇantipi	อชฺฌตฺตพหิทฺธารมฺมณนฺติปิ
17	1	1	amaccarājaññarājūpajīvine	อมจฺจราชญฺญราชูปชีวิเน
17	1	1	anupādinnupādāniyādhipati	อนุปาทินฺนุปาทานิยาธิปติ
17	1	1	anupādāparinibbānatthāya	อนุปาทาปรินิพฺพานตฺถาย
17	1	1	anāsādanīyamāsādayitvā	อนาสาทนียมาสาทยิตฺวา
17	1	1	anīkaṭṭhapārisajjajanamajjhe	อนีกฏฺฐปาริสชฺชชนมชฺเฌ
17	1	1	aparappaccayaññāṇamevassa	อปรปฺปจฺจยญฺญาณเมวสฺส
17	1	1	atinijjhāyitattādhikaraṇañca	อตินิชฺฌายิตตฺตาธิกรณญฺจ
17	1	1	atītānāgatapaccuppannehi	อตีตานาคตปจฺจุปฺปนฺเนหิ
17	1	1	bhījagāmabhūtagāmasamārambhā	ภีชคามภูตคามสมารมฺภา
17	1	1	byapagatakilesamalarajojallaṃ	พฺยปคตกิเลสมลรโชชลฺลํ
17	1	1	caturāsītipallaṅkasahassāni	จตุราสีติปลฺลงฺกสหสฺสานิ
17	1	1	caturāsītipāsādasahassāni	จตุราสีติปาสาทสหสฺสานิ
17	1	1	catusaccābhisamayappaṭivedhe	จตุสจฺจาภิสมยปฺปฏิเวเธ
17	1	1	catusaccābhisamayappaṭividdhā	จตุสจฺจาภิสมยปฺปฏิวิทฺธา
17	1	1	dhammavavatthānapariyogāhaṇaṃ	ธมฺมววตฺถานปริโยคาหณํ
17	1	1	dhammānudhammapaṭipannoyanti	ธมฺมานุธมฺมปฏิปนฺโนยนฺติ
17	1	1	dhipadhānasaṅkhārasamannāgataṃ	ธิปธานสงฺขารสมนฺนาคตํ
17	1	1	dukkhadomanassupāyāsadukkhaṃ	ทุกฺขโทมนสฺสุปายาสทุกฺขํ
17	1	1	dvecattārisanissaggiyānaṃ	เทฺวจตฺตาริสนิสฺสคฺคิยานํ
17	1	1	ekakiccaabhinipphādanapañha	เอกกิจฺจอภินิปฺผาทนปญฺห
17	1	1	gerukaparikammakaraṇamattena	เครุกปริกมฺมกรณมตฺเตน
17	1	1	indriyānaṃparipākamanvāya	อินฺทฺริยานํปริปากมนฺวาย
17	1	1	itivādappamokkhānisaṃsatthaṃ	อิติวาทปฺปโมกฺขานิสํสตฺถํ
17	1	1	ittarapaccupaṭṭhānaṭṭhenā	อิตฺตรปจฺจุปฏฺฐานฏฺเฐนา
17	1	1	jhānajjhositatappavaravihārī	ฌานชฺโฌสิตตปฺปวรวิหารี
17	1	1	jāgariyānuyogapariyantoti	ชาคริยานุโยคปริยนฺโตติ
17	1	1	jūtappamādaṭṭhānānuyogo	ชูตปฺปมาทฏฺฐานานุโยโค
17	1	1	khīṇāpāyadeggativinipāto	ขีณาปายเทคฺคติวินิปาโต
17	1	1	lokuttaraekakadukajjhānā	โลกุตฺตเรอกกทุกชฺฌานา
17	1	1	maṇisaṅkhāmuttāveḷuriyassa	มณิสงฺขามุตฺตาเวฬุริยสฺส
17	1	1	miccādiṭṭhikammasamādānā	มิจฺจาทิฏฺฐิกมฺมสมาทานา
17	1	1	naabhisaṅkhārakāyasaṅkhāraṇaṃ	นอภิสงฺขารกายสงฺขารณํ
17	1	1	nanocittasaṃsaṭṭhasamuṭṭhāno	นโนจิตฺตสํสฏฺฐสมุฏฺฐาโน
17	1	1	noparāmāsacittasamaṅgissa	โนปรามาสจิตฺตสมงฺคิสฺส
17	1	1	nosaññojanacittasamaṅgissa	โนสญฺโญชนจิตฺตสมงฺคิสฺส
17	1	1	noupādānacittasamaṅgissa	โนอุปาทานจิตฺตสมงฺคิสฺส
17	1	1	nīvaraṇavippayuttaanīvaraṇiyan	นีวรณวิปฺปยุตฺตอนีวรณิยนฺ
17	1	1	paccayapaṭisevanasaṅkhātena	ปจฺจยปฏิเสวนสงฺขาเตน
17	1	1	pajjalitamahāaggikkhandhopi	ปชฺชลิตมหาอคฺคิกฺขนฺโธปิ
17	1	1	papañcasaññāsaṅkhājātiko	ปปญฺจสญฺญาสงฺขาชาติโก
17	1	1	papañcasaññāsaṅkhānidāno	ปปญฺจสญฺญาสงฺขานิทาโน
17	1	1	papañcasaññāsaṅkhāsamudayo	ปปญฺจสญฺญาสงฺขาสมุทโย
17	1	1	parisuddhakāyasamācāratāya	ปริสุทฺธกายสมาจารตาย
17	1	1	parisuddhamanosamācāratāya	ปริสุทฺธมโนสมาจารตาย
17	1	1	pathavīkasiṇasamāpattiparamatā	ปถวีกสิณสมาปตฺติปรมตา
17	1	1	pañcupādānakkhāndhātissa	ปญฺจุปาทานกฺขานฺธาติสฺส
17	1	1	rūpavihariṇāmānuparivattajā	รูปวิหริณามานุปริวตฺตชา
17	1	1	rūpāvacaraekakadukajjhānā	รูปาวจเรอกกทุกชฺฌานา
17	1	1	sabbaññutañāṇappaṭivedhāya	สพฺพญฺญุตญาณปฺปฏิเวธาย
17	1	1	sabbupādānapariññāvādo	สพฺพุปาทานปริญฺญาวาโท
17	1	1	sakyaputtānamabhidamanatthāya	สกฺยปุตฺตานมภิทมนตฺถาย
17	1	1	sambhañjanaparibhañjanaṭṭhenā	สมฺภญฺชนปริภญฺชนฏฺเฐนา
17	1	1	sammādiṭṭhisammāsaṅkappo	สมฺมาทิฏฺฐิสมฺมาสงฺกปฺโป
17	1	1	sammāsaṅkappaṃpahaṃtyādīsupi	สมฺมาสงฺกปฺปํปหํตฺยาทีสุปิ
17	1	1	sammāvimuttiñāṇadassanañca	สมฺมาวิมุตฺติญาณทสฺสนญฺจ
17	1	1	sampuṇṇasucivimalasītalasalilo	สมฺปุณฺณสุจิวิมลสีตลสลิโล
17	1	1	satayojanānupharaṇaccivegā	สตโยชนานุผรณจฺจิเวคา
17	1	1	sattakkhattuparamatāniyatāti	สตฺตกฺขตฺตุปรมตานิยตาติ
17	1	1	saññāsaṅkhāraviññāṇesupi	สญฺญาสงฺขารวิญฺญาเณสุปิ
17	1	1	saññāvipariṇāmaññathabhāvā	สญฺญาวิปริณามญฺญถภาวา
17	1	1	saṅkhārakkhandhapariyāpannan	สงฺขารกฺขนฺธปริยาปนฺนนฺ
17	1	1	somanassacittamupādānanti	โสมนสฺสจิตฺตมุปาทานนฺติ
17	1	1	sotāpattiphalasamannāgato	โสตาปตฺติผลสมนฺนาคโต
17	1	1	suramerayamajjapamādaṭṭhānaṃ	สุรเมรยมชฺชปมาทฏฺฐานํ
17	1	1	surucirabhaginimālāmalyadhare	สุรุจิรภคินิมาลามลฺยธเร
17	1	1	surāmeramajjapamādaṭṭhāyī	สุราเมรมชฺชปมาทฏฺฐายี
17	1	1	sāyanīyabahuvidhasubhanimittena	สายนียพหุวิธสุภนิมิตฺเตน
17	1	1	sīlapārisuddhipadhāniyaṅgena	สีลปาริสุทฺธิปธานิยงฺเคน
17	1	1	sītalamadhuravacanamālutenāti	สีตลมธุรวจนมาลุเตนาติ
17	1	1	taṇhāsaṅghāṭappaṭimukkanti	ตณฺหาสงฺฆาฏปฺปฏิมุกฺกนฺติ
17	1	1	thutathomitavaṇṇitapasatthatopi	ถุตโถมิตวณฺณิตปสตฺถโตปิ
17	1	1	uddhaccakukkuccapariyuṭṭhito	อุทฺธจฺจกุกฺกุจฺจปริยุฏฺฐิโต
17	1	1	uddhaccakukkuccappahānena	อุทฺธจฺจกุกฺกุจฺจปฺปหาเนน
17	1	1	ummīlitanimīlitanettanayano	อุมฺมีลิตนิมีลิตเนตฺตนยโน
17	1	1	upanissayapaccayenapaccayo	อุปนิสฺสยปจฺจเยนปจฺจโย
17	1	1	uppādavāranirodhavārepi	อุปฺปาทวารนิโรธวาเรปิ
17	1	1	vedanānirodhoiccādīsupi	เวทนานิโรโธอิจฺจาทีสุปิ
17	1	1	vikālavisikhācariyānuyogo	วิกาลวิสิขาจริยานุโยโค
17	1	1	vimuttipārisukkhipadhāniyaṅgaṃ	วิมุตฺติปาริสุกฺขิปธานิยงฺคํ
17	1	1	vimuttiñāṇadassanakkhandhesu	วิมุตฺติญาณทสฺสนกฺขนฺเธสุ
17	1	1	vippayuttapaccayenapaccayo	วิปฺปยุตฺตปจฺจเยนปจฺจโย
17	1	1	viññaṇakkhandhapariyāpannāti	วิญฺญณกฺขนฺธปริยาปนฺนาติ
17	1	1	vālaggakoṭinitudanamattopi	วาลคฺคโกฏินิตุทนมตฺโตปิ
17	1	1	vātātapasarīsapasamphassānaṃ	วาตาตปสรีสปสมฺผสฺสานํ
17	1	1	Ñāṇathavikattherassāpadānaṃ	ญาณถวิกตฺเถรสฺสาปทานํ
17	1	1	Ñāṇaṃcittavippayuttantikathā	ญาณํจิตฺตวิปฺปยุตฺตนฺติกถา
17	1	1	Ācāmadāyikāvimānavatthu	อาจามทายิกาวิมานวตฺถุ
17	1	1	Ākāsosanidassanotikathā	อากาโสสนิทสฺสโนติกถา
17	1	1	Āluvadāyakattheraapadāna	อาลุวทายกตฺเถรอปทาน
17	1	1	Ārāmaparikkhepaanujānana	อารามปริกฺเขปอนุชานน
17	1	1	Āsanappaṭibāhanapaṭikkhepa	อาสนปฺปฏิพาหนปฏิกฺเขป
17	1	1	Āsevanapaccayenapaccayo	อาเสวนปจฺจเยนปจฺจโย
17	1	1	Āyusaṅkhārossajjanasutta	อายุสงฺขาโรสฺสชฺชนสุตฺต
17	1	1	ākiñcaññāyatanasaṃyojane	อากิญฺจญฺญายตนสํโยชเน
17	1	1	ākāsānañcayatanasaññāya	อากาสานญฺจยตนสญฺญาย
17	1	1	ālokasandhikaraṇamattenapi	อาโลกสนฺธิกรณมตฺเตนปิ
17	1	1	ālokasaññāpariyogāhaṇaṃ	อาโลกสญฺญาปริโยคาหณํ
17	1	1	āṇattisahagatasikkhāpadesu	อาณตฺติสหคตสิกฺขาปเทสุ
17	1	1	Ṭhitañjaliyattherassāpadānaṃ	ฐิตญฺชลิยตฺเถรสฺสาปทานํ
16	1	1	Abhisamayantarāyakarapañho	อภิสมยนฺตรายกรปโญฺห
16	1	1	Adhammakammapaṭikkosanādi	อธมฺมกมฺมปฏิกฺโกสนาทิ
16	1	1	Adhimuttattherassāpadānaṃ	อธิมุตฺตตฺเถรสฺสาปทานํ
16	1	1	Adhopupphiyattheraapadāna	อโธปุปฺผิยตฺเถรอปทาน
16	1	1	Aggapupphiyattheraapadāna	อคฺคปุปฺผิยตฺเถรอปทาน
16	1	1	Ajinadāyakattheraapadāna	อชินทายกตฺเถรอปทาน
16	1	1	Ambadāyakattheraapadāna	อมฺพทายกตฺเถรอปทาน
16	1	1	Ambāṭakiyattheraapadāna	อมฺพาฏกิยตฺเถรอปทาน
16	1	1	Amodaphaliyattheraapadāna	อโมทผลิยตฺเถรอปทาน
16	1	1	Anupādinnaanupādāyehi	อนุปาทินฺนอนุปาทาเยหิ
16	1	1	Anusaṃsāvakattheraapadāna	อนุสํสาวกตฺเถรอปทาน
16	1	1	Aparāuttamātherīgāthā	อปราอุตฺตมาเถรีคาถา
16	1	1	Appaṇihitānupassanatthāya	อปฺปณิหิตานุปสฺสนตฺถาย
16	1	1	Asanabodhiyattheraapadāna	อสนโพธิยตฺเถรอปทาน
16	1	1	Asaṅkamanapaṭisandahanapañha	อสงฺกมนปฏิสนฺทหนปญฺห
16	1	1	Asokapūjakattheraapadāna	อโสกปูชกตฺเถรอปทาน
16	1	1	Avantidakkhiṇāpathakānañca	อวนฺติทกฺขิณาปถกานญฺจ
16	1	1	Avippavāsasīmānujānanā	อวิปฺปวาสสีมานุชานนา
16	1	1	Aviññattidussilyantikathā	อวิญฺญตฺติทุสฺสิลฺยนฺติกถา
16	1	1	Avopupphiyattheraapadāna	อโวปุปฺผิยตฺเถรอปทาน
16	1	1	Ayonisomanasikārampāhaṃ	อโยนิโสมนสิการมฺปาหํ
16	1	1	Aḍḍhacandiyattheraapadāna	อฑฺฒจนฺทิยตฺเถรอปทาน
16	1	1	Aḍḍhaceḷakattheraapadāna	อฑฺฒเจฬกตฺเถรอปทาน
16	1	1	Belaṭṭhānikattheragāthā	เพลฏฺฐานิกตฺเถรคาถา
16	1	1	Bhaddālittherassāpadānaṃ	ภทฺทาลิตฺเถรสฺสาปทานํ
16	1	1	Bhikkhadāyakattheraapadāna	ภิกฺขทายกตฺเถรอปทาน
16	1	1	Bhikkhunīupasampadānujānana	ภิกฺขุนีอุปสมฺปทานุชานน
16	1	1	Bimbijāliyattheraapadāna	พิมฺพิชาลิยตฺเถรอปทาน
16	1	1	Bodhisiñcakattheraapadāna	โพธิสิญฺจกตฺเถรอปทาน
16	1	1	Bodhivandakattheraapadāna	โพธิวนฺทกตฺเถรอปทาน
16	1	1	Brahmacāriabhibhavanenāti	พฺรหฺมจาริอภิภวเนนาติ
16	1	1	Brāhmaṇarājavādapañho	พฺราหฺมณราชวาทปโญฺห
16	1	1	Catutthavinayadharasobhanasutta	จตุตฺถวินยธรโสภนสุตฺต
16	1	1	Caṅkoṭakiyattheraapadāna	จงฺโกฏกิยตฺเถรอปทาน
16	1	1	Chattadāyakattheraapadāna	ฉตฺตทายกตฺเถรอปทาน
16	1	1	Chaṭṭhasaṃghādisesasikkhāpada	ฉฏฺฐสํฆาทิเสสสิกฺขาปท
16	1	1	Chaṭṭhasaṃghādisesasikkhāpadaṃ	ฉฏฺฐสํฆาทิเสสสิกฺขาปทํ
16	1	1	Cātumahārājikānaññeva	จาตุมหาราชิกานญฺเญว
16	1	1	Dasamasaṃghādisesasikkhāpada	ทสมสํฆาทิเสสสิกฺขาปท
16	1	1	Dasamasaṃghādisesasikkhāpadaṃ	ทสมสํฆาทิเสสสิกฺขาปทํ
16	1	1	Desakittakattheraapadāna	เทสกิตฺตกตฺเถรอปทาน
16	1	1	Dhammacakkappavattanavaggo	ธมฺมจกฺกปฺปวตฺตนวคฺโค
16	1	1	Dhammacakkikattheraapadāna	ธมฺมจกฺกิกตฺเถรอปทาน
16	1	1	Dhammasavaniyattheraapadāna	ธมฺมสวนิยตฺเถรอปทาน
16	1	1	Dhammasaññakattheraapadāna	ธมฺมสญฺญกตฺเถรอปทาน
16	1	1	Dhammānudhammapaṭipannasutta	ธมฺมานุธมฺมปฏิปนฺนสุตฺต
16	1	1	Dukkhappahānavāyamapañho	ทุกฺขปฺปหานวายมปโญฺห
16	1	1	Dussadāyakattheraapadāna	ทุสฺสทายกตฺเถรอปทาน
16	1	1	Dutiyacetovimuttiphalasutta	ทุติยเจโตวิมุตฺติผลสุตฺต
16	1	1	Dutiyadārukkhandhopamasutta	ทุติยทารุกฺขนฺโธปมสุตฺต
16	1	1	Dutiyapatibbatāvimānavatthu	ทุติยปติพฺพตาวิมานวตฺถุ
16	1	1	Dutiyasaddhammasammosasutta	ทุติยสทฺธมฺมสมฺโมสสุตฺต
16	1	1	Dutiyasaṃbhejjaudakasutta	ทุติยสํเภชฺชฺเอาทกสุตฺต
16	1	1	Dutiyasaṃghādisesasikkhāpada	ทุติยสํฆาทิเสสสิกฺขาปท
16	1	1	Dutiyasaṃghādisesasikkhāpadaṃ	ทุติยสํฆาทิเสสสิกฺขาปทํ
16	1	1	Dvattiṃsamahāpurisalakkhaṇā	ทฺวตฺติํสมหาปุริสลกฺขณา
16	1	1	Dverataniyattheraapadāna	เทฺวรตนิยตฺเถรอปทาน
16	1	1	Ekaanāgāmittheravatthu	เอกอนาคามิตฺเถรวตฺถุ
16	1	1	Ekacintikatteraapadāna	เอกจินฺติกตฺเตรอปทาน
16	1	1	Ekacāriyattheraapadāna	เอกจาริยตฺเถรอปทาน
16	1	1	Ekapadumiyattheraapadāna	เอกปทุมิยตฺเถรอปทาน
16	1	1	Ekapupphiyattheraapadāna	เอกปุปฺผิยตฺเถรอปทาน
16	1	1	Ekasaññakatteraapadāna	เอกสญฺญกตฺเตรอปทาน
16	1	1	Ekasaññakattheraapadāna	เอกสญฺญกตฺเถรอปทาน
16	1	1	Ekasaṅkhīyattheraapadāna	เอกสงฺขียตฺเถรอปทาน
16	1	1	Ekavihāriyattheragāthā	เอกวิหาริยตฺเถรคาถา
16	1	1	Ekañjaliyattheraapadāna	เอกญฺชลิยตฺเถรอปทาน
16	1	1	Ekāsaniyattheraapadāna	เอกาสนิยตฺเถรอปทาน
16	1	1	Gandhamuṭṭhiyattheraapadāna	คนฺธมุฏฺฐิยตฺเถรอปทาน
16	1	1	Gandhamāliyattheraapadāna	คนฺธมาลิยตฺเถรอปทาน
16	1	1	Gayākassapattheraapadāna	คยากสฺสปตฺเถรอปทาน
16	1	1	Gaṇṭhipupphiyattheraapadāna	คณฺฐิปุปฺผิยตฺเถรอปทาน
16	1	1	Ghosasaññakattheraapadāna	โฆสสญฺญกตฺเถรอปทาน
16	1	1	Hatthidāyakattheraapadāna	หตฺถิทายกตฺเถรอปทาน
16	1	1	Heraññakānittheragāthā	เหรญฺญกานิตฺเถรคาถา
16	1	1	Hetudukaatītārammaṇattikaṃ	เหตุทุกอตีตารมฺมณตฺติกํ
16	1	1	Hetudukamaggārammaṇattikaṃ	เหตุทุกมคฺคารมฺมณตฺติกํ
16	1	1	Hetudukamicchattaniyatattikaṃ	เหตุทุกมิจฺฉตฺตนิยตตฺติกํ
16	1	1	Hetudukaupādinnattikaṃ	เหตุทุกฺเอาปาทินฺนตฺติกํ
16	1	1	Hetusahetukadukakusalattikaṃ	เหตุสเหตุกทุกกุสลตฺติกํ
16	1	1	Jagatidāyakattheraapadāna	ชคติทายกตฺเถรอปทาน
16	1	1	Jagatikārakattheraapadāna	ชคติการกตฺเถรอปทาน
16	1	1	Jarāsuttaniddesaṭṭhakathā	ชราสุตฺตนิทฺเทสฏฺฐกถา
16	1	1	Jatukaṇṇittherassāpadānaṃ	ชตุกณฺณิตฺเถรสฺสาปทานํ
16	1	1	Jutappamādaṭṭhānānuyogaṃ	ชุตปฺปมาทฏฺฐานานุโยคํ
16	1	1	Jātipupphiyattheraapadāna	ชาติปุปฺผิยตฺเถรอปทาน
16	1	1	Jīvitindriyupacchedalakkhaṇaṃ	ชีวิตินฺทฺริยุปจฺเฉทลกฺขณํ
16	1	1	Kapparukkhiyattheraapadāna	กปฺปรุกฺขิยตฺเถรอปทาน
16	1	1	Kañjikadāyikāvimānavatthu	กญฺชิกทายิกาวิมานวตฺถุ
16	1	1	Kaṅkhārevatattheragāthā	กงฺขาเรวตตฺเถรคาถา
16	1	1	Khaggavisāṇasuttaniddeso	ขคฺควิสาณสุตฺตนิทฺเทโส
16	1	1	Khaṇḍapulliyattheraapadāna	ขณฺฑปุลฺลิยตฺเถรอปทาน
16	1	1	Khomadāyakattheraapadāna	โขมทายกตฺเถรอปทาน
16	1	1	Khāṇukoṇḍaññattheravatthu	ขาณุโกณฺฑญฺญตฺเถรวตฺถุ
16	1	1	Kisalayapūjakattheraapadāna	กิสลยปูชกตฺเถรอปทาน
16	1	1	Kiṃsukapupphiyattheraapadāna	กิํสุกปุปฺผิยตฺเถรอปทาน
16	1	1	Koladāyakattheraapadāna	โกลทายกตฺเถรอปทาน
16	1	1	Kosalavihārittheragāthā	โกสลวิหาริตฺเถรคาถา
16	1	1	Koṭumbariyatteraapadāna	โกฏุมฺพริยตฺเตรอปทาน
16	1	1	Kumudadāyakattheraapadāna	กุมุททายกตฺเถรอปทาน
16	1	1	Kumārakassapattheragāthā	กุมารกสฺสปตฺเถรคาถา
16	1	1	Kusumāsaniyattheraapadāna	กุสุมาสนิยตฺเถรอปทาน
16	1	1	Kāmarāgavinivesavinibaddha	กามราควินิเวสวินิพทฺธ
16	1	1	Kāmesumicchācārampāhaṃ	กาเมสุมิจฺฉาจารมฺปาหํ
16	1	1	Kāmesumicchācārañcāhaṃ	กาเมสุมิจฺฉาจารญฺจาหํ
16	1	1	Kāḷudāyīthārassāpadānaṃ	กาฬุทายีถารสฺสาปทานํ
16	1	1	Labujadāyakattheraapadāna	ลพุชทายกตฺเถรอปทาน
16	1	1	Lasuṇadāyakattheraapadāna	ลสุณทายกตฺเถรอปทาน
16	1	1	Lomasakaṅgiyattheragāthā	โลมสกงฺคิยตฺเถรคาถา
16	1	1	Macchadāyakatteraapadāna	มจฺฉทายกตฺเตรอปทาน
16	1	1	Maccubhāyanābhāyanapañho	มจฺจุภายนาภายนปโญฺห
16	1	1	Maggadattikattheraapadāna	มคฺคทตฺติกตฺเถรอปทาน
16	1	1	Maggadāyakattheraapadāna	มคฺคทายกตฺเถรอปทาน
16	1	1	Maggasaññakattheraapadāna	มคฺคสญฺญกตฺเถรอปทาน
16	1	1	Maghavapupphiyattheraapadāna	มฆวปุปฺผิยตฺเถรอปทาน
16	1	1	Mahākaccāyanattheravatthu	มหากจฺจายนตฺเถรวตฺถุ
16	1	1	Mahākappinattheraapadāna	มหากปฺปินตฺเถรอปทาน
16	1	1	Mahākoṭṭhikattheragāthā	มหาโกฏฺฐิกตฺเถรคาถา
16	1	1	Mayūrakoñcāgaṇasampaghuṭṭhaṃ	มยูรโกญฺจาคณสมฺปฆุฏฺฐํ
16	1	1	Mañjaripūjakattheraapadāna	มญฺชริปูชกตฺเถรอปทาน
16	1	1	Maṇipūjakattherāpadānepi	มณิปูชกตฺเถราปทาเนปิ
16	1	1	Mettaguttherassāpadānaṃ	เมตฺตคุตฺเถรสฺสาปทานํ
16	1	1	Morahatthiyattheraapadāna	โมรหตฺถิยตฺเถรอปทาน
16	1	1	Muṭṭhipupphiyattheraapadāna	มุฏฺฐิปุปฺผิยตฺเถรอปทาน
16	1	1	Mātaṅgaputtattheragāthā	มาตงฺคปุตฺตตฺเถรคาถา
16	1	1	Navamasaṃghādisesasikkhāpada	นวมสํฆาทิเสสสิกฺขาปท
16	1	1	Navamasaṃghādisesasikkhāpadaṃ	นวมสํฆาทิเสสสิกฺขาปทํ
16	1	1	Naāsevanapaccayamūlakampi	นอาเสวนปจฺจยมูลกมฺปิ
16	1	1	Naḷāgārikattheraapadāna	นฬาคาริกตฺเถรอปทาน
16	1	1	Nirodhūpaṭṭhānakusalavasena	นิโรธูปฏฺฐานกุสลวเสน
16	1	1	Nāgapallavattheraapadāna	นาคปลฺลวตฺเถรอปทาน
16	1	1	Nāgasamālatteraapadāna	นาคสมาลตฺเตรอปทาน
16	1	1	Nāmarūpapaṭisandahanapañho	นามรูปปฏิสนฺทหนปโญฺห
16	1	1	Pabhaṅkarattherassāpadānaṃ	ปภงฺกรตฺเถรสฺสาปทานํ
16	1	1	Paccanīyanahetunaārammaṇa	ปจฺจนียนเหตุนอารมฺมณ
16	1	1	Padapūjakattherassāpadānaṃ	ปทปูชกตฺเถรสฺสาปทานํ
16	1	1	Padumadhārikattheraapadāna	ปทุมธาริกตฺเถรอปทาน
16	1	1	Padumapupphiyattheraapadāna	ปทุมปุปฺผิยตฺเถรอปทาน
16	1	1	Padīpadāyakattheraapadāna	ปทีปทายกตฺเถรอปทาน
16	1	1	Parisuddhapapaṭikappattakathā	ปริสุทฺธปปฏิกปฺปตฺตกถา
16	1	1	Parisuddhaphegguppattakathā	ปริสุทฺธเผคฺคุปฺปตฺตกถา
16	1	1	Pariyogāhaṇañāṇaniddesa	ปริโยคาหณญาณนิทฺเทส
16	1	1	Pattadāyakattheraapadāna	ปตฺตทายกตฺเถรอปทาน
16	1	1	Pañcasatamattātherīgāthā	ปญฺจสตมตฺตาเถรีคาถา
16	1	1	Pañcaṅguliyattheraapadāna	ปญฺจงฺคุลิยตฺเถรอปทาน
16	1	1	Pañhāvārapaccanīyuddhāra	ปญฺหาวารปจฺจนียุทฺธาร
16	1	1	Paṃsukūlapūjakattheraapadāna	ปํสุกูลปูชกตฺเถรอปทาน
16	1	1	Paṭhamacetovimuttiphalasutta	ปฐมเจโตวิมุตฺติผลสุตฺต
16	1	1	Paṭhamadārukkhandhopamasutta	ปฐมทารุกฺขนฺโธปมสุตฺต
16	1	1	Paṭhamajjhānasamāpattiyāpi	ปฐมชฺฌานสมาปตฺติยาปิ
16	1	1	Paṭhamapatibbatāvimānavatthu	ปฐมปติพฺพตาวิมานวตฺถุ
16	1	1	Paṭhamasaddhammasammosasutta	ปฐมสทฺธมฺมสมฺโมสสุตฺต
16	1	1	Paṭhamasaṃghādisesasikkhāpada	ปฐมสํฆาทิเสสสิกฺขาปท
16	1	1	Paṭhamasaṃghādisesasikkhāpadaṃ	ปฐมสํฆาทิเสสสิกฺขาปทํ
16	1	1	Paṭiccavāraakusalapadahetu	ปฏิจฺจวารอกุสลปทเหตุ
16	1	1	Paṭisambhidāmaggaṭṭhakathāyaṃ	ปฏิสมฺภิทามคฺคฏฺฐกถายํ
16	1	1	Phalakadāyakattheraapadāna	ผลกทายกตฺเถรอปทาน
16	1	1	Phusitakampiyattheraapadāna	ผุสิตกมฺปิยตฺเถรอปทาน
16	1	1	Piṇḍapātikattheraapadāna	ปิณฺฑปาติกตฺเถรอปทาน
16	1	1	Pubbaṅgamiyattheraapadāna	ปุพฺพงฺคมิยตฺเถรอปทาน
16	1	1	Pupphadhārakattheraapadāna	ปุปฺผธารกตฺเถรอปทาน
16	1	1	Pātimokkhaṭṭhapanakkhandhaka	ปาติโมกฺขฏฺฐปนกฺขนฺธก
16	1	1	Rahosaññakattheraapadāna	รโหสญฺญกตฺเถรอปทาน
16	1	1	Ramaṇīyavihārittheragāthā	รมณียวิหาริตฺเถรคาถา
16	1	1	Rattipupphiyattheraapadāna	รตฺติปุปฺผิยตฺเถรอปทาน
16	1	1	Rāmaṇeyyakattheragāthā	รามเณยฺยกตฺเถรคาถา
16	1	1	Sabbadāyakattheraapadāna	สพฺพทายกตฺเถรอปทาน
16	1	1	Sabbagandhiyattheraapadāna	สพฺพคนฺธิยตฺเถรอปทาน
16	1	1	Sabbakittikattheraapadāna	สพฺพกิตฺติกตฺเถรอปทาน
16	1	1	Sabbaññutañāṇadassanatoti	สพฺพญฺญุตญาณทสฺสนโตติ
16	1	1	Saccasaññakattheraapadāna	สจฺจสญฺญกตฺเถรอปทาน
16	1	1	Saddasaññakatteraapadāna	สทฺทสญฺญกตฺเตรอปทาน
16	1	1	Sahajātapaccayenapaccayo	สหชาตปจฺจเยนปจฺจโย
16	1	1	Sakacintaniyattheraapadāna	สกจินฺตนิยตฺเถรอปทาน
16	1	1	Salalamāliyattheraapadāna	สลลมาลิยตฺเถรอปทาน
16	1	1	Sallekhaṭṭhañāṇaniddeso	สลฺเลขฏฺฐญาณนิทฺเทโส
16	1	1	Sampasādakattheraapadāna	สมฺปสาทกตฺเถรอปทาน
16	1	1	Samāpattimūlakavuṭhānasutta	สมาปตฺติมูลกวุฐานสุตฺต
16	1	1	Saparivāriyattheraapadāna	สปริวาริยตฺเถรอปทาน
16	1	1	Sappidāyakattheraapadāna	สปฺปิทายกตฺเถรอปทาน
16	1	1	Sattapadumiyattheraapadāna	สตฺตปทุมิยตฺเถรอปทาน
16	1	1	Sattapaṇṇiyattheraapadāna	สตฺตปณฺณิยตฺเถรอปทาน
16	1	1	Saṃghupaṭṭhākattheraapadāna	สํฆุปฏฺฐากตฺเถรอปทาน
16	1	1	Saṅkhāranirodhañāṇakusalo	สงฺขารนิโรธญาณกุสโล
16	1	1	Sereyyakattheraapadāna	เสเรยฺยกตฺเถรอปทาน
16	1	1	Setudāyakattheraapadāna	เสตุทายกตฺเถรอปทาน
16	1	1	Sinerupabbatarājāssāti	สิเนรุปพฺพตราชาสฺสาติ
16	1	1	Sopākattherassāpadānaṃ	โสปากตฺเถรสฺสาปทานํ
16	1	1	Sotāvadhānūpanisūpapanne	โสตาวธานูปนิสูปปนฺเน
16	1	1	Soṇakoḷivisattheragāthā	โสณโกฬิวิสตฺเถรคาถา
16	1	1	Soṇakuṭikaṇṇattheragāthā	โสณกุฏิกณฺณตฺเถรคาถา
16	1	1	Soṇapoṭiriyattheragāthā	โสณโปฏิริยตฺเถรคาถา
16	1	1	Sucintikattherassāpadānaṃ	สุจินฺติกตฺเถรสฺสาปทานํ
16	1	1	Sudassanattherassāpadānaṃ	สุทสฺสนตฺเถรสฺสาปทานํ
16	1	1	Sudhāpiṇḍiyattheraapadāna	สุธาปิณฺฑิยตฺเถรอปทาน
16	1	1	Sumanabījaniyattheraapadāna	สุมนพีชนิยตฺเถรอปทาน
16	1	1	Sumanadāmiyattheraapadāna	สุมนทามิยตฺเถรอปทาน
16	1	1	Sumaṅgalamātātherīgāthā	สุมงฺคลมาตาเถรีคาถา
16	1	1	Sundarasamuddattheragāthā	สุนฺทรสมุทฺทตฺเถรคาถา
16	1	1	Supaṭadāyakattheraapadāna	สุปฏทายกตฺเถรอปทาน
16	1	1	Supuṭakapūjakattheraapadāna	สุปุฏกปูชกตฺเถรอปทาน
16	1	1	Supāricariyattheraapadāna	สุปาริจริยตฺเถรอปทาน
16	1	1	Suññatappaṇihitañcānimittaṃ	สุญฺญตปฺปณิหิตญฺจานิมิตฺตํ
16	1	1	Suññatūpaṭṭhānakusalavasena	สุญฺญตูปฏฺฐานกุสลวเสน
16	1	1	Sālakusumiyattheraapadāna	สาลกุสุมิยตฺเถรอปทาน
16	1	1	Sālapupphiyatteraapadāna	สาลปุปฺผิยตฺเตรอปทาน
16	1	1	Sāmaññakānittheragāthā	สามญฺญกานิตฺเถรคาถา
16	1	1	Sāriputtamoggallāneva	สาริปุตฺตโมคฺคลฺลาเนว
16	1	1	Tambapupphiyattheraapadāna	ตมฺพปุปฺผิยตฺเถรอปทาน
16	1	1	Tatiyasaddhammasammosasutta	ตติยสทฺธมฺมสมฺโมสสุตฺต
16	1	1	Tatiyasaṃghādisesasikkhāpada	ตติยสํฆาทิเสสสิกฺขาปท
16	1	1	Tatiyasaṃghādisesasikkhāpadaṃ	ตติยสํฆาทิเสสสิกฺขาปทํ
16	1	1	Tekicchakārittheragāthā	เตกิจฺฉการิตฺเถรคาถา
16	1	1	Telamakkhiyattheraapadāna	เตลมกฺขิยตฺเถรอปทาน
16	1	1	Tikicchakattherassāpadānaṃ	ติกิจฺฉกตฺเถรสฺสาปทานํ
16	1	1	Tipadumiyattherassāpadānaṃ	ติปทุมิยตฺเถรสฺสาปทานํ
16	1	1	Tipupphiyattherassāpadānaṃ	ติปุปฺผิยตฺเถรสฺสาปทานํ
16	1	1	Tuvaradāyakattheraapadāna	ตุวรทายกตฺเถรอปทาน
16	1	1	Ucchukhaṇḍikatteraapadāna	อุจฺฉุขณฺฑิกตฺเตรอปทาน
16	1	1	Udayabbayañāṇaniddesso	อุทยพฺพยญาณนิทฺเทสฺโส
16	1	1	Uddhaccakukkuccābhibhūtena	อุทฺธจฺจกุกฺกุจฺจาภิภูเตน
16	1	1	Ukkāsatikattheraapadāna	อุกฺกาสติกตฺเถรอปทาน
16	1	1	Umāpupphiyatteraapadāna	อุมาปุปฺผิยตฺเตรอปทาน
16	1	1	Umāpupphiyattheraapadāna	อุมาปุปฺผิยตฺเถรอปทาน
16	1	1	Upajjhāyavattabhāṇavāro	อุปชฺฌายวตฺตภาณวาโร
16	1	1	Upaṭṭhānasālāanujānana	อุปฏฺฐานสาลาอนุชานน
16	1	1	Upādāpaññattānuyogo	อุปาทาปญฺญตฺตานุโยโค
16	1	1	Vanavacchattherassāpadānaṃ	วนวจฺฉตฺเถรสฺสาปทานํ
16	1	1	Vatthadāyakattheraapadāna	วตฺถทายกตฺเถรอปทาน
16	1	1	Vaṭaṃsakiyattherassāpadānaṃ	วฏํสกิยตฺเถรสฺสาปทานํ
16	1	1	Vikālavisikhācariyānuyogaṃ	วิกาลวิสิขาจริยานุโยคํ
16	1	1	Vimuttūpaṭṭhānakusalavasena	วิมุตฺตูปฏฺฐานกุสลวเสน
16	1	1	Vipariṇāmānupassanatthāya	วิปริณามานุปสฺสนตฺถาย
16	1	1	Viravapupphiyattheraapadāna	วิรวปุปฺผิยตฺเถรอปทาน
16	1	1	Vāsidāyakattheraapadāna	วาสิทายกตฺเถรอปทาน
16	1	1	Yathābhūtañāṇadassanampāhaṃ	ยถาภูตญาณทสฺสนมฺปาหํ
16	1	1	Yavakalāpiyattheraapadāna	ยวกลาปิยตฺเถรอปทาน
16	1	1	Yaññasāmikattheraapadāna	ยญฺญสามิกตฺเถรอปทาน
16	1	1	Yonicatuggatipañcaviññāṇaṃ	โยนิจตุคฺคติปญฺจวิญฺญาณํ
16	1	1	Yāgudāyakattheraapadāna	ยาคุทายกตฺเถรอปทาน
16	1	1	abhikkamapaṭikkamavacanakaro	อภิกฺกมปฏิกฺกมวจนกโร
16	1	1	abhirūpanaranārigaṇānucaritaṃ	อภิรูปนรนาริคณานุจริตํ
16	1	1	abhūtabbhakkhānasaṃvattaniko	อภูตพฺภกฺขานสํวตฺตนิโก
16	1	1	addhānamaggappaṭipannassa	อทฺธานมคฺคปฺปฏิปนฺนสฺส
16	1	1	adhippāyavivattanalakkhaṇo	อธิปฺปายวิวตฺตนลกฺขโณ
16	1	1	adukkhamasukhassādasaṃyojana	อทุกฺขมสุขสฺสาทสํโยชน
16	1	1	ahaṃkāramamaṃkāramānusayā	อหํการมมํการมานุสยา
16	1	1	ajjhāpanadānappaṭiggahaṇa	อชฺฌาปนทานปฺปฏิคฺคหณ
16	1	1	akusalāvippayuttacittassa	อกุสลาวิปฺปยุตฺตจิตฺตสฺส
16	1	1	amaccabhaṭabalamahāmattehi	อมจฺจภฏพลมหามตฺเตหิ
16	1	1	anavajjakavacadhāraṇatāyapi	อนวชฺชกวจธารณตายปิ
16	1	1	anavasesappahānapaññatti	อนวเสสปฺปหานปญฺญตฺติ
16	1	1	anaññataññassāmītindriyaṃ	อนญฺญตญฺญสฺสามีตินฺทฺริยํ
16	1	1	anekavividhaatiparamadukkara	อเนกวิวิธอติปรมทุกฺกร
16	1	1	anupādāparinibbānattho	อนุปาทาปรินิพฺพานตฺโถ
16	1	1	anupādāparinibbānatthā	อนุปาทาปรินิพฺพานตฺถา
16	1	1	anurodhavirodhasamāpanno	อนุโรธวิโรธสมาปนฺโน
16	1	1	arahattamaggapariyogāhaṇaṃ	อรหตฺตมคฺคปริโยคาหณํ
16	1	1	assarathadhanutharulekhamuddā	อสฺสรถธนุถรุเลขมุทฺทา
16	1	1	atṭṭhasaṭṭhibhikkhusatasahassaṃ	อตฺฏฺฐสฏฺฐิภิกฺขุสตสหสฺสํ
16	1	1	aññamaññapariyantaṭṭhayino	อญฺญมญฺญปริยนฺตฏฺฐยิโน
16	1	1	balakusalābojjhaṅgakusalā	พลกุสลาโพชฺฌงฺคกุสลา
16	1	1	bhattavetanānuppadānena	ภตฺตเวตนานุปฺปทาเนน
16	1	1	brahmacāriabhipatthanenā	พฺรหฺมจาริอภิปตฺถเนนา
16	1	1	cakkhuviññāṇasahagatānañca	จกฺขุวิญฺญาณสหคตานญฺจ
16	1	1	catumāsappaccayapavāraṇā	จตุมาสปฺปจฺจยปวารณา
16	1	1	cittavipallāsappahānanti	จิตฺตวิปลฺลาสปฺปหานนฺติ
16	1	1	daḷhagopuraṭṭālakoṭṭakaṃ	ทฬฺหโคปุรฏฺฏาลโกฏฺฏกํ
16	1	1	dhammadīpagatiparāyaṇatāyapi	ธมฺมทีปคติปรายณตายปิ
16	1	1	dhammavavatthānappaṭivedho	ธมฺมววตฺถานปฺปฏิเวโธ
16	1	1	dhammavicayasambojjhaṅgoti	ธมฺมวิจยสมฺโพชฺฌงฺโคติ
16	1	1	dhutaguṇavarasamādiyanenāti	ธุตคุณวรสมาทิยเนนาติ
16	1	1	diṭṭhadhammasukhavihāratthāya	ทิฏฺฐธมฺมสุขวิหารตฺถาย
16	1	1	dubbhāsitāpattikkhandhena	ทุพฺภาสิตาปตฺติกฺขนฺเธน
16	1	1	dukkhadomanassupāyāsāti	ทุกฺขโทมนสฺสุปายาสาติ
16	1	1	ekantaujudiṭṭhitāyapi	เอกนฺตฺเอาชุทิฏฺฐิตายปิ
16	1	1	ganthavippayuttaaganthaniyan	คนฺถวิปฺปยุตฺตอคนฺถนิยนฺ
16	1	1	hirikopīnappaṭicchādanatthaṃ	หิริโกปีนปฺปฏิจฺฉาทนตฺถํ
16	1	1	iṭṭhadhammantiādipadesupi	อิฏฺฐธมฺมนฺติอาทิปเทสุปิ
16	1	1	janappadatthāvariyappatto	ชนปฺปทตฺถาวริยปฺปตฺโต
16	1	1	jātarūparajatappaṭiggahaṇā	ชาตรูปรชตปฺปฏิคฺคหณา
16	1	1	kadalimigapavarapaccattharaṇe	กทลิมิคปวรปจฺจตฺถรเณ
16	1	1	kadalimigappavarapaccattharaṇaṃ	กทลิมิคปฺปวรปจฺจตฺถรณํ
16	1	1	kalyāṇadiṭṭhadhammūpakkamo	กลฺยาณทิฏฺฐธมฺมูปกฺกโม
16	1	1	karavīkamattavihaṅgagaṇasatata	กรวีกมตฺตวิหงฺคคณสตต
16	1	1	khiṇāpāyaduggativinipāto	ขิณาปายทุคฺคติวินิปาโต
16	1	1	kisapharusakāḷaṅgapaccaṅgo	กิสผรุสกาฬงฺคปจฺจงฺโค
16	1	1	kāmadhātusamatikkamanatāpi	กามธาตุสมติกฺกมนตาปิ
16	1	1	kārikalūkhajīvitānuyogena	การิกลูขชีวิตานุโยเคน
16	1	1	mahājutikomahāvipphāro	มหาชุติโกมหาวิปฺผาโร
16	1	1	mahāsatipaṭṭhānapokkharaṇaṃ	มหาสติปฏฺฐานโปกฺขรณํ
16	1	1	manoviññāṇasamaṅgīssāti	มโนวิญฺญาณสมงฺคีสฺสาติ
16	1	1	manoviññāṇaṃviññātabbe	มโนวิญฺญาณํวิญฺญาตพฺเพ
16	1	1	manussārāhasseyyakesu	มนุสฺสาราหสฺเสยฺยเกสุ
16	1	1	manussārāhasseyyakāni	มนุสฺสาราหสฺเสยฺยกานิ
16	1	1	methunadhammappaṭisaṃyuttena	เมถุนธมฺมปฺปฏิสํยุตฺเตน
16	1	1	methunadhammappaṭisaṃyuttāhi	เมถุนธมฺมปฺปฏิสํยุตฺตาหิ
16	1	1	micchādiṭṭhiTikanipātapāḷi	มิจฺฉาทิฏฺฐิติกนิปาตปาฬิ
16	1	1	naanidassanasappaṭighamūlepi	นอนิทสฺสนสปฺปฏิฆมูเลปิ
16	1	1	nalokiyanalokuttaradhammo	นโลกิยนโลกุตฺตรธมฺโม
16	1	1	nekkhammapaṭisambhidaṭṭhena	เนกฺขมฺมปฏิสมฺภิทฏฺเฐน
16	1	1	nissaṭṭhatiṇakaṭṭhupādāno	นิสฺสฏฺฐติณกฏฺฐุปาทาโน
16	1	1	noupādācittasamaṅgissa	โนอุปาทาจิตฺตสมงฺคิสฺส
16	1	1	papañcasaññāsaṅkhāpabhavo	ปปญฺจสญฺญาสงฺขาปภโว
16	1	1	paramparāasammattakārīnaṃ	ปรมฺปราอสมฺมตฺตการีนํ
16	1	1	paricitāmanasānupekkhitā	ปริจิตามนสานุเปกฺขิตา
16	1	1	parimāṇāpaṭicchannāyopi	ปริมาณาปฏิจฺฉนฺนาโยปิ
16	1	1	parisuddhavacīsamācāratāya	ปริสุทฺธวจีสมาจารตาย
16	1	1	pariyosānakalyāṇañceva	ปริโยสานกลฺยาณญฺเจว
16	1	1	pupphaphalapallavaṅkurasantati	ปุปฺผผลปลฺลวงฺกุรสนฺตติ
16	1	1	puthusamaṇabrāhmaṇavādānaṃ	ปุถุสมณพฺราหฺมณวาทานํ
16	1	1	pātimokkhapariyāpannesu	ปาติโมกฺขปริยาปนฺเนสุ
16	1	1	rājantepurappavesaneti	ราชนฺเตปุรปฺปเวสเนติ
16	1	1	rūpavedanāsaññāsaṅkhāra	รูปเวทนาสญฺญาสงฺขาร
16	1	1	sabbacirappaṭicchānnāyo	สพฺพจิรปฺปฏิจฺฉานฺนาโย
16	1	1	sabbasaṃyojanabandhanacchidā	สพฺพสํโยชนพนฺธนจฺฉิทา
16	1	1	sabbaññutañāṇaratanasseva	สพฺพญฺญุตญาณรตนสฺเสว
16	1	1	sabbupādāpariyādānāya	สพฺพุปาทาปริยาทานาย
16	1	1	saddhāvippayuttācittassa	สทฺธาวิปฺปยุตฺตาจิตฺตสฺส
16	1	1	saghādisesāpattikkhandho	สฆาทิเสสาปตฺติกฺขนฺโธ
16	1	1	samathanimittupaṭṭhānekattaṃ	สมถนิมิตฺตุปฏฺฐาเนกตฺตํ
16	1	1	sampannanivāsanapāvuraṇo	สมฺปนฺนนิวาสนปาวุรโณ
16	1	1	sampayuttaabyākatamūlampi	สมฺปยุตฺตอพฺยากตมูลมฺปิ
16	1	1	samāpattivuṭṭhānakusalehi	สมาปตฺติวุฏฺฐานกุสเลหิ
16	1	1	sattakkhatuparamatāniyatoti	สตฺตกฺขตุปรมตานิยโตติ
16	1	1	saññogānupaṭṭhānakusalo	สญฺโญคานุปฏฺฐานกุสโล
16	1	1	saṃghasamayamanuppaviṭṭhatāyapi	สํฆสมยมนุปฺปวิฏฺฐตายปิ
16	1	1	saṃvaṇṇanāyasaṃsandetabbā	สํวณฺณนายสํสนฺเทตพฺพา
16	1	1	saṅkhārānupaṭṭhānakusalo	สงฺขารานุปฏฺฐานกุสโล
16	1	1	saṇhasukhumaduppaṭivedhattā	สณฺหสุขุมทุปฺปฏิเวธตฺตา
16	1	1	seyyāvasathapadīpeyyanti	เสยฺยาวสถปทีเปยฺยนฺติ
16	1	1	sikkhamānāsamaṇuddesehi	สิกฺขมานาสมณุทฺเทเสหิ
16	1	1	siṅgāravāṇijagaṇānucaritaṃ	สิงฺคารวาณิชคณานุจริตํ
16	1	1	sopādisesanibbānadhātuṃ	โสปาทิเสสนิพฺพานธาตุํ
16	1	1	sotapattiphalasacchikiriyāya	โสตปตฺติผลสจฺฉิกิริยาย
16	1	1	sīlabbataparāmāsānusayo	สีลพฺพตปรามาสานุสโย
16	1	1	sūnuddhumātasusiruttamaṅgo	สูนุทฺธุมาตสุสิรุตฺตมงฺโค
16	1	1	tiracchānakathāpavattaniko	ติรจฺฉานกถาปวตฺตนิโก
16	1	1	udapānaninnapokkharaṇigataṃ	อุทปานนินฺนโปกฺขรณิคตํ
16	1	1	ugghātinigghātivītivatto	อุคฺฆาตินิคฺฆาติวีติวตฺโต
16	1	1	ukkāmukhasukusalasampahaṭṭhaṃ	อุกฺกามุขสุกุสลสมฺปหฏฺฐํ
16	1	1	uparisoṇadaṇḍasuttādīsupi	อุปริโสณทณฺฑสุตฺตาทีสุปิ
16	1	1	upasampadāpekkhādivatthu	อุปสมฺปทาเปกฺขาทิวตฺถุ
16	1	1	upekkhāsambojjaṅgassa	อุเปกฺขาสมฺโพชฺชงฺคสฺส
16	1	1	vaḷañjakoṭṭhāsarāsigato	วฬญฺชโกฏฺฐาสราสิคโต
16	1	1	verambhavātakkhittasseva	เวรมฺภวาตกฺขิตฺตสฺเสว
16	1	1	vibhajanuttānīkammapaññatti	วิภชนุตฺตานีกมฺมปญฺญตฺติ
16	1	1	vimuttipaṭisevanatāyaṭhito	วิมุตฺติปฏิเสวนตายฐิโต
16	1	1	vimuttiñāṇadassanaratananti	วิมุตฺติญาณทสฺสนรตนนฺติ
16	1	1	vippaṭisāromanovilekho	วิปฺปฏิสาโรมโนวิเลโข
16	1	1	vipākanavipākadhammadhammo	วิปากนวิปากธมฺมธมฺโม
16	1	1	vācāpaṭisandhāramattampi	วาจาปฏิสนฺธารมตฺตมฺปิ
16	1	1	Ñāṇatthavikattheraapadāna	ญาณตฺถวิกตฺเถรอปทาน
16	1	1	Ākāsānañcāyatanakirisaṃ	อากาสานญฺจายตนกิริสํ
16	1	1	Ākāsānañcāyatanupage	อากาสานญฺจายตนุปเค
16	1	1	Āsavasāsavadukakusalattikaṃ	อาสวสาสวทุกกุสลตฺติกํ
16	1	1	āhārapaccayenapaccayo	อาหารปจฺจเยนปจฺจโย
16	1	1	ākāsānañcāyatanupagā	อากาสานญฺจายตนุปคา
16	1	1	ākāsānañcāyatasaññā	อากาสานญฺจายตสญฺญา
16	1	1	ālokasandhikaraṇamattena	อาโลกสนฺธิกรณมตฺเตน
16	1	1	āyūhanānupaṭṭhānakusalo	อายูหนานุปฏฺฐานกุสโล
15	1	1	Abhirūpanandātherīgāthā	อภิรูปนนฺทาเถรีคาถา
15	1	1	Abhisamayantarāyakarapañha	อภิสมยนฺตรายกรปญฺห
15	1	1	Abyādhikattheraapadāna	อพฺยาธิกตฺเถรอปทาน
15	1	1	Aggikabhāradvājajātaka	อคฺคิกภารทฺวาชชาตก
15	1	1	Akāsānañcāyatanakiriyaṃ	อกาสานญฺจายตนกิริยํ
15	1	1	Alasandakasmīragandhārā	อลสนฺทกสฺมีรคนฺธารา
15	1	1	Ambaphaliyattheraapadāna	อมฺพผลิยตฺเถรอปทาน
15	1	1	Animittānupassanatthāya	อนิมิตฺตานุปสฺสนตฺถาย
15	1	1	Anuruddhamahāvitakkasutta	อนุรุทฺธมหาวิตกฺกสุตฺต
15	1	1	Anusayāanārammaṇakathā	อนุสยาอนารมฺมณกถา
15	1	1	Anuttarapadahetuanantara	อนุตฺตรปทเหตุอนนฺตร
15	1	1	Anāgatārammaṇapadahetu	อนาคตารมฺมณปทเหตุ
15	1	1	Anāthapiṇḍikovādasuttaṃ	อนาถปิณฺฑิโกวาทสุตฺตํ
15	1	1	Apadāniyattheraapadāna	อปทานิยตฺเถรอปทาน
15	1	1	Aparalakuṇḍakabhaddiyasutta	อปรลกุณฺฑกภทฺทิยสุตฺต
15	1	1	Aparāsāmātherīgāthā	อปราสามาเถรีคาถา
15	1	1	Appasādapavedanīyasutta	อปฺปสาทปเวทนียสุตฺต
15	1	1	Appaṇihitūpaṭṭhānakusalo	อปฺปณิหิตูปฏฺฐานกุสโล
15	1	1	Assaddhammassavanampāhaṃ	อสฺสทฺธมฺมสฺสวนมฺปาหํ
15	1	1	Atichattiyattheraapadāna	อติฉตฺติยตฺเถรอปทาน
15	1	1	Atirekaaḍḍhateyyakaṃse	อติเรกอฑฺฒเตยฺยกํเส
15	1	1	Atthanipphattipaṭipālanā	อตฺถนิปฺผตฺติปฏิปาลนา
15	1	1	Avatthitattābhayabhīrutāya	อวตฺถิตตฺตาภยภีรุตาย
15	1	1	Ayonisomanasikārampahaṃ	อโยนิโสมนสิการมฺปหํ
15	1	1	Ayosaṅkusamāhataṭṭhānaṃ	อโยสงฺกุสมาหตฏฺฐานํ
15	1	1	Añjanavaniyattheragāthā	อญฺชนวนิยตฺเถรคาถา
15	1	1	Aññākoṇḍaññotveva	อญฺญาโกณฺฑญฺโญเตฺวว
15	1	1	Aṅgulimālattheragāthā	องฺคุลิมาลตฺเถรคาถา
15	1	1	Aṅkolakattheraapadāna	องฺโกลกตฺเถรอปทาน
15	1	1	Belaṭṭhasīsattheragāthā	เพลฏฺฐสีสตฺเถรคาถา
15	1	1	Bharurājavaruttamapuṇṇanadī	ภรุราชวรุตฺตมปุณฺณนที
15	1	1	Bhikkhādāyakavimānavatthu	ภิกฺขาทายกวิมานวตฺถุ
15	1	1	Bhāradvājattheragāthā	ภารทฺวาชตฺเถรคาถา
15	1	1	Bhūtanirodhesakabhikkhuvatthu	ภูตนิโรเธสกภิกฺขุวตฺถุ
15	1	1	Billiyattherassāpadānaṃ	พิลฺลิยตฺเถรสฺสาปทานํ
15	1	1	Brahmadattattheragāthā	พฺรหฺมทตฺตตฺเถรคาถา
15	1	1	Brāhmaṇadhammayāgasutta	พฺราหฺมณธมฺมยาคสุตฺต
15	1	1	Brāhmaṇarājavādapañha	พฺราหฺมณราชวาทปญฺห
15	1	1	Buddhalābhantarāyapañho	พุทฺธลาภนฺตรายปโญฺห
15	1	1	Buddhenādiccabandhunāti	พุทฺเธนาทิจฺจพนฺธุนาติ
15	1	1	Bāhiyattherassāpadānaṃ	พาหิยตฺเถรสฺสาปทานํ
15	1	1	Bākulattherassāpadānaṃ	พากุลตฺเถรสฺสาปทานํ
15	1	1	Chattamāṇavakavimānavatthu	ฉตฺตมาณวกวิมานวตฺถุ
15	1	1	Cittakadharakummaṅgapañho	จิตฺตกธรกุมฺมงฺคปโญฺห
15	1	1	Cittasamuṭṭhānarūpeneva	จิตฺตสมุฏฺฐานรูเปเนว
15	1	1	Codanāvatthubhāṇavāro	โจทนาวตฺถุภาณวาโร
15	1	1	Cātummahārājikaparisā	จาตุมฺมหาราชิกปริสา
15	1	1	Cūḷasugandhattheraapadāna	จูฬสุคนฺธตฺเถรอปทาน
15	1	1	Desapūjakattheraapadāna	เทสปูชกตฺเถรอปทาน
15	1	1	Dhammaruciyattheraapadāna	ธมฺมรุจิยตฺเถรอปทาน
15	1	1	Dhammasavapituttheragāthā	ธมฺมสวปิตุตฺเถรคาถา
15	1	1	Dhammikapātimokkhaṭṭhapana	ธมฺมิกปาติโมกฺขฏฺฐปน
15	1	1	Dhotakattherassāpadānaṃ	โธตกตฺเถรสฺสาปทานํ
15	1	1	Dhūpadāyakattheraapadāna	ธูปทายกตฺเถรอปทาน
15	1	1	Diṭṭhadhammikānañcevāhaṃ	ทิฏฺฐธมฺมิกานญฺเจวาหํ
15	1	1	Dukkhanirodhagāminipaṭipadaṃ	ทุกฺขนิโรธคามินิปฏิปทํ
15	1	1	Dukkhappahānavāyamapañha	ทุกฺขปฺปหานวายมปญฺห
15	1	1	Dutiyabhayaverūpasantasutta	ทุติยภยเวรูปสนฺตสุตฺต
15	1	1	Dutiyacakkānuvattanasutta	ทุติยจกฺกานุวตฺตนสุตฺต
15	1	1	Dutiyahatthapādopamasutta	ทุติยหตฺถปาโทปมสุตฺต
15	1	1	Dutiyajhānasuttādisattaka	ทุติยฌานสุตฺตาทิสตฺตก
15	1	1	Dutiyalakuṇḍakabhaddiyasutta	ทุติยลกุณฺฑกภทฺทิยสุตฺต
15	1	1	Dutiyasammattaniyāmasutta	ทุติยสมฺมตฺตนิยามสุตฺต
15	1	1	Dutiyavinayadharasobhanasutta	ทุติยวินยธรโสภนสุตฺต
15	1	1	Ekudāniyattheragāthā	เอกุทานิยตฺเถรคาถา
15	1	1	Gahvaratīriyattheragāthā	คหฺวรตีริยตฺเถรคาถา
15	1	1	Gandhadhūpiyattheraapadāna	คนฺธธูปิยตฺเถรอปทาน
15	1	1	Gandhapūjakattheraapadāna	คนฺธปูชกตฺเถรอปทาน
15	1	1	Gayākassapattheragāthā	คยากสฺสปตฺเถรคาถา
15	1	1	Gaṅgātīriyattheragāthā	คงฺคาตีริยตฺเถรคาถา
15	1	1	Girimānandattheragāthā	คิริมานนฺทตฺเถรคาถา
15	1	1	Hemakattherassāpadānaṃ	เหมกตฺเถรสฺสาปทานํ
15	1	1	Hetudukauppannattikaṃ	เหตุทุกฺเอาปฺปนฺนตฺติกํ
15	1	1	Hetudukaācayagāmittikaṃ	เหตุทุกอาจยคามิตฺติกํ
15	1	1	Hetusampayuttanahetupada	เหตุสมฺปยุตฺตนเหตุปท
15	1	1	Hāsajanakattheraapadāna	หาสชนกตฺเถรอปทาน
15	1	1	Indasamānagottajātaka	อินฺทสมานโคตฺตชาตก
15	1	1	Jalābujadānūpakārasutta	ชลาพุชทานูปการสุตฺต
15	1	1	Jarāmaraṇaṃvipākotikathā	ชรามรณํวิปาโกติกถา
15	1	1	Jinasāsanamanulomayitvā	ชินสาสนมนุโลมยิตฺวา
15	1	1	Jātarūparajatapaṭiggahaṇe	ชาตรูปรชตปฏิคฺคหเณ
15	1	1	Jātipūjakattheraapadāna	ชาติปูชกตฺเถรอปทาน
15	1	1	Kambalānujānanādikathā	กมฺพลานุชานนาทิกถา
15	1	1	Katāpattivāroniṭṭhito	กตาปตฺติวาโรนิฏฺฐิโต
15	1	1	Kaṭṭhapādukādipaṭikkhepa	กฏฺฐปาทุกาทิปฏิกฺเขป
15	1	1	Khujjasobhitattheragāthā	ขุชฺชโสภิตตฺเถรคาถา
15	1	1	Kilesagocchakakusalattikaṃ	กิเลสโคจฺฉกกุสลตฺติกํ
15	1	1	Kiṃsukapūjakattheraapadāna	กิํสุกปูชกตฺเถรอปทาน
15	1	1	Kusalattikakilesagocchakaṃ	กุสลตฺติกกิเลสโคจฺฉกํ
15	1	1	Kusalattikasanidassanattikaṃ	กุสลตฺติกสนิทสฺสนตฺติกํ
15	1	1	Kusalattikaāsavagocchakaṃ	กุสลตฺติกอาสวโคจฺฉกํ
15	1	1	Kuṇḍadhānattheraapadāna	กุณฺฑธานตฺเถรอปทาน
15	1	1	Kuṇḍakakucchisindhavajātaka	กุณฺฑกกุจฺฉิสินฺธวชาตก
15	1	1	Kuṭidāyakattheraapadāna	กุฏิทายกตฺเถรอปทาน
15	1	1	Maccubhāyanābhāyanapañha	มจฺจุภายนาภายนปญฺห
15	1	1	Madhudāyakattheraapadāna	มธุทายกตฺเถรอปทาน
15	1	1	Madhupiṇḍikattheraapadāna	มธุปิณฺฑิกตฺเถรอปทาน
15	1	1	Mahākappinattheragāthā	มหากปฺปินตฺเถรคาถา
15	1	1	Mahākassapattheragāthā	มหากสฺสปตฺเถรคาถา
15	1	1	Mahānāradakassapajātaka	มหานารทกสฺสปชาตก
15	1	1	Mahāpanthakattheragāthā	มหาปนฺถกตฺเถรคาถา
15	1	1	Mahāsamuddeaṭṭhacchariya	มหาสมุทฺเทอฏฺฐจฺฉริย
15	1	1	Maṇikuṇḍalajātakaṭṭhakathā	มณิกุณฺฑลชาตกฏฺฐกถา
15	1	1	Mogharājattheraapadāna	โมฆราชตฺเถรอปทาน
15	1	1	Muṭṭhipūjakattheraapadāna	มุฏฺฐิปูชกตฺเถรอปทาน
15	1	1	Nadīkassapattheraapadāna	นทีกสฺสปตฺเถรอปทาน
15	1	1	Napacchājātanaāsevana	นปจฺฉาชาตนอาเสวน
15	1	1	Nappaṭippassambhanavaggo	นปฺปฏิปฺปสฺสมฺภนวคฺโค
15	1	1	Nevasekkhanāsekkhehi	เนวเสกฺขนาเสกฺเขหิ
15	1	1	Nhātakamunittheragāthā	นฺหาตกมุนิตฺเถรคาถา
15	1	1	Nirodhupaṭṭhānekattañca	นิโรธุปฏฺฐาเนกตฺตญฺจ
15	1	1	Nāgasamālattheragāthā	นาคสมาลตฺเถรคาถา
15	1	1	Nāmarūpapaṭisandahanapañha	นามรูปปฏิสนฺทหนปญฺห
15	1	1	Nāvālagganakaṅgapañho	นาวาลคฺคนกงฺคปโญฺห
15	1	1	Nīvaraṇagocchakakusalattikaṃ	นีวรณโคจฺฉกกุสลตฺติกํ
15	1	1	Opavayhattheraapadāna	โอปวยฺหตฺเถรอปทาน
15	1	1	Paccayacatukkasahajātādi	ปจฺจยจตุกฺกสหชาตาทิ
15	1	1	Paccayāpaccanīyānuloma	ปจฺจยาปจฺจนียานุโลม
15	1	1	Paccekabuddhenekasate	ปจฺเจกพุทฺเธเนกสเต
15	1	1	Paccekabuddhāsayambhuno	ปจฺเจกพุทฺธาสยมฺภุโน
15	1	1	Padasaññakattheraapadāna	ปทสญฺญกตฺเถรอปทาน
15	1	1	Pakkhappaṭicchannaabbhāna	ปกฺขปฺปฏิจฺฉนฺนอพฺภาน
15	1	1	Paranimmitavasavattīdeve	ปรนิมฺมิตวสวตฺตีเทเว
15	1	1	Pathavīkammavipākotikathā	ปถวีกมฺมวิปาโกติกถา
15	1	1	Pavāḷābharaṇapaṭipaṇḍito	ปวาฬาภรณปฏิปณฺฑิโต
15	1	1	Pañcadīpakattheraapadāna	ปญฺจทีปกตฺเถรอปทาน
15	1	1	Pañcagatipeyyālavaggo	ปญฺจคติเปยฺยาลวคฺโค
15	1	1	Pañcaputtakhādapetivatthu	ปญฺจปุตฺตขาทเปติวตฺถุ
15	1	1	Pañcavassasahassāyukesu	ปญฺจวสฺสสหสฺสายุเกสุ
15	1	1	Paṭhamabhayaverūpasantasutta	ปฐมภยเวรูปสนฺตสุตฺต
15	1	1	Paṭhamacakkānuvattanasutta	ปฐมจกฺกานุวตฺตนสุตฺต
15	1	1	Paṭhamahatthapādopamasutta	ปฐมหตฺถปาโทปมสุตฺต
15	1	1	Paṭhamalakuṇḍakabhaddiyasutta	ปฐมลกุณฺฑกภทฺทิยสุตฺต
15	1	1	Paṭhamasammattaniyāmasutta	ปฐมสมฺมตฺตนิยามสุตฺต
15	1	1	Paṭhamavinayadharasobhanasutta	ปฐมวินยธรโสภนสุตฺต
15	1	1	Paṭisaṅkhānupassanatthāya	ปฏิสงฺขานุปสฺสนตฺถาย
15	1	1	Phassādivinibbhujanapañho	ผสฺสาทิวินิพฺภุชนปโญฺห
15	1	1	Pilindavacchattheragāthā	ปิลินฺทวจฺฉตฺเถรคาถา
15	1	1	Puggalassevakathinatthāra	ปุคฺคลสฺเสวกถินตฺถาร
15	1	1	Pulinathūpiyattheraapadāna	ปุลินถูปิยตฺเถรอปทาน
15	1	1	Punabbhavavirohaṇalakkhaṇā	ปุนพฺภววิโรหณลกฺขณา
15	1	1	Pupphathūpiyattheraapadāna	ปุปฺผถูปิยตฺเถรอปทาน
15	1	1	Puṇṇakattherassāpadānaṃ	ปุณฺณกตฺเถรสฺสาปทานํ
15	1	1	Pādaphaliyattheraapadāna	ปาทผลิยตฺเถรอปทาน
15	1	1	Pādapīṭhiyattheraapadāna	ปาทปีฐิยตฺเถรอปทาน
15	1	1	Pādapūjakattheraapadāna	ปาทปูชกตฺเถรอปทาน
15	1	1	Pāricchattakavimānavatthu	ปาริจฺฉตฺตกวิมานวตฺถุ
15	1	1	Pātimokkhaṭṭhapanāsutta	ปาติโมกฺขฏฺฐปนาสุตฺต
15	1	1	Ramaṇīyakuṭikattheragāthā	รมณียกุฏิกตฺเถรคาถา
15	1	1	Reṇupūjakattheraapadāna	เรณุปูชกตฺเถรอปทาน
15	1	1	Rāhulattherassāpadānaṃ	ราหุลตฺเถรสฺสาปทานํ
15	1	1	Sabbakusalābhisaṅkhārānaṃ	สพฺพกุสลาภิสงฺขารานํ
15	1	1	Sabbasaṃhārakapañhajātaka	สพฺพสํหารกปญฺหชาตก
15	1	1	Sabbaññutaññāṇaniddesa	สพฺพญฺญุตญฺญาณนิทฺเทส
15	1	1	Saccikaṭṭhaparamaṭṭhenāti	สจฺจิกฏฺฐปรมฏฺเฐนาติ
15	1	1	Saddhammantaradhānapañho	สทฺธมฺมนฺตรธานปโญฺห
15	1	1	Sahetādhipatimaggaghaṭanā	สเหตาธิปติมคฺคฆฏนา
15	1	1	Sallekhaṭṭhañāṇaniddesa	สลฺเลขฏฺฐญาณนิทฺเทส
15	1	1	Samasīsaṭṭhañāṇaniddeso	สมสีสฏฺฐญาณนิทฺเทโส
15	1	1	Samathasammukhāvinayavāro	สมถสมฺมุขาวินยวาโร
15	1	1	Sambodhimahānadhammatanti	สมฺโพธิมหานธมฺมตนฺติ
15	1	1	Sammāparibbājanīyasutta	สมฺมาปริพฺพาชนียสุตฺต
15	1	1	Sammāparibbājanīyasuttaṃ	สมฺมาปริพฺพาชนียสุตฺตํ
15	1	1	Samādapakattheraapadāna	สมาทปกตฺเถรอปทาน
15	1	1	Sandhitattherassāpadānaṃ	สนฺธิตตฺเถรสฺสาปทานํ
15	1	1	Sappidāyakattherapadāna	สปฺปิทายกตฺเถรปทาน
15	1	1	Sataraṃsittherassāpadānaṃ	สตรํสิตฺเถรสฺสาปทานํ
15	1	1	Satokāriñāṇaniddeso	สโตการิญาณนิทฺเทโส
15	1	1	Savilāsitanayanamattakkho	สวิลาสิตนยนมตฺตกฺโข
15	1	1	Saññakkharasaññanissitāni	สญฺญกฺขรสญฺญนิสฺสิตานิ
15	1	1	Saṃyojanaṃjātikhayantadassī	สํโยชนํชาติขยนฺตทสฺสี
15	1	1	Siṅgālapituttheragāthā	สิงฺคาลปิตุตฺเถรคาถา
15	1	1	Sobhitattherassāpadānaṃ	โสภิตตฺเถรสฺสาปทานํ
15	1	1	Subhaddattherassāpadānaṃ	สุภทฺทตฺเถรสฺสาปทานํ
15	1	1	Sugandhattherassāpadānaṃ	สุคนฺธตฺเถรสฺสาปทานํ
15	1	1	Sundarasamuddattheravatthu	สุนฺทรสมุทฺทตฺเถรวตฺถุ
15	1	1	Sundarikabhāradvājasuttaṃ	สุนฺทริกภารทฺวาชสุตฺตํ
15	1	1	Sundarīnandātherīgāthā	สุนฺทรีนนฺทาเถรีคาถา
15	1	1	Sāgatattherassāpadānaṃ	สาคตตฺเถรสฺสาปทานํ
15	1	1	Sāhamapacitatthadhammakusalaṃ	สาหมปจิตตฺถธมฺมกุสลํ
15	1	1	Sāriputtaupasamasutta	สาริปุตฺตฺเอาปสมสุตฺต
15	1	1	Sāṭimattiyattheragāthā	สาฏิมตฺติยตฺเถรคาถา
15	1	1	Sīhāsanikattheraapadāna	สีหาสนิกตฺเถรอปทาน
15	1	1	Sūrāapaṭikkhepanalakkhaṇaṃ	สูราอปฏิกฺเขปนลกฺขณํ
15	1	1	Taraṇīyattherassāpadānaṃ	ตรณียตฺเถรสฺสาปทานํ
15	1	1	Tatiyasammattaniyāmasutta	ตติยสมฺมตฺตนิยามสุตฺต
15	1	1	Tatiyavinayadharasobhanasutta	ตติยวินยธรโสภนสุตฺต
15	1	1	Thanassitadārakaṅgapañho	ถนสฺสิตทารกงฺคปโญฺห
15	1	1	Thomakattherassāpadānaṃ	โถมกตฺเถรสฺสาปทานํ
15	1	1	Tiraṃsiyattherassāpadānaṃ	ติรํสิยตฺเถรสฺสาปทานํ
15	1	1	Titthiyapakkantakacatuttho	ติตฺถิยปกฺกนฺตกจตุตฺโถ
15	1	1	Titthiyapakkantakapañcamo	ติตฺถิยปกฺกนฺตกปญฺจโม
15	1	1	Todeyyattheraapadāna	โตเทยฺยตฺเถรอปทาน
15	1	1	Ubhatobyañjanakacatuttho	อุภโตพฺยญฺชนกจตุตฺโถ
15	1	1	Ubhatobyañjanakapañcamo	อุภโตพฺยญฺชนกปญฺจโม
15	1	1	Ucchudāyikāvimānavatthu	อุจฺฉุทายิกาวิมานวตฺถุ
15	1	1	Udenattherassāpadānaṃ	อุเทนตฺเถรสฺสาปทานํ
15	1	1	Ujjhānasaññittheravatthu	อุชฺฌานสญฺญิตฺเถรวตฺถุ
15	1	1	Upasīvattherassāpadānaṃ	อุปสีวตฺเถรสฺสาปทานํ
15	1	1	Uppalavaṇṇātherīgāthā	อุปฺปลวณฺณาเถรีคาถา
15	1	1	Uppalavaṇṇāttherīvatthu	อุปฺปลวณฺณาตฺเถรีวตฺถุ
15	1	1	Uppādetabbadhammasutta	อุปฺปาเทตพฺพธมฺมสุตฺต
15	1	1	Upādāpaññattānuyoga	อุปาทาปญฺญตฺตานุโยค
15	1	1	Upālipucchābhāṇavāro	อุปาลิปุจฺฉาภาณวาโร
15	1	1	Upālisaṃghasāmaggīpucchā	อุปาลิสํฆสามคฺคีปุจฺฉา
15	1	1	Uttarapālattheragāthā	อุตฺตรปาลตฺเถรคาถา
15	1	1	Uttiyattherassāpadānaṃ	อุตฺติยตฺเถรสฺสาปทานํ
15	1	1	Vacchagottattheragāthā	วจฺฉโคตฺตตฺเถรคาถา
15	1	1	Vajjīputtattheraapadāna	วชฺชีปุตฺตตฺเถรอปทาน
15	1	1	Vassūpanāyikānujānanā	วสฺสูปนายิกานุชานนา
15	1	1	Vaṅgīsattherassāpadānaṃ	วงฺคีสตฺเถรสฺสาปทานํ
15	1	1	Vaṇṇakārattheraapadāna	วณฺณการตฺเถรอปทาน
15	1	1	Vijjāvimuttiphalānisaṃso	วิชฺชาวิมุตฺติผลานิสํโส
15	1	1	Vipariṇāmūpaṭṭhānakusalo	วิปริณามูปฏฺฐานกุสโล
15	1	1	Visaññogūpaṭṭhānakusalo	วิสญฺโญคูปฏฺฐานกุสโล
15	1	1	Vīsativassasahassāyukesu	วีสติวสฺสสหสฺสายุเกสุ
15	1	1	abyābajjhaparamatāyāti	อพฺยาพชฺฌปรมตายาติ
15	1	1	abyāpādapariyogāhaṇaṃ	อพฺยาปาทปริโยคาหณํ
15	1	1	abyāpādassaṅgamāno	อพฺยาปาทสฺสงฺคมาโน
15	1	1	accharāsaṅghātamattampī	อจฺฉราสงฺฆาตมตฺตมฺปี
15	1	1	adhigatapaṭisambhidappatto	อธิคตปฏิสมฺภิทปฺปตฺโต
15	1	1	adukkhamasukhavedaniyañcā	อทุกฺขมสุขเวทนิยญฺจา
15	1	1	alaṅkārānuppadānena	อลงฺการานุปฺปทาเนน
15	1	1	amanussubhatobyañjanako	อมนุสฺสุภโตพฺยญฺชนโก
15	1	1	anavajjapaṭisambhidaṭṭhena	อนวชฺชปฏิสมฺภิทฏฺเฐน
15	1	1	aniccasaññādukkhasaññā	อนิจฺจสญฺญาทุกฺขสญฺญา
15	1	1	annabhāranesādānampi	อนฺนภารเนสาทานมฺปิ
15	1	1	antevāsikābhisekena	อนฺเตวาสิกาภิเสเกน
15	1	1	anubyañjanabyāmappabhā	อนุพฺยญฺชนพฺยามปฺปภา
15	1	1	anupādinnaanupādāniya	อนุปาทินฺนอนุปาทานิย
15	1	1	anuruddhappaṭiviruddhassā	อนุรุทฺธปฺปฏิวิรุทฺธสฺสา
15	1	1	anuttarabhāvajānanapañha	อนุตฺตรภาวชานนปญฺห
15	1	1	anāgāmimaggasamaṅgīñca	อนาคามิมคฺคสมงฺคีญฺจ
15	1	1	anāsavapaṭisambhidaṭṭhena	อนาสวปฏิสมฺภิทฏฺเฐน
15	1	1	anīkaṭṭhapārisajjajanehi	อนีกฏฺฐปาริสชฺชชเนหิ
15	1	1	aparisuddhakāyakammanto	อปริสุทฺธกายกมฺมนฺโต
15	1	1	appamattakavissajjakena	อปฺปมตฺตกวิสฺสชฺชเกน
15	1	1	arahattamaggappaṭivedho	อรหตฺตมคฺคปฺปฏิเวโธ
15	1	1	arahattamaggasamāpanno	อรหตฺตมคฺคสมาปนฺโน
15	1	1	asannidhikāraparibhoginā	อสนฺนิธิการปริโภคินา
15	1	1	asaññattabhāvapaṭilābho	อสญฺญตฺตภาวปฏิลาโภ
15	1	1	asaṅkhāraparinibbāyinā	อสงฺขารปรินิพฺพายินา
15	1	1	assāsapassāsūpanibaddhaṃ	อสฺสาสปสฺสาสูปนิพทฺธํ
15	1	1	assāsapassāsūpanibandhaṃ	อสฺสาสปสฺสาสูปนิพนฺธํ
15	1	1	atirekacatumāsaniviṭṭho	อติเรกจตุมาสนิวิฏฺโฐ
15	1	1	attaparinibbāpanatthāya	อตฺตปรินิพฺพาปนตฺถาย
15	1	1	avijjāyogavisaññogo	อวิชฺชาโยควิสญฺโญโค
15	1	1	avitakkavicāramattotipi	อวิตกฺกวิจารมตฺโตติปิ
15	1	1	añāṇaanupaṭṭhānakusalo	อญาณอนุปฏฺฐานกุสโล
15	1	1	añāṇānupaṭṭhānakusalo	อญาณานุปฏฺฐานกุสโล
15	1	1	aṭṭhamanayabhūmiparicchedo	อฏฺฐมนยภูมิปริจฺเฉโท
15	1	1	aṭṭhāhappaṭicchannāyo	อฏฺฐาหปฺปฏิจฺฉนฺนาโย
15	1	1	bhattavissaggakaraṇatthāya	ภตฺตวิสฺสคฺคกรณตฺถาย
15	1	1	bhesajjappaccayapavāraṇaṃ	เภสชฺชปฺปจฺจยปวารณํ
15	1	1	brāhmaṇasukhumāliniyopi	พฺราหฺมณสุขุมาลินิโยปิ
15	1	1	byapagatakilesamalakaddamaṃ	พฺยปคตกิเลสมลกทฺทมํ
15	1	1	byapagatatividhaggisantāpaṃ	พฺยปคตติวิธคฺคิสนฺตาปํ
15	1	1	byāpādapariyuṭṭhānena	พฺยาปาทปริยุฏฺฐาเนน
15	1	1	candimasūriyappaṭibhāgassa	จนฺทิมสูริยปฺปฏิภาคสฺส
15	1	1	catumāsappaccayavāraṇā	จตุมาสปฺปจฺจยวารณา
15	1	1	caturāsītidhenusahassāni	จตุราสีติเธนุสหสฺสานิ
15	1	1	caturāsītiitthisahassāni	จตุราสีติอิตฺถิสหสฺสานิ
15	1	1	caturāsītinagarasahassāni	จตุราสีตินครสหสฺสานิ
15	1	1	caturāsītināgasahassāni	จตุราสีตินาคสหสฺสานิ
15	1	1	catutthanayabhūmiparicchedo	จตุตฺถนยภูมิปริจฺเฉโท
15	1	1	chandiddhipādasampayuttā	ฉนฺทิทฺธิปาทสมฺปยุตฺตา
15	1	1	cittiddhipādasampayuttā	จิตฺติทฺธิปาทสมฺปยุตฺตา
15	1	1	coravadhakapaccatthikesupi	โจรวธกปจฺจตฺถิเกสุปิ
15	1	1	daliddopacchedanaṭṭhena	ทลิทฺโทปจฺเฉทนฏฺเฐน
15	1	1	dasavidhenasaññākkhandho	ทสวิเธนสญฺญากฺขนฺโธ
15	1	1	daṇḍasatthabbhukkiramatto	ทณฺฑสตฺถพฺภุกฺกิรมตฺโต
15	1	1	dhammacakkamanuppavattako	ธมฺมจกฺกมนุปฺปวตฺตโก
15	1	1	dhammacakkānuppavattakā	ธมฺมจกฺกานุปฺปวตฺตกา
15	1	1	dhammadhātupariyāpannāti	ธมฺมธาตุปริยาปนฺนาติ
15	1	1	dhammameghamabhivassayitvā	ธมฺมเมฆมภิวสฺสยิตฺวา
15	1	1	dhammavicayasambhojjhaṅgo	ธมฺมวิจยสมฺโภชฺฌงฺโค
15	1	1	dhammānudhammappaṭippannaṃ	ธมฺมานุธมฺมปฺปฏิปฺปนฺนํ
15	1	1	diṭṭhadhammesukhavihārānaṃ	ทิฏฺฐธมฺเมสุขวิหารานํ
15	1	1	diṭṭhijālaviniveṭhanāyā	ทิฏฺฐิชาลวินิเวฐนายา
15	1	1	dubbhāsitāpattikkhandho	ทุพฺภาสิตาปตฺติกฺขนฺโธ
15	1	1	dutiyajjhānasamāpattiyā	ทุติยชฺฌานสมาปตฺติยา
15	1	1	ekattharaṇāpāvuraṇāpi	เอกตฺถรณาปาวุรณาปิ
15	1	1	ganthavippayuttaganthaniyan	คนฺถวิปฺปยุตฺตคนฺถนิยนฺ
15	1	1	gaṇīvarapavaramāsajjānti	คณีวรปวรมาสชฺชานฺติ
15	1	1	gilānappaccayapavāraṇā	คิลานปฺปจฺจยปวารณา
15	1	1	japanadatthāvariyappatto	ชปนทตฺถาวริยปฺปตฺโต
15	1	1	jātijarābyādhimaraṇehi	ชาติชราพฺยาธิมรเณหิ
15	1	1	kabaḷīkārāhārūpanibaddhaṃ	กพฬีการาหารูปนิพทฺธํ
15	1	1	kabaḷīkārāhārūpanibandhaṃ	กพฬีการาหารูปนิพนฺธํ
15	1	1	kantāraddhānapakkhando	กนฺตารทฺธานปกฺขนฺโท
15	1	1	kaṅkhāvitaraṇavisuddhatthā	กงฺขาวิตรณวิสุทฺธตฺถา
15	1	1	kilesadukkhappaṭipīḷitānaṃ	กิเลสทุกฺขปฺปฏิปีฬิตานํ
15	1	1	kilesakāmānaṃpahīnattā	กิเลสกามานํปหีนตฺตา
15	1	1	kāmadhātupariyāpannoti	กามธาตุปริยาปนฺโนติ
15	1	1	kāmadhātupariyāpannāti	กามธาตุปริยาปนฺนาติ
15	1	1	lohitacandanasārantare	โลหิตจนฺทนสารนฺตเร
15	1	1	mahāgaruṇāsamāpattiyā	มหาครุณาสมาปตฺติยา
15	1	1	mahākantārappaṭipanno	มหากนฺตารปฺปฏิปนฺโน
15	1	1	mahāsambādhappaṭipanno	มหาสมฺพาธปฺปฏิปนฺโน
15	1	1	mahāsamuddappaṭibhāgassa	มหาสมุทฺทปฺปฏิภาคสฺส
15	1	1	manasikārūpāsīsakeneva	มนสิการูปาสีสเกเนว
15	1	1	mūlāyapaṭikassanārahehi	มูลายปฏิกสฺสนารเหหิ
15	1	1	nandisaṃyojanavippayutto	นนฺทิสํโยชนวิปฺปยุตฺโต
15	1	1	nekkhammaparipākaṭṭhena	เนกฺขมฺมปริปากฏฺเฐน
15	1	1	nekkhammaparipūraṇaṭṭhena	เนกฺขมฺมปริปูรณฏฺเฐน
15	1	1	nekkhammaparivāraṭṭhena	เนกฺขมฺมปริวารฏฺเฐน
15	1	1	nekkhammasaṅkappabahulo	เนกฺขมฺมสงฺกปฺปพหุโล
15	1	1	nevasekkhanāsekkhāya	เนวเสกฺขนาเสกฺขาย
15	1	1	nevasekkhonāsekkho	เนวเสกฺโขนาเสกฺโข
15	1	1	nevasekkhānāsekkho	เนวเสกฺขานาเสกฺโข
15	1	1	nevasekkhānāsekkhā	เนวเสกฺขานาเสกฺขา
15	1	1	nevavipākanavipākakammaṃ	เนววิปากนวิปากกมฺมํ
15	1	1	nibbidāvirāgagipannassa	นิพฺพิทาวิราคคิปนฺนสฺส
15	1	1	nibbānasukhappaṭilābhāya	นิพฺพานสุขปฺปฏิลาภาย
15	1	1	nimittānupaṭṭhānakusalo	นิมิตฺตานุปฏฺฐานกุสโล
15	1	1	nocittasamuṭṭhānādhipati	โนจิตฺตสมุฏฺฐานาธิปติ
15	1	1	nonīvaraṇacittasamaṅgissa	โนนีวรณจิตฺตสมงฺคิสฺส
15	1	1	noāsavacittasamaṅgissa	โนอาสวจิตฺตสมงฺคิสฺส
15	1	1	nānattasaññādhikaraṇañca	นานตฺตสญฺญาธิกรณญฺจ
15	1	1	nāttaparitāpanānuyoga	นาตฺตปริตาปนานุโยค
15	1	1	opammanidassanamattanti	โอปมฺมนิทสฺสนมตฺตนฺติ
15	1	1	paccantajanapadāmanussā	ปจฺจนฺตชนปทามนุสฺสา
15	1	1	parikkhārānuppadānena	ปริกฺขารานุปฺปทาเนน
15	1	1	paripuṇṇapattacīvaradharoti	ปริปุณฺณปตฺตจีวรธโรติ
15	1	1	parāmāsasampayuttotipi	ปรามาสสมฺปยุตฺโตติปิ
15	1	1	parāmāsavippayuttotipi	ปรามาสวิปฺปยุตฺโตติปิ
15	1	1	parānudayatāpaṭisaṃyutto	ปรานุทยตาปฏิสํยุตฺโต
15	1	1	passaddhisambojjhaṅgoti	ปสฺสทฺธิสมฺโพชฺฌงฺโคติ
15	1	1	pañcamanayabhūmiparicchedo	ปญฺจมนยภูมิปริจฺเฉโท
15	1	1	pañcasupādānakkhandhesu	ปญฺจสุปาทานกฺขนฺเธสุ
15	1	1	pañcāhappaṭicchannāyo	ปญฺจาหปฺปฏิจฺฉนฺนาโย
15	1	1	paṭhamajjhānapariyogāhaṇaṃ	ปฐมชฺฌานปริโยคาหณํ
15	1	1	paṭhamārambhavākyeyeva	ปฐมารมฺภวาเกฺยเยว
15	1	1	pettivisayasaṃvattanikoti	เปตฺติวิสยสํวตฺตนิโกติ
15	1	1	pucchāvisajjanāvasāne	ปุจฺฉาวิสชฺชนาวสาเน
15	1	1	pātimokkhasaṃvarasaṃvutto	ปาติโมกฺขสํวรสํวุตฺโต
15	1	1	rūpadhāturāgavinibaddhañca	รูปธาตุราควินิพทฺธญฺจ
15	1	1	rūpakkhandhapariyāpannāti	รูปกฺขนฺธปริยาปนฺนาติ
15	1	1	sabyohārānukampitassa	สโพฺยหารานุกมฺปิตสฺส
15	1	1	sacccikaṭṭhaparamatthenā	สจฺจฺจิกฏฺฐปรมตฺเถนา
15	1	1	saddhivihārikopānīyena	สทฺธิวิหาริโกปานีเยน
15	1	1	sajjhāyitamanusajjhāyanti	สชฺฌายิตมนุสชฺฌายนฺติ
15	1	1	sakadāmiphalasamāpattiyā	สกทามิผลสมาปตฺติยา
15	1	1	sakalalokamabhitappayanto	สกลโลกมภิตปฺปยนฺโต
15	1	1	sakkāyadiṭṭhippahānena	สกฺกายทิฏฺฐิปฺปหาเนน
15	1	1	sakkāyadiṭṭhippahānāya	สกฺกายทิฏฺฐิปฺปหานาย
15	1	1	sambahulattherāpadeso	สมฺพหุลตฺเถราปเทโส
15	1	1	sammukhāvinayapatirupakena	สมฺมุขาวินยปติรุปเกน
15	1	1	samparāyikānaṃāsavānaṃ	สมฺปรายิกานํอาสวานํ
15	1	1	samuddapabbatagirisikhareti	สมุทฺทปพฺพตคิริสิขเรติ
15	1	1	samugghātāpeyyāmāti	สมุคฺฆาตาเปยฺยามาติ
15	1	1	santāpajāteītijāte	สนฺตาปชาเตอีติชาเต
15	1	1	sasallolokasannivāso	สสลฺโลโลกสนฺนิวาโส
15	1	1	satisambojjhaṅgaratanāva	สติสมฺโพชฺฌงฺครตนาว
15	1	1	sattamanayabhūmiparicchedo	สตฺตมนยภูมิปริจฺเฉโท
15	1	1	satthakanisānaparibhogena	สตฺถกนิสานปริโภเคน
15	1	1	sattāhappaṭicchannāyo	สตฺตาหปฺปฏิจฺฉนฺนาโย
15	1	1	saññāvipallāsappahānaṃ	สญฺญาวิปลฺลาสปฺปหานํ
15	1	1	saḷāyātananirodhagāminiṃ	สฬายาตนนิโรธคามินิํ
15	1	1	saṃghādisesāpattipucchā	สํฆาทิเสสาปตฺติปุจฺฉา
15	1	1	saṃghāṭikhuramuṇḍabhikkhabhojī	สํฆาฏิขุรมุณฺฑภิกฺขโภชี
15	1	1	saṅkhārandhapariyāpannā	สงฺขารนฺธปริยาปนฺนา
15	1	1	saṅkhārasaṅkhāyavimutto	สงฺขารสงฺขายวิมุตฺโต
15	1	1	senāsanaggāhāpakassa	เสนาสนคฺคาหาปกสฺส
15	1	1	senāsanaggāhāpakānaṃ	เสนาสนคฺคาหาปกานํ
15	1	1	somanassindiyanirodhañca	โสมนสฺสินฺทิยนิโรธญฺจ
15	1	1	sukataphalavipākasesakena	สุกตผลวิปากเสสเกน
15	1	1	sāmaññatthamabhisādhenti	สามญฺญตฺถมภิสาเธนฺติ
15	1	1	tatiyajjhānasamāpattiyā	ตติยชฺฌานสมาปตฺติยา
15	1	1	tenaddhānamaggapaṭipannaṃ	เตนทฺธานมคฺคปฏิปนฺนํ
15	1	1	theranavamajjhimabhikkhūnampi	เถรนวมชฺฌิมภิกฺขูนมฺปิ
15	1	1	thullaccayāpattikkhandho	ถุลฺลจฺจยาปตฺติกฺขนฺโธ
15	1	1	tiracchānagatapariggaheti	ติรจฺฉานคตปริคฺคเหติ
15	1	1	ubboddhāgehalañchakā	อุพฺโพทฺธาเคหลญฺฉกา
15	1	1	ubhatolohitakūpadhānanti	อุภโตโลหิตกูปธานนฺติ
15	1	1	ucchedasassatappahānā	อุจฺเฉทสสฺสตปฺปหานา
15	1	1	upekkhindriyasamuṭṭhitan	อุเปกฺขินฺทฺริยสมุฏฺฐิตนฺ
15	1	1	upekkhāsampannañceva	อุเปกฺขาสมฺปนฺนญฺเจว
15	1	1	upādinnupādāniyameva	อุปาทินฺนุปาทานิยเมว
15	1	1	uttamaṅgopasobhaṇatāya	อุตฺตมงฺโคปโสภณตาย
15	1	1	vacīsaṅkhāronuppajjatīti	วจีสงฺขาโรนุปฺปชฺชตีติ
15	1	1	vayalakkhaṇupaṭṭhānekattaṃ	วยลกฺขณุปฏฺฐาเนกตฺตํ
15	1	1	vedanāsaṅkhāyavimutto	เวทนาสงฺขายวิมุตฺโต
15	1	1	vedanīyasukhadukkhopagatā	เวทนียสุขทุกฺโขปคตา
15	1	1	vicikiccāpariyuṭṭhānanti	วิจิกิจฺจาปริยุฏฺฐานนฺติ
15	1	1	vimokkhappaṭippassaddhīti	วิโมกฺขปฺปฏิปฺปสฺสทฺธีติ
15	1	1	vimuttiñāṇadassanatthāya	วิมุตฺติญาณทสฺสนตฺถาย
15	1	1	vimuttiñāṇadassanenāti	วิมุตฺติญาณทสฺสเนนาติ
15	1	1	vināassāsapassāsehi	วินาอสฺสาสปสฺสาเสหิ
15	1	1	vipariyāsānadhiṭṭhānañca	วิปริยาสานธิฏฺฐานญฺจ
15	1	1	vipākadhammadhammotikathā	วิปากธมฺมธมฺโมติกถา
15	1	1	viññaṇañcāyatanasaññāya	วิญฺญณญฺจายตนสญฺญาย
15	1	1	vosaggapaṭisambhidaṭṭhena	โวสคฺคปฏิสมฺภิทฏฺเฐน
15	1	1	vīmaṃsiddhipādasampayuttā	วีมํสิทฺธิปาทสมฺปยุตฺตา
15	1	1	vīriyiddhipādasampayuttā	วีริยิทฺธิปาทสมฺปยุตฺตา
15	1	1	vīṇāsaddampiiccādīsupi	วีณาสทฺทมฺปิอิจฺจาทีสุปิ
15	1	1	Ñāṇathavikattheraapadāna	ญาณถวิกตฺเถรอปทาน
15	1	1	Ñāṇaṃanārammaṇantikathā	ญาณํอนารมฺมณนฺติกถา
15	1	1	ñātisālohitānañceva	ญาติสาโลหิตานญฺเจว
15	1	1	Ādimajjhantavissajjanā	อาทิมชฺฌนฺตวิสฺสชฺชนา
15	1	1	Ādīnavānupassanatthāya	อาทีนวานุปสฺสนตฺถาย
15	1	1	Ākāsānañcāyatanūpagaṃ	อากาสานญฺจายตนูปคํ
15	1	1	Ārammaṇapurejātaṃyeva	อารมฺมณปุเรชาตํเยว
15	1	1	Āyatapaṇhitāditilakkhaṇaṃ	อายตปณฺหิตาทิติลกฺขณํ
15	1	1	ādesanāpāṭihāriye	อาเทสนาปาฏิหาริเย
15	1	1	ādimajjhapariyosāneti	อาทิมชฺฌปริโยสาเนติ
15	1	1	ājīvakavatadīpakasuttesu	อาชีวกวตทีปกสุตฺเตสุ
15	1	1	ālokasaññādhipatattā	อาโลกสญฺญาธิปตตฺตา
15	1	1	āruṇṇaruṇṇakāruññaravaṃ	อารุณฺณรุณฺณการุญฺญรวํ
15	1	1	ārāmikasamaṇuddesesu	อารามิกสมณุทฺเทเสสุ
15	1	1	āsavasampayuttakānañca	อาสวสมฺปยุตฺตกานญฺจ
15	1	1	Ṭhitañjaliyattheraapadāna	ฐิตญฺชลิยตฺเถรอปทาน
